date,store_id,state_id,cat_id,weekday,wday,month,year,event_name_1,event_type_1,event_name_2,event_type_2,snap_ca,is_event,is_weekend,units_sold,revenue,average_price,active_items
2011-01-29,CA_1,CA,FOODS,Saturday,1,1,2011,NA,NA,NA,NA,0,0,1,3239,7240.64999999999,2.279398451459198,509
2011-01-29,CA_1,CA,HOBBIES,Saturday,1,1,2011,NA,NA,NA,NA,0,0,1,556,1369.9100000000008,2.707911392405065,118
2011-01-29,CA_1,CA,HOUSEHOLD,Saturday,1,1,2011,NA,NA,NA,NA,0,0,1,542,2322.6000000000004,4.683193277310908,210
2011-01-30,CA_1,CA,FOODS,Sunday,2,1,2011,NA,NA,NA,NA,0,0,1,3137,6705.510000000003,2.2185519125683046,471
2011-01-30,CA_1,CA,HOBBIES,Sunday,2,1,2011,NA,NA,NA,NA,0,0,1,498,907.6400000000004,2.2574074074074097,98
2011-01-30,CA_1,CA,HOUSEHOLD,Sunday,2,1,2011,NA,NA,NA,NA,0,0,1,520,2173.910000000001,4.683694083694066,209
2011-01-31,CA_1,CA,FOODS,Monday,3,1,2011,NA,NA,NA,NA,0,0,0,2008,4584.850000000002,2.424645917907082,419
2011-01-31,CA_1,CA,HOBBIES,Monday,3,1,2011,NA,NA,NA,NA,0,0,0,415,937.6400000000001,2.693333333333336,87
2011-01-31,CA_1,CA,HOUSEHOLD,Monday,3,1,2011,NA,NA,NA,NA,0,0,0,393,1678.890000000003,4.803616666666654,175
2011-02-01,CA_1,CA,FOODS,Tuesday,4,2,2011,NA,NA,NA,NA,1,0,0,2258,4965.460000000001,2.3026418946508778,437
2011-02-01,CA_1,CA,HOBBIES,Tuesday,4,2,2011,NA,NA,NA,NA,1,0,0,392,779.9700000000001,2.662545090180364,87
2011-02-01,CA_1,CA,HOUSEHOLD,Tuesday,4,2,2011,NA,NA,NA,NA,1,0,0,401,1662.3100000000015,4.746408566721571,176
2011-02-02,CA_1,CA,FOODS,Wednesday,5,2,2011,NA,NA,NA,NA,1,0,0,2032,4368.070000000004,2.2989711751662973,405
2011-02-02,CA_1,CA,HOBBIES,Wednesday,5,2,2011,NA,NA,NA,NA,1,0,0,268,673.9300000000004,3.1016052631578974,82
2011-02-02,CA_1,CA,HOUSEHOLD,Wednesday,5,2,2011,NA,NA,NA,NA,1,0,0,330,1524.1200000000024,5.062088724584095,171
2011-02-03,CA_1,CA,FOODS,Thursday,6,2,2011,NA,NA,NA,NA,1,0,0,2407,5247.420000000002,2.300253748558245,434
2011-02-03,CA_1,CA,HOBBIES,Thursday,6,2,2011,NA,NA,NA,NA,1,0,0,467,989.9800000000004,2.608142857142859,101
2011-02-03,CA_1,CA,HOUSEHOLD,Thursday,6,2,2011,NA,NA,NA,NA,1,0,0,402,1708.3300000000033,4.8268438538205825,182
2011-02-04,CA_1,CA,FOODS,Friday,7,2,2011,NA,NA,NA,NA,1,0,0,2693,5820.4500000000035,2.2650539130434773,446
2011-02-04,CA_1,CA,HOBBIES,Friday,7,2,2011,NA,NA,NA,NA,1,0,0,346,920.0700000000006,3.074899328859064,93
2011-02-04,CA_1,CA,HOUSEHOLD,Friday,7,2,2011,NA,NA,NA,NA,1,0,0,411,1806.2400000000036,4.915932773109231,198
2011-02-05,CA_1,CA,FOODS,Saturday,1,2,2011,NA,NA,NA,NA,1,0,1,3962,8551.459999999992,2.220907990314766,495
2011-02-05,CA_1,CA,HOBBIES,Saturday,1,2,2011,NA,NA,NA,NA,1,0,1,769,1696.9000000000005,2.4444069767441854,130
2011-02-05,CA_1,CA,HOUSEHOLD,Saturday,1,2,2011,NA,NA,NA,NA,1,0,1,706,3127.0399999999945,4.780482062780251,242
2011-02-06,CA_1,CA,FOODS,Sunday,2,2,2011,SuperBowl,Sporting,NA,NA,1,1,1,3418,7435.859999999992,2.2526409330741415,480
2011-02-06,CA_1,CA,HOBBIES,Sunday,2,2,2011,SuperBowl,Sporting,NA,NA,1,1,1,432,1064.8700000000006,2.895135135135138,98
2011-02-06,CA_1,CA,HOUSEHOLD,Sunday,2,2,2011,SuperBowl,Sporting,NA,NA,1,1,1,490,2090.7000000000025,4.794662998624463,191
2011-02-07,CA_1,CA,FOODS,Monday,3,2,2011,NA,NA,NA,NA,1,0,0,2446,5535.840000000002,2.3696615268898067,450
2011-02-07,CA_1,CA,HOBBIES,Monday,3,2,2011,NA,NA,NA,NA,1,0,0,384,751.9100000000003,2.6009652509652526,87
2011-02-07,CA_1,CA,HOUSEHOLD,Monday,3,2,2011,NA,NA,NA,NA,1,0,0,327,1416.7900000000025,5.060896785109968,164
2011-02-08,CA_1,CA,FOODS,Tuesday,4,2,2011,NA,NA,NA,NA,1,0,0,2138,5079.65,2.4762652631578925,426
2011-02-08,CA_1,CA,HOBBIES,Tuesday,4,2,2011,NA,NA,NA,NA,1,0,0,496,1019.210000000001,2.494177419354841,97
2011-02-08,CA_1,CA,HOUSEHOLD,Tuesday,4,2,2011,NA,NA,NA,NA,1,0,0,361,1749.7900000000031,5.24578512396692,184
2011-02-09,CA_1,CA,FOODS,Wednesday,5,2,2011,NA,NA,NA,NA,1,0,0,2001,4753.030000000007,2.478932913102208,443
2011-02-09,CA_1,CA,HOBBIES,Wednesday,5,2,2011,NA,NA,NA,NA,1,0,0,399,723.8000000000004,2.4997358490566075,90
2011-02-09,CA_1,CA,HOUSEHOLD,Wednesday,5,2,2011,NA,NA,NA,NA,1,0,0,310,1460.810000000002,5.159509632224153,167
2011-02-10,CA_1,CA,FOODS,Thursday,6,2,2011,NA,NA,NA,NA,1,0,0,2137,5225.060000000002,2.5277390565235853,447
2011-02-10,CA_1,CA,HOBBIES,Thursday,6,2,2011,NA,NA,NA,NA,1,0,0,454,1048.5500000000004,2.726474694589881,102
2011-02-10,CA_1,CA,HOUSEHOLD,Thursday,6,2,2011,NA,NA,NA,NA,1,0,0,337,1486.2100000000023,4.980906040268441,169
2011-02-11,CA_1,CA,FOODS,Friday,7,2,2011,NA,NA,NA,NA,0,0,0,2217,5523.940000000004,2.564133223003723,463
2011-02-11,CA_1,CA,HOBBIES,Friday,7,2,2011,NA,NA,NA,NA,0,0,0,453,1175.4000000000003,2.944450261780108,101
2011-02-11,CA_1,CA,HOUSEHOLD,Friday,7,2,2011,NA,NA,NA,NA,0,0,0,408,1889.890000000003,5.107551020408145,199
2011-02-12,CA_1,CA,FOODS,Saturday,1,2,2011,NA,NA,NA,NA,0,0,1,3067,7401.069999999992,2.462991664093851,503
2011-02-12,CA_1,CA,HOBBIES,Saturday,1,2,2011,NA,NA,NA,NA,0,0,1,692,1502.8400000000004,2.4598138957816396,123
2011-02-12,CA_1,CA,HOUSEHOLD,Saturday,1,2,2011,NA,NA,NA,NA,0,0,1,557,2612.6899999999996,5.06386683738794,227
2011-02-13,CA_1,CA,FOODS,Sunday,2,2,2011,NA,NA,NA,NA,0,0,1,3313,7835.779999999997,2.41503290414878,493
2011-02-13,CA_1,CA,HOBBIES,Sunday,2,2,2011,NA,NA,NA,NA,0,0,1,458,1364.6200000000006,3.238839590443688,109
2011-02-13,CA_1,CA,HOUSEHOLD,Sunday,2,2,2011,NA,NA,NA,NA,0,0,1,583,2810.439999999997,5.10271929824559,236
2011-02-14,CA_1,CA,FOODS,Monday,3,2,2011,ValentinesDay,Cultural,NA,NA,0,1,0,2003,4726.100000000004,2.4671708185053367,430
2011-02-14,CA_1,CA,HOBBIES,Monday,3,2,2011,ValentinesDay,Cultural,NA,NA,0,1,0,379,926.5600000000004,3.0439024390243943,83
2011-02-14,CA_1,CA,HOUSEHOLD,Monday,3,2,2011,ValentinesDay,Cultural,NA,NA,0,1,0,375,1704.530000000003,5.13614197530862,178
2011-02-15,CA_1,CA,FOODS,Tuesday,4,2,2011,NA,NA,NA,NA,0,0,0,1779,4151.050000000006,2.482496357455074,395
2011-02-15,CA_1,CA,HOBBIES,Tuesday,4,2,2011,NA,NA,NA,NA,0,0,0,334,741.5400000000005,2.9067721518987373,97
2011-02-15,CA_1,CA,HOUSEHOLD,Tuesday,4,2,2011,NA,NA,NA,NA,0,0,0,317,1483.8400000000024,5.239832495812375,171
2011-02-16,CA_1,CA,FOODS,Wednesday,5,2,2011,NA,NA,NA,NA,0,0,0,1670,3806.1900000000064,2.4746336429308564,407
2011-02-16,CA_1,CA,HOBBIES,Wednesday,5,2,2011,NA,NA,NA,NA,0,0,0,270,708.4400000000004,3.206875000000006,75
2011-02-16,CA_1,CA,HOUSEHOLD,Wednesday,5,2,2011,NA,NA,NA,NA,0,0,0,332,1478.770000000002,5.217173553718988,178
2011-02-17,CA_1,CA,FOODS,Thursday,6,2,2011,NA,NA,NA,NA,0,0,0,1433,3566.880000000007,2.6267439165701076,382
2011-02-17,CA_1,CA,HOBBIES,Thursday,6,2,2011,NA,NA,NA,NA,0,0,0,280,854.3800000000007,3.3743192488262954,91
2011-02-17,CA_1,CA,HOUSEHOLD,Thursday,6,2,2011,NA,NA,NA,NA,0,0,0,296,1377.0600000000027,5.322349914236688,164
2011-02-18,CA_1,CA,FOODS,Friday,7,2,2011,NA,NA,NA,NA,0,0,0,2250,5428.189999999997,2.5056916192026004,467
2011-02-18,CA_1,CA,HOBBIES,Friday,7,2,2011,NA,NA,NA,NA,0,0,0,311,1094.18,3.712278761061952,96
2011-02-18,CA_1,CA,HOUSEHOLD,Friday,7,2,2011,NA,NA,NA,NA,0,0,0,454,2145.0000000000027,5.2165329512893734,207
2011-02-19,CA_1,CA,FOODS,Saturday,1,2,2011,NA,NA,NA,NA,0,0,1,3148,6880.969999999997,2.2678182904961126,487
2011-02-19,CA_1,CA,HOBBIES,Saturday,1,2,2011,NA,NA,NA,NA,0,0,1,793,1452.6000000000001,2.212393442622952,122
2011-02-19,CA_1,CA,HOUSEHOLD,Saturday,1,2,2011,NA,NA,NA,NA,0,0,1,612,2888.3499999999963,5.068790035587172,235
2011-02-20,CA_1,CA,FOODS,Sunday,2,2,2011,NA,NA,NA,NA,0,0,1,2864,6784.71,2.443670143415903,481
2011-02-20,CA_1,CA,HOBBIES,Sunday,2,2,2011,NA,NA,NA,NA,0,0,1,501,1168.9200000000005,2.7197468354430407,113
2011-02-20,CA_1,CA,HOUSEHOLD,Sunday,2,2,2011,NA,NA,NA,NA,0,0,1,601,2686.149999999997,4.932515042117905,236
2011-02-21,CA_1,CA,FOODS,Monday,3,2,2011,PresidentsDay,National,NA,NA,0,1,0,2105,5125.9100000000035,2.5497909556313973,446
2011-02-21,CA_1,CA,HOBBIES,Monday,3,2,2011,PresidentsDay,National,NA,NA,0,1,0,626,1294.8600000000008,2.4929133858267734,108
2011-02-21,CA_1,CA,HOUSEHOLD,Monday,3,2,2011,PresidentsDay,National,NA,NA,0,1,0,533,2426.4899999999993,5.036794871794844,219
2011-02-22,CA_1,CA,FOODS,Tuesday,4,2,2011,NA,NA,NA,NA,0,0,0,1621,3870.540000000007,2.540191489361704,426
2011-02-22,CA_1,CA,HOBBIES,Tuesday,4,2,2011,NA,NA,NA,NA,0,0,0,455,873.6500000000002,2.5486229508196754,89
2011-02-22,CA_1,CA,HOUSEHOLD,Tuesday,4,2,2011,NA,NA,NA,NA,0,0,0,365,1611.1200000000028,5.093419062027208,170
2011-02-23,CA_1,CA,FOODS,Wednesday,5,2,2011,NA,NA,NA,NA,0,0,0,1608,3669.840000000007,2.474449197860965,423
2011-02-23,CA_1,CA,HOBBIES,Wednesday,5,2,2011,NA,NA,NA,NA,0,0,0,418,874.5400000000008,2.7633919156414795,93
2011-02-23,CA_1,CA,HOUSEHOLD,Wednesday,5,2,2011,NA,NA,NA,NA,0,0,0,351,1652.9100000000026,5.269671361502326,178
2011-02-24,CA_1,CA,FOODS,Thursday,6,2,2011,NA,NA,NA,NA,0,0,0,1639,3719.1300000000074,2.4307322175732238,412
2011-02-24,CA_1,CA,HOBBIES,Thursday,6,2,2011,NA,NA,NA,NA,0,0,0,426,751.2000000000005,2.5548571428571463,75
2011-02-24,CA_1,CA,HOUSEHOLD,Thursday,6,2,2011,NA,NA,NA,NA,0,0,0,349,1521.3300000000017,5.100499219968778,174
2011-02-25,CA_1,CA,FOODS,Friday,7,2,2011,NA,NA,NA,NA,0,0,0,1875,4499.410000000001,2.5376492712740943,433
2011-02-25,CA_1,CA,HOBBIES,Friday,7,2,2011,NA,NA,NA,NA,0,0,0,403,1047.5700000000004,3.0519964028777014,91
2011-02-25,CA_1,CA,HOUSEHOLD,Friday,7,2,2011,NA,NA,NA,NA,0,0,0,423,1966.5900000000029,5.204309063892995,216
2011-02-26,CA_1,CA,FOODS,Saturday,1,2,2011,NA,NA,NA,NA,0,0,1,2574,5999.689999999998,2.4344831299353866,485
2011-02-26,CA_1,CA,HOBBIES,Saturday,1,2,2011,NA,NA,NA,NA,0,0,1,613,1361.300000000001,2.5894173441734445,119
2011-02-26,CA_1,CA,HOUSEHOLD,Saturday,1,2,2011,NA,NA,NA,NA,0,0,1,532,2466.5499999999975,5.081470588235267,222
2011-02-27,CA_1,CA,FOODS,Sunday,2,2,2011,NA,NA,NA,NA,0,0,1,2733,6324.069999999997,2.3913421678559246,487
2011-02-27,CA_1,CA,HOBBIES,Sunday,2,2,2011,NA,NA,NA,NA,0,0,1,215,1016.8100000000003,4.500414364640888,97
2011-02-27,CA_1,CA,HOUSEHOLD,Sunday,2,2,2011,NA,NA,NA,NA,0,0,1,600,2606.6799999999976,4.924922341696514,235
2011-02-28,CA_1,CA,FOODS,Monday,3,2,2011,NA,NA,NA,NA,0,0,0,1732,3965.1600000000044,2.456651763537007,416
2011-02-28,CA_1,CA,HOBBIES,Monday,3,2,2011,NA,NA,NA,NA,0,0,0,178,810.7900000000004,4.292705882352946,82
2011-02-28,CA_1,CA,HOUSEHOLD,Monday,3,2,2011,NA,NA,NA,NA,0,0,0,336,1376.8600000000017,5.126332288401233,170
2011-03-01,CA_1,CA,FOODS,Tuesday,4,3,2011,NA,NA,NA,NA,1,0,0,1896,4314.800000000004,2.418423236514521,424
2011-03-01,CA_1,CA,HOBBIES,Tuesday,4,3,2011,NA,NA,NA,NA,1,0,0,230,980.3900000000003,4.167628865979387,86
2011-03-01,CA_1,CA,HOUSEHOLD,Tuesday,4,3,2011,NA,NA,NA,NA,1,0,0,423,1810.2000000000028,5.006514285714262,195
2011-03-02,CA_1,CA,FOODS,Wednesday,5,3,2011,NA,NA,NA,NA,1,0,0,1965,4357.590000000006,2.3819152691968237,396
2011-03-02,CA_1,CA,HOBBIES,Wednesday,5,3,2011,NA,NA,NA,NA,1,0,0,197,586.5700000000003,3.6446216216216247,71
2011-03-02,CA_1,CA,HOUSEHOLD,Wednesday,5,3,2011,NA,NA,NA,NA,1,0,0,397,1735.7800000000027,5.078845029239744,185
2011-03-03,CA_1,CA,FOODS,Thursday,6,3,2011,NA,NA,NA,NA,1,0,0,1984,4489.460000000003,2.4038532920901456,418
2011-03-03,CA_1,CA,HOBBIES,Thursday,6,3,2011,NA,NA,NA,NA,1,0,0,168,832.7000000000006,4.490120120120125,79
2011-03-03,CA_1,CA,HOUSEHOLD,Thursday,6,3,2011,NA,NA,NA,NA,1,0,0,416,1910.8400000000038,5.206459537572231,196
2011-03-04,CA_1,CA,FOODS,Friday,7,3,2011,NA,NA,NA,NA,1,0,0,2369,5626.9999999999945,2.4608435582822015,458
2011-03-04,CA_1,CA,HOBBIES,Friday,7,3,2011,NA,NA,NA,NA,1,0,0,193,817.2700000000008,4.192804532577908,84
2011-03-04,CA_1,CA,HOUSEHOLD,Friday,7,3,2011,NA,NA,NA,NA,1,0,0,416,1859.3300000000033,5.09864825581393,200
2011-03-05,CA_1,CA,FOODS,Saturday,1,3,2011,NA,NA,NA,NA,1,0,1,3223,7029.719999999988,2.2652783445059685,506
2011-03-05,CA_1,CA,HOBBIES,Saturday,1,3,2011,NA,NA,NA,NA,1,0,1,300,1202.8900000000003,3.966503340757241,101
2011-03-05,CA_1,CA,HOUSEHOLD,Saturday,1,3,2011,NA,NA,NA,NA,1,0,1,573,2590.939999999999,4.985637019230747,222
2011-03-06,CA_1,CA,FOODS,Sunday,2,3,2011,NA,NA,NA,NA,1,0,1,3464,7552.909999999996,2.259026717557248,510
2011-03-06,CA_1,CA,HOBBIES,Sunday,2,3,2011,NA,NA,NA,NA,1,0,1,761,1541.62,2.320404949381327,122
2011-03-06,CA_1,CA,HOUSEHOLD,Sunday,2,3,2011,NA,NA,NA,NA,1,0,1,607,2946.9599999999973,5.167302709069478,239
2011-03-07,CA_1,CA,FOODS,Monday,3,3,2011,NA,NA,NA,NA,1,0,0,2262,5272.669999999999,2.430091342335181,458
2011-03-07,CA_1,CA,HOBBIES,Monday,3,3,2011,NA,NA,NA,NA,1,0,0,470,1036.770000000001,2.7147446457990143,113
2011-03-07,CA_1,CA,HOUSEHOLD,Monday,3,3,2011,NA,NA,NA,NA,1,0,0,406,1873.1900000000026,5.197647907647882,194
2011-03-08,CA_1,CA,FOODS,Tuesday,4,3,2011,NA,NA,NA,NA,1,0,0,2165,5064.280000000006,2.456475878986098,433
2011-03-08,CA_1,CA,HOBBIES,Tuesday,4,3,2011,NA,NA,NA,NA,1,0,0,465,960.6600000000005,2.6598055105348486,98
2011-03-08,CA_1,CA,HOUSEHOLD,Tuesday,4,3,2011,NA,NA,NA,NA,1,0,0,367,1599.8700000000026,5.088667642752537,165
2011-03-09,CA_1,CA,FOODS,Wednesday,5,3,2011,LentStart,Religious,NA,NA,1,1,0,2100,4904.110000000005,2.4668755256518056,436
2011-03-09,CA_1,CA,HOBBIES,Wednesday,5,3,2011,LentStart,Religious,NA,NA,1,1,0,357,728.8300000000003,2.782118320610689,83
2011-03-09,CA_1,CA,HOUSEHOLD,Wednesday,5,3,2011,LentStart,Religious,NA,NA,1,1,0,315,1450.0500000000022,5.3055590551180885,161
2011-03-10,CA_1,CA,FOODS,Thursday,6,3,2011,NA,NA,NA,NA,1,0,0,2003,4473.120000000006,2.3856911636045486,431
2011-03-10,CA_1,CA,HOBBIES,Thursday,6,3,2011,NA,NA,NA,NA,1,0,0,329,764.2000000000003,3.0612373225152165,86
2011-03-10,CA_1,CA,HOUSEHOLD,Thursday,6,3,2011,NA,NA,NA,NA,1,0,0,318,1500.7700000000025,5.239096671949268,168
2011-03-11,CA_1,CA,FOODS,Friday,7,3,2011,NA,NA,NA,NA,0,0,0,2480,5757.42,2.426893883566688,480
2011-03-11,CA_1,CA,HOBBIES,Friday,7,3,2011,NA,NA,NA,NA,0,0,0,335,777.9100000000004,3.011770623742456,88
2011-03-11,CA_1,CA,HOUSEHOLD,Friday,7,3,2011,NA,NA,NA,NA,0,0,0,434,2044.9700000000028,5.176321678321654,200
2011-03-12,CA_1,CA,FOODS,Saturday,1,3,2011,NA,NA,NA,NA,0,0,1,2895,6558.239999999994,2.345757575757571,513
2011-03-12,CA_1,CA,HOBBIES,Saturday,1,3,2011,NA,NA,NA,NA,0,0,1,655,1529.9100000000008,2.6906632653061218,127
2011-03-12,CA_1,CA,HOUSEHOLD,Saturday,1,3,2011,NA,NA,NA,NA,0,0,1,564,2697.4899999999984,5.165128518971828,242
2011-03-13,CA_1,CA,FOODS,Sunday,2,3,2011,NA,NA,NA,NA,0,0,1,3081,7012.939999999996,2.361829231236701,510
2011-03-13,CA_1,CA,HOBBIES,Sunday,2,3,2011,NA,NA,NA,NA,0,0,1,411,1393.4,3.586231884057973,115
2011-03-13,CA_1,CA,HOUSEHOLD,Sunday,2,3,2011,NA,NA,NA,NA,0,0,1,602,2581.419999999998,4.851332574031875,219
2011-03-14,CA_1,CA,FOODS,Monday,3,3,2011,NA,NA,NA,NA,0,0,0,2079,4707.060000000004,2.400845369583685,445
2011-03-14,CA_1,CA,HOBBIES,Monday,3,3,2011,NA,NA,NA,NA,0,0,0,356,973.5500000000005,3.221491395793502,89
2011-03-14,CA_1,CA,HOUSEHOLD,Monday,3,3,2011,NA,NA,NA,NA,0,0,0,445,1870.7800000000025,4.949492656875808,191
2011-03-15,CA_1,CA,FOODS,Tuesday,4,3,2011,NA,NA,NA,NA,0,0,0,1656,3912.080000000009,2.511159569009748,427
2011-03-15,CA_1,CA,HOBBIES,Tuesday,4,3,2011,NA,NA,NA,NA,0,0,0,344,719.260000000001,2.92177165354331,92
2011-03-15,CA_1,CA,HOUSEHOLD,Tuesday,4,3,2011,NA,NA,NA,NA,0,0,0,384,1710.6400000000033,5.238316546762566,184
2011-03-16,CA_1,CA,FOODS,Wednesday,5,3,2011,LentWeek2,Religious,NA,NA,0,1,0,1805,4217.630000000007,2.4848017200191097,432
2011-03-16,CA_1,CA,HOBBIES,Wednesday,5,3,2011,LentWeek2,Religious,NA,NA,0,1,0,374,1164.5000000000005,3.4133589251439544,109
2011-03-16,CA_1,CA,HOUSEHOLD,Wednesday,5,3,2011,LentWeek2,Religious,NA,NA,0,1,0,343,1479.4300000000023,5.095388059701476,168
2011-03-17,CA_1,CA,FOODS,Thursday,6,3,2011,StPatricksDay,Cultural,NA,NA,0,1,0,1657,3831.190000000008,2.4816540595057983,394
2011-03-17,CA_1,CA,HOBBIES,Thursday,6,3,2011,StPatricksDay,Cultural,NA,NA,0,1,0,391,1021.3300000000007,3.1466788321167916,99
2011-03-17,CA_1,CA,HOUSEHOLD,Thursday,6,3,2011,StPatricksDay,Cultural,NA,NA,0,1,0,387,1810.820000000003,5.210435413642935,193
2011-03-18,CA_1,CA,FOODS,Friday,7,3,2011,NA,NA,NA,NA,0,0,0,2005,4770.3600000000015,2.5052160628546454,434
2011-03-18,CA_1,CA,HOBBIES,Friday,7,3,2011,NA,NA,NA,NA,0,0,0,303,972.3500000000006,3.5423819742489306,93
2011-03-18,CA_1,CA,HOUSEHOLD,Friday,7,3,2011,NA,NA,NA,NA,0,0,0,436,2053.350000000003,5.187547945205455,201
2011-03-19,CA_1,CA,FOODS,Saturday,1,3,2011,NA,NA,NA,NA,0,0,1,2826,6427.319999999999,2.379186274509799,496
2011-03-19,CA_1,CA,HOBBIES,Saturday,1,3,2011,NA,NA,NA,NA,0,0,1,669,1616.8200000000004,2.7349999999999914,122
2011-03-19,CA_1,CA,HOUSEHOLD,Saturday,1,3,2011,NA,NA,NA,NA,0,0,1,647,3222.129999999994,5.233616071428562,254
2011-03-20,CA_1,CA,FOODS,Sunday,2,3,2011,Purim End,Religious,NA,NA,0,1,1,2795,6502.719999999994,2.4052807881773335,480
2011-03-20,CA_1,CA,HOBBIES,Sunday,2,3,2011,Purim End,Religious,NA,NA,0,1,1,492,1448.3800000000006,3.199905362776027,115
2011-03-20,CA_1,CA,HOUSEHOLD,Sunday,2,3,2011,Purim End,Religious,NA,NA,0,1,1,617,3060.829999999996,5.265950782997757,226
2011-03-21,CA_1,CA,FOODS,Monday,3,3,2011,NA,NA,NA,NA,0,0,0,1935,4533.870000000004,2.4776950672645723,435
2011-03-21,CA_1,CA,HOBBIES,Monday,3,3,2011,NA,NA,NA,NA,0,0,0,354,861.7900000000011,3.0566332665330695,112
2011-03-21,CA_1,CA,HOUSEHOLD,Monday,3,3,2011,NA,NA,NA,NA,0,0,0,346,1606.0800000000027,5.291186186186163,183
2011-03-22,CA_1,CA,FOODS,Tuesday,4,3,2011,NA,NA,NA,NA,0,0,0,1595,3856.340000000005,2.5574081846799577,419
2011-03-22,CA_1,CA,HOBBIES,Tuesday,4,3,2011,NA,NA,NA,NA,0,0,0,518,1018.3100000000006,2.5425294117647073,95
2011-03-22,CA_1,CA,HOUSEHOLD,Tuesday,4,3,2011,NA,NA,NA,NA,0,0,0,345,1734.4200000000023,5.350226244343869,185
2011-03-23,CA_1,CA,FOODS,Wednesday,5,3,2011,NA,NA,NA,NA,0,0,0,1473,3499.3100000000095,2.571905817174521,398
2011-03-23,CA_1,CA,HOBBIES,Wednesday,5,3,2011,NA,NA,NA,NA,0,0,0,298,691.5800000000004,3.1107559395248408,92
2011-03-23,CA_1,CA,HOUSEHOLD,Wednesday,5,3,2011,NA,NA,NA,NA,0,0,0,308,1340.0000000000023,5.256990595611264,173
2011-03-24,CA_1,CA,FOODS,Thursday,6,3,2011,NA,NA,NA,NA,0,0,0,1431,3348.9900000000043,2.5160022650056666,395
2011-03-24,CA_1,CA,HOBBIES,Thursday,6,3,2011,NA,NA,NA,NA,0,0,0,528,1115.1800000000003,2.6069898697539813,94
2011-03-24,CA_1,CA,HOUSEHOLD,Thursday,6,3,2011,NA,NA,NA,NA,0,0,0,322,1536.8500000000022,5.332724458204311,179
2011-03-25,CA_1,CA,FOODS,Friday,7,3,2011,NA,NA,NA,NA,0,0,0,1869,4276.500000000004,2.4278949792722213,428
2011-03-25,CA_1,CA,HOBBIES,Friday,7,3,2011,NA,NA,NA,NA,0,0,0,440,1074.6400000000008,2.945234899328862,101
2011-03-25,CA_1,CA,HOUSEHOLD,Friday,7,3,2011,NA,NA,NA,NA,0,0,0,431,2203.5099999999998,5.413538461538437,219
2011-03-26,CA_1,CA,FOODS,Saturday,1,3,2011,NA,NA,NA,NA,0,0,1,2648,6078.489999999997,2.400294117647053,492
2011-03-26,CA_1,CA,HOBBIES,Saturday,1,3,2011,NA,NA,NA,NA,0,0,1,627,1590.1000000000008,2.8036827956989248,145
2011-03-26,CA_1,CA,HOUSEHOLD,Saturday,1,3,2011,NA,NA,NA,NA,0,0,1,624,2838.9599999999978,4.994164810690411,239
2011-03-27,CA_1,CA,FOODS,Sunday,2,3,2011,NA,NA,NA,NA,0,0,1,2801,6298.609999999996,2.3496278158667905,472
2011-03-27,CA_1,CA,HOBBIES,Sunday,2,3,2011,NA,NA,NA,NA,0,0,1,533,1401.4500000000003,2.930000000000002,116
2011-03-27,CA_1,CA,HOUSEHOLD,Sunday,2,3,2011,NA,NA,NA,NA,0,0,1,665,3145.849999999994,5.110208791208782,268
2011-03-28,CA_1,CA,FOODS,Monday,3,3,2011,NA,NA,NA,NA,0,0,0,1903,4254.850000000003,2.4133078651685382,412
2011-03-28,CA_1,CA,HOBBIES,Monday,3,3,2011,NA,NA,NA,NA,0,0,0,533,1206.2600000000007,2.7160724637681177,105
2011-03-28,CA_1,CA,HOUSEHOLD,Monday,3,3,2011,NA,NA,NA,NA,0,0,0,344,1732.2000000000028,5.413524229074861,176
2011-03-29,CA_1,CA,FOODS,Tuesday,4,3,2011,NA,NA,NA,NA,0,0,0,1471,3424.1300000000056,2.5283881762409397,412
2011-03-29,CA_1,CA,HOBBIES,Tuesday,4,3,2011,NA,NA,NA,NA,0,0,0,333,1094.8700000000008,3.649059304703479,106
2011-03-29,CA_1,CA,HOUSEHOLD,Tuesday,4,3,2011,NA,NA,NA,NA,0,0,0,363,1783.3800000000012,5.301165467625873,181
2011-03-30,CA_1,CA,FOODS,Wednesday,5,3,2011,NA,NA,NA,NA,0,0,0,1612,3619.160000000005,2.448954685890834,404
2011-03-30,CA_1,CA,HOBBIES,Wednesday,5,3,2011,NA,NA,NA,NA,0,0,0,341,763.9599999999999,3.0302495201535535,82
2011-03-30,CA_1,CA,HOUSEHOLD,Wednesday,5,3,2011,NA,NA,NA,NA,0,0,0,294,1297.4100000000017,5.258985959438357,166
2011-03-31,CA_1,CA,FOODS,Thursday,6,3,2011,NA,NA,NA,NA,0,0,0,1849,4236.880000000005,2.4588966480446897,435
2011-03-31,CA_1,CA,HOBBIES,Thursday,6,3,2011,NA,NA,NA,NA,0,0,0,377,887.4900000000005,3.1211475409836087,90
2011-03-31,CA_1,CA,HOUSEHOLD,Thursday,6,3,2011,NA,NA,NA,NA,0,0,0,350,1593.5400000000025,5.213766617429813,186
2011-04-01,CA_1,CA,FOODS,Friday,7,4,2011,NA,NA,NA,NA,1,0,0,2528,5923.219999999997,2.45265546819156,464
2011-04-01,CA_1,CA,HOBBIES,Friday,7,4,2011,NA,NA,NA,NA,1,0,0,462,1302.6700000000008,3.2841262135922347,106
2011-04-01,CA_1,CA,HOUSEHOLD,Friday,7,4,2011,NA,NA,NA,NA,1,0,0,510,2427.149999999998,5.136002538071039,235
2011-04-02,CA_1,CA,FOODS,Saturday,1,4,2011,NA,NA,NA,NA,1,0,1,3013,6897.170000000005,2.382781010719753,496
2011-04-02,CA_1,CA,HOBBIES,Saturday,1,4,2011,NA,NA,NA,NA,1,0,1,565,1549.0800000000002,3.023482014388488,134
2011-04-02,CA_1,CA,HOUSEHOLD,Saturday,1,4,2011,NA,NA,NA,NA,1,0,1,747,3487.6799999999944,4.97911021233569,277
2011-04-03,CA_1,CA,FOODS,Sunday,2,4,2011,NA,NA,NA,NA,1,0,1,3136,7227.049999999992,2.378980740740734,509
2011-04-03,CA_1,CA,HOBBIES,Sunday,2,4,2011,NA,NA,NA,NA,1,0,1,604,1674.35,2.991544715447146,130
2011-04-03,CA_1,CA,HOUSEHOLD,Sunday,2,4,2011,NA,NA,NA,NA,1,0,1,656,3035.849999999994,5.050249187432272,252
2011-04-04,CA_1,CA,FOODS,Monday,3,4,2011,NA,NA,NA,NA,1,0,0,2615,5777.550000000001,2.3240512465373917,475
2011-04-04,CA_1,CA,HOBBIES,Monday,3,4,2011,NA,NA,NA,NA,1,0,0,490,1082.9000000000008,2.754230769230771,104
2011-04-04,CA_1,CA,HOUSEHOLD,Monday,3,4,2011,NA,NA,NA,NA,1,0,0,537,2379.6499999999996,4.9644053398058,232
2011-04-05,CA_1,CA,FOODS,Tuesday,4,4,2011,NA,NA,NA,NA,1,0,0,2047,4895.790000000001,2.5115092748735193,423
2011-04-05,CA_1,CA,HOBBIES,Tuesday,4,4,2011,NA,NA,NA,NA,1,0,0,393,949.4300000000007,3.092714285714287,97
2011-04-05,CA_1,CA,HOUSEHOLD,Tuesday,4,4,2011,NA,NA,NA,NA,1,0,0,344,1593.890000000002,5.254005805515215,174
2011-04-06,CA_1,CA,FOODS,Wednesday,5,4,2011,NA,NA,NA,NA,1,0,0,1897,4515.300000000005,2.5197082953509566,451
2011-04-06,CA_1,CA,HOBBIES,Wednesday,5,4,2011,NA,NA,NA,NA,1,0,0,354,1087.3800000000003,3.4706949806949825,100
2011-04-06,CA_1,CA,HOUSEHOLD,Wednesday,5,4,2011,NA,NA,NA,NA,1,0,0,351,1598.2000000000016,5.174580924855467,178
2011-04-07,CA_1,CA,FOODS,Thursday,6,4,2011,NA,NA,NA,NA,1,0,0,2150,5012.310000000001,2.4708462164361236,440
2011-04-07,CA_1,CA,HOBBIES,Thursday,6,4,2011,NA,NA,NA,NA,1,0,0,439,1297.3900000000006,3.3170033670033687,109
2011-04-07,CA_1,CA,HOUSEHOLD,Thursday,6,4,2011,NA,NA,NA,NA,1,0,0,387,1709.940000000002,5.130369863013673,176
2011-04-08,CA_1,CA,FOODS,Friday,7,4,2011,NA,NA,NA,NA,1,0,0,2342,5469.939999999996,2.4478641509433894,440
2011-04-08,CA_1,CA,HOBBIES,Friday,7,4,2011,NA,NA,NA,NA,1,0,0,504,1568.420000000002,3.3630482115085507,125
2011-04-08,CA_1,CA,HOUSEHOLD,Friday,7,4,2011,NA,NA,NA,NA,1,0,0,448,1960.3800000000033,5.020992063492039,211
2011-04-09,CA_1,CA,FOODS,Saturday,1,4,2011,NA,NA,NA,NA,1,0,1,2825,6929.779999999993,2.5219584280610534,497
2011-04-09,CA_1,CA,HOBBIES,Saturday,1,4,2011,NA,NA,NA,NA,1,0,1,603,1315.430000000001,2.6711686586985417,115
2011-04-09,CA_1,CA,HOUSEHOLD,Saturday,1,4,2011,NA,NA,NA,NA,1,0,1,655,3049.7299999999964,5.0294149512459265,256
2011-04-10,CA_1,CA,FOODS,Sunday,2,4,2011,NA,NA,NA,NA,1,0,1,2978,7141.41999999999,2.482051835853126,488
2011-04-10,CA_1,CA,HOBBIES,Sunday,2,4,2011,NA,NA,NA,NA,1,0,1,569,1431.23,2.807766714082505,131
2011-04-10,CA_1,CA,HOUSEHOLD,Sunday,2,4,2011,NA,NA,NA,NA,1,0,1,647,2891.0099999999966,4.9125408942202755,254
2011-04-11,CA_1,CA,FOODS,Monday,3,4,2011,NA,NA,NA,NA,0,0,0,2007,4699.1200000000035,2.481415584415584,448
2011-04-11,CA_1,CA,HOBBIES,Monday,3,4,2011,NA,NA,NA,NA,0,0,0,552,1366.4800000000005,2.8907801418439734,112
2011-04-11,CA_1,CA,HOUSEHOLD,Monday,3,4,2011,NA,NA,NA,NA,0,0,0,456,2118.7500000000023,5.160184453227905,221
2011-04-12,CA_1,CA,FOODS,Tuesday,4,4,2011,NA,NA,NA,NA,0,0,0,1653,4063.9800000000064,2.6008665338645427,396
2011-04-12,CA_1,CA,HOBBIES,Tuesday,4,4,2011,NA,NA,NA,NA,0,0,0,452,1236.51,3.236980519480522,101
2011-04-12,CA_1,CA,HOUSEHOLD,Tuesday,4,4,2011,NA,NA,NA,NA,0,0,0,407,1834.0600000000038,5.106480218281013,198
2011-04-13,CA_1,CA,FOODS,Wednesday,5,4,2011,NA,NA,NA,NA,0,0,0,1550,3837.5000000000073,2.6154454401686866,404
2011-04-13,CA_1,CA,HOBBIES,Wednesday,5,4,2011,NA,NA,NA,NA,0,0,0,299,792.050000000001,3.437526205450735,87
2011-04-13,CA_1,CA,HOUSEHOLD,Wednesday,5,4,2011,NA,NA,NA,NA,0,0,0,368,1696.4400000000026,5.162205056179749,180
2011-04-14,CA_1,CA,FOODS,Thursday,6,4,2011,NA,NA,NA,NA,0,0,0,1631,3979.0500000000084,2.5789152371342037,400
2011-04-14,CA_1,CA,HOBBIES,Thursday,6,4,2011,NA,NA,NA,NA,0,0,0,514,973.3400000000003,2.512363367799117,102
2011-04-14,CA_1,CA,HOUSEHOLD,Thursday,6,4,2011,NA,NA,NA,NA,0,0,0,375,1745.2600000000027,5.2218130311614495,193
2011-04-15,CA_1,CA,FOODS,Friday,7,4,2011,NA,NA,NA,NA,0,0,0,2141,5121.820000000002,2.5071642394821967,420
2011-04-15,CA_1,CA,HOBBIES,Friday,7,4,2011,NA,NA,NA,NA,0,0,0,277,1196.130000000001,4.2836425339366535,100
2011-04-15,CA_1,CA,HOUSEHOLD,Friday,7,4,2011,NA,NA,NA,NA,0,0,0,449,2085.2100000000028,5.129558232931704,226
2011-04-16,CA_1,CA,FOODS,Saturday,1,4,2011,NA,NA,NA,NA,0,0,1,2465,5964.619999999996,2.4997603485838713,468
2011-04-16,CA_1,CA,HOBBIES,Saturday,1,4,2011,NA,NA,NA,NA,0,0,1,524,1355.6100000000004,2.994264036418818,131
2011-04-16,CA_1,CA,HOUSEHOLD,Saturday,1,4,2011,NA,NA,NA,NA,0,0,1,582,2775.3099999999986,5.149419953596272,251
2011-04-17,CA_1,CA,FOODS,Sunday,2,4,2011,NA,NA,NA,NA,0,0,1,2980,6522.279999999998,2.290082644628095,470
2011-04-17,CA_1,CA,HOBBIES,Sunday,2,4,2011,NA,NA,NA,NA,0,0,1,460,1444.7700000000002,3.448590381426203,123
2011-04-17,CA_1,CA,HOUSEHOLD,Sunday,2,4,2011,NA,NA,NA,NA,0,0,1,644,2954.949999999998,5.016457446808506,235
2011-04-18,CA_1,CA,FOODS,Monday,3,4,2011,NA,NA,NA,NA,0,0,0,1833,4490.430000000004,2.559638051044081,435
2011-04-18,CA_1,CA,HOBBIES,Monday,3,4,2011,NA,NA,NA,NA,0,0,0,417,1024.1000000000004,3.0515075376884435,86
2011-04-18,CA_1,CA,HOUSEHOLD,Monday,3,4,2011,NA,NA,NA,NA,0,0,0,510,2362.2900000000004,5.150889987639036,232
2011-04-19,CA_1,CA,FOODS,Tuesday,4,4,2011,NA,NA,NA,NA,0,0,0,1628,4116.760000000005,2.6565402124430917,408
2011-04-19,CA_1,CA,HOBBIES,Tuesday,4,4,2011,NA,NA,NA,NA,0,0,0,208,821.0300000000004,4.179871794871797,84
2011-04-19,CA_1,CA,HOUSEHOLD,Tuesday,4,4,2011,NA,NA,NA,NA,0,0,0,398,1867.830000000003,5.2422809457579715,210
2011-04-20,CA_1,CA,FOODS,Wednesday,5,4,2011,NA,NA,NA,NA,0,0,0,1520,3852.160000000006,2.673326326852336,374
2011-04-20,CA_1,CA,HOBBIES,Wednesday,5,4,2011,NA,NA,NA,NA,0,0,0,345,1090.1400000000008,3.4950671785028815,90
2011-04-20,CA_1,CA,HOUSEHOLD,Wednesday,5,4,2011,NA,NA,NA,NA,0,0,0,396,1754.240000000003,5.122083333333308,207
2011-04-21,CA_1,CA,FOODS,Thursday,6,4,2011,NA,NA,NA,NA,0,0,0,1759,4457.8800000000065,2.6397514340344164,424
2011-04-21,CA_1,CA,HOBBIES,Thursday,6,4,2011,NA,NA,NA,NA,0,0,0,323,1468.3500000000001,4.419575757575746,94
2011-04-21,CA_1,CA,HOUSEHOLD,Thursday,6,4,2011,NA,NA,NA,NA,0,0,0,405,1738.830000000003,5.057256756756732,196
2011-04-22,CA_1,CA,FOODS,Friday,7,4,2011,NA,NA,NA,NA,0,0,0,2274,5495.779999999998,2.5257159397915774,440
2011-04-22,CA_1,CA,HOBBIES,Friday,7,4,2011,NA,NA,NA,NA,0,0,0,339,1511.1800000000012,4.26489669421488,121
2011-04-22,CA_1,CA,HOUSEHOLD,Friday,7,4,2011,NA,NA,NA,NA,0,0,0,542,2445.0899999999992,5.069975990396139,240
2011-04-23,CA_1,CA,FOODS,Saturday,1,4,2011,NA,NA,NA,NA,0,0,1,2909,7360.319999999997,2.596724030037541,470
2011-04-23,CA_1,CA,HOBBIES,Saturday,1,4,2011,NA,NA,NA,NA,0,0,1,628,1740.330000000001,3.0190813648293857,134
2011-04-23,CA_1,CA,HOUSEHOLD,Saturday,1,4,2011,NA,NA,NA,NA,0,0,1,650,3125.989999999998,5.175813449023853,262
2011-04-24,CA_1,CA,FOODS,Sunday,2,4,2011,OrthodoxEaster,Religious,Easter,Cultural,0,1,1,2051,5075.240000000004,2.591283981597654,417
2011-04-24,CA_1,CA,HOBBIES,Sunday,2,4,2011,OrthodoxEaster,Religious,Easter,Cultural,0,1,1,366,1216.6900000000007,3.6945067698259204,117
2011-04-24,CA_1,CA,HOUSEHOLD,Sunday,2,4,2011,OrthodoxEaster,Religious,Easter,Cultural,0,1,1,529,2654.2999999999965,5.269115566037719,215
2011-04-25,CA_1,CA,FOODS,Monday,3,4,2011,NA,NA,NA,NA,0,0,0,1518,3691.390000000006,2.5890641430073575,373
2011-04-25,CA_1,CA,HOBBIES,Monday,3,4,2011,NA,NA,NA,NA,0,0,0,514,1264.6600000000003,2.968617647058825,102
2011-04-25,CA_1,CA,HOUSEHOLD,Monday,3,4,2011,NA,NA,NA,NA,0,0,0,407,1889.1300000000028,5.241352074966504,194
2011-04-26,CA_1,CA,FOODS,Tuesday,4,4,2011,Pesach End,Religious,NA,NA,0,1,0,1411,3527.110000000006,2.663551454138703,380
2011-04-26,CA_1,CA,HOBBIES,Tuesday,4,4,2011,Pesach End,Religious,NA,NA,0,1,0,332,939.6300000000007,3.4358300395256935,94
2011-04-26,CA_1,CA,HOUSEHOLD,Tuesday,4,4,2011,Pesach End,Religious,NA,NA,0,1,0,342,1691.7100000000028,5.346197387518112,187
2011-04-27,CA_1,CA,FOODS,Wednesday,5,4,2011,NA,NA,NA,NA,0,0,0,1294,3343.150000000006,2.731419278533415,360
2011-04-27,CA_1,CA,HOBBIES,Wednesday,5,4,2011,NA,NA,NA,NA,0,0,0,436,961.0800000000005,2.9171311475409847,94
2011-04-27,CA_1,CA,HOUSEHOLD,Wednesday,5,4,2011,NA,NA,NA,NA,0,0,0,366,1695.8000000000015,5.294426934097394,202
2011-04-28,CA_1,CA,FOODS,Thursday,6,4,2011,NA,NA,NA,NA,0,0,0,1374,3521.780000000006,2.6765944095835734,378
2011-04-28,CA_1,CA,HOBBIES,Thursday,6,4,2011,NA,NA,NA,NA,0,0,0,355,979.5600000000002,3.316641651031897,90
2011-04-28,CA_1,CA,HOUSEHOLD,Thursday,6,4,2011,NA,NA,NA,NA,0,0,0,357,1721.0300000000032,5.321216022889818,192
2011-04-29,CA_1,CA,FOODS,Friday,7,4,2011,NA,NA,NA,NA,0,0,0,1808,4535.250000000002,2.6166944059177024,402
2011-04-29,CA_1,CA,HOBBIES,Friday,7,4,2011,NA,NA,NA,NA,0,0,0,355,1263.52,3.7659491193737784,112
2011-04-29,CA_1,CA,HOUSEHOLD,Friday,7,4,2011,NA,NA,NA,NA,0,0,0,512,2391.6000000000004,5.1841118012422145,241
2011-04-30,CA_1,CA,FOODS,Saturday,1,4,2011,NA,NA,NA,NA,0,0,1,2278,5817.4000000000005,2.6282819722650164,446
2011-04-30,CA_1,CA,HOBBIES,Saturday,1,4,2011,NA,NA,NA,NA,0,0,1,601,1529.4200000000012,2.951973333333327,122
2011-04-30,CA_1,CA,HOUSEHOLD,Saturday,1,4,2011,NA,NA,NA,NA,0,0,1,681,3235.719999999995,5.089288747346063,273
2011-05-01,CA_1,CA,FOODS,Sunday,2,5,2011,NA,NA,NA,NA,1,0,1,2550,6097.97,2.471194395796842,459
2011-05-01,CA_1,CA,HOBBIES,Sunday,2,5,2011,NA,NA,NA,NA,1,0,1,537,1631.1600000000008,3.261268656716411,138
2011-05-01,CA_1,CA,HOUSEHOLD,Sunday,2,5,2011,NA,NA,NA,NA,1,0,1,581,2640.1399999999994,5.033221709006912,249
2011-05-02,CA_1,CA,FOODS,Monday,3,5,2011,NA,NA,NA,NA,1,0,0,1962,5017.8,2.6380695652173847,426
2011-05-02,CA_1,CA,HOBBIES,Monday,3,5,2011,NA,NA,NA,NA,1,0,0,441,998.9400000000004,2.908836065573773,102
2011-05-02,CA_1,CA,HOUSEHOLD,Monday,3,5,2011,NA,NA,NA,NA,1,0,0,508,2191.4700000000003,4.986292682926806,222
2011-05-03,CA_1,CA,FOODS,Tuesday,4,5,2011,NA,NA,NA,NA,1,0,0,2044,4987.100000000005,2.5576598412035083,415
2011-05-03,CA_1,CA,HOBBIES,Tuesday,4,5,2011,NA,NA,NA,NA,1,0,0,356,1160.5900000000006,3.5582950191570903,105
2011-05-03,CA_1,CA,HOUSEHOLD,Tuesday,4,5,2011,NA,NA,NA,NA,1,0,0,439,1918.2300000000034,5.0796456692913114,211
2011-05-04,CA_1,CA,FOODS,Wednesday,5,5,2011,NA,NA,NA,NA,1,0,0,1924,4806.6900000000005,2.615756118881115,400
2011-05-04,CA_1,CA,HOBBIES,Wednesday,5,5,2011,NA,NA,NA,NA,1,0,0,341,991.5300000000008,3.4703710937500016,100
2011-05-04,CA_1,CA,HOUSEHOLD,Wednesday,5,5,2011,NA,NA,NA,NA,1,0,0,345,1588.6300000000015,5.261480406386039,190
2011-05-05,CA_1,CA,FOODS,Thursday,6,5,2011,Cinco De Mayo,Cultural,NA,NA,1,1,0,1648,3943.280000000005,2.5494117647058827,372
2011-05-05,CA_1,CA,HOBBIES,Thursday,6,5,2011,Cinco De Mayo,Cultural,NA,NA,1,1,0,397,1026.9700000000003,3.153232682060393,105
2011-05-05,CA_1,CA,HOUSEHOLD,Thursday,6,5,2011,Cinco De Mayo,Cultural,NA,NA,1,1,0,339,1437.8800000000024,5.151165467625874,178
2011-05-06,CA_1,CA,FOODS,Friday,7,5,2011,NA,NA,NA,NA,1,0,0,2322,5684.350000000004,2.553681214421246,451
2011-05-06,CA_1,CA,HOBBIES,Friday,7,5,2011,NA,NA,NA,NA,1,0,0,377,1256.5600000000006,3.6980483271375486,110
2011-05-06,CA_1,CA,HOUSEHOLD,Friday,7,5,2011,NA,NA,NA,NA,1,0,0,426,1876.7200000000023,5.138573333333309,210
2011-05-07,CA_1,CA,FOODS,Saturday,1,5,2011,NA,NA,NA,NA,1,0,1,2605,6640.03999999999,2.604982853223585,457
2011-05-07,CA_1,CA,HOBBIES,Saturday,1,5,2011,NA,NA,NA,NA,1,0,1,612,1299.4100000000005,2.637171052631581,126
2011-05-07,CA_1,CA,HOUSEHOLD,Saturday,1,5,2011,NA,NA,NA,NA,1,0,1,599,2667.6499999999974,4.942944444444431,238
2011-05-08,CA_1,CA,FOODS,Sunday,2,5,2011,Mother's day,Cultural,NA,NA,1,1,1,2096,5156.979999999999,2.578125765618616,415
2011-05-08,CA_1,CA,HOBBIES,Sunday,2,5,2011,Mother's day,Cultural,NA,NA,1,1,1,426,1444.4900000000005,3.7067632027257162,113
2011-05-08,CA_1,CA,HOUSEHOLD,Sunday,2,5,2011,Mother's day,Cultural,NA,NA,1,1,1,511,2396.1800000000003,5.1411432009626745,219
2011-05-09,CA_1,CA,FOODS,Monday,3,5,2011,NA,NA,NA,NA,1,0,0,2199,5747.429999999999,2.690874166993327,416
2011-05-09,CA_1,CA,HOBBIES,Monday,3,5,2011,NA,NA,NA,NA,1,0,0,400,1077.7300000000007,3.310896309314589,105
2011-05-09,CA_1,CA,HOUSEHOLD,Monday,3,5,2011,NA,NA,NA,NA,1,0,0,470,2206.4600000000014,5.191094527363156,205
2011-05-10,CA_1,CA,FOODS,Tuesday,4,5,2011,NA,NA,NA,NA,1,0,0,2044,4872.740000000002,2.5155592794302444,425
2011-05-10,CA_1,CA,HOBBIES,Tuesday,4,5,2011,NA,NA,NA,NA,1,0,0,580,1281.9100000000005,2.757949400798936,103
2011-05-10,CA_1,CA,HOUSEHOLD,Tuesday,4,5,2011,NA,NA,NA,NA,1,0,0,361,1591.8700000000024,5.138031161473061,194
2011-05-11,CA_1,CA,FOODS,Wednesday,5,5,2011,NA,NA,NA,NA,0,0,0,1797,4615.7000000000035,2.664091751621868,407
2011-05-11,CA_1,CA,HOBBIES,Wednesday,5,5,2011,NA,NA,NA,NA,0,0,0,455,1047.5600000000006,3.017696000000003,104
2011-05-11,CA_1,CA,HOUSEHOLD,Wednesday,5,5,2011,NA,NA,NA,NA,0,0,0,377,1726.3800000000028,5.224916434540362,198
2011-05-12,CA_1,CA,FOODS,Thursday,6,5,2011,NA,NA,NA,NA,0,0,0,1630,3907.3100000000054,2.5516641828117224,385
2011-05-12,CA_1,CA,HOBBIES,Thursday,6,5,2011,NA,NA,NA,NA,0,0,0,287,808.2600000000006,3.629349240780914,100
2011-05-12,CA_1,CA,HOUSEHOLD,Thursday,6,5,2011,NA,NA,NA,NA,0,0,0,360,1649.9100000000026,5.211605113636339,195
2011-05-13,CA_1,CA,FOODS,Friday,7,5,2011,NA,NA,NA,NA,0,0,0,2078,4942.180000000003,2.487840627580508,424
2011-05-13,CA_1,CA,HOBBIES,Friday,7,5,2011,NA,NA,NA,NA,0,0,0,422,1360.5900000000004,3.5531164383561653,112
2011-05-13,CA_1,CA,HOUSEHOLD,Friday,7,5,2011,NA,NA,NA,NA,0,0,0,508,2330.4000000000024,5.110453431372527,231
2011-05-14,CA_1,CA,FOODS,Saturday,1,5,2011,NA,NA,NA,NA,0,0,1,2608,6425.419999999997,2.548823732321482,479
2011-05-14,CA_1,CA,HOBBIES,Saturday,1,5,2011,NA,NA,NA,NA,0,0,1,529,1704.7500000000011,3.4684880239520792,135
2011-05-14,CA_1,CA,HOUSEHOLD,Saturday,1,5,2011,NA,NA,NA,NA,0,0,1,617,2935.8799999999937,5.13495081967212,244
2011-05-15,CA_1,CA,FOODS,Sunday,2,5,2011,NA,NA,NA,NA,0,0,1,2704,6822.489999999998,2.5710719041278223,470
2011-05-15,CA_1,CA,HOBBIES,Sunday,2,5,2011,NA,NA,NA,NA,0,0,1,452,1513.1000000000001,3.6952587646076664,127
2011-05-15,CA_1,CA,HOUSEHOLD,Sunday,2,5,2011,NA,NA,NA,NA,0,0,1,666,2996.399999999998,4.949512953367867,243
2011-05-16,CA_1,CA,FOODS,Monday,3,5,2011,NA,NA,NA,NA,0,0,0,1651,4231.360000000008,2.6802121361618103,394
2011-05-16,CA_1,CA,HOBBIES,Monday,3,5,2011,NA,NA,NA,NA,0,0,0,517,1217.6600000000003,2.8681540697674435,103
2011-05-16,CA_1,CA,HOUSEHOLD,Monday,3,5,2011,NA,NA,NA,NA,0,0,0,414,1927.9000000000028,5.264543046357582,201
2011-05-17,CA_1,CA,FOODS,Tuesday,4,5,2011,NA,NA,NA,NA,0,0,0,1550,3881.5300000000025,2.6296646026831763,382
2011-05-17,CA_1,CA,HOBBIES,Tuesday,4,5,2011,NA,NA,NA,NA,0,0,0,260,922.8800000000002,3.9458904109589046,96
2011-05-17,CA_1,CA,HOUSEHOLD,Tuesday,4,5,2011,NA,NA,NA,NA,0,0,0,334,1606.0500000000036,5.347189728958603,175
2011-05-18,CA_1,CA,FOODS,Wednesday,5,5,2011,NA,NA,NA,NA,0,0,0,1535,3861.380000000006,2.6571995820271668,391
2011-05-18,CA_1,CA,HOBBIES,Wednesday,5,5,2011,NA,NA,NA,NA,0,0,0,317,947.0600000000004,3.6200803212851422,93
2011-05-18,CA_1,CA,HOUSEHOLD,Wednesday,5,5,2011,NA,NA,NA,NA,0,0,0,322,1496.8000000000025,5.309467625899251,169
2011-05-19,CA_1,CA,FOODS,Thursday,6,5,2011,NA,NA,NA,NA,0,0,0,1516,3763.4700000000057,2.6107810026385203,391
2011-05-19,CA_1,CA,HOBBIES,Thursday,6,5,2011,NA,NA,NA,NA,0,0,0,306,1012.9700000000005,3.8933471933471964,99
2011-05-19,CA_1,CA,HOUSEHOLD,Thursday,6,5,2011,NA,NA,NA,NA,0,0,0,346,1506.6600000000017,5.17502109704639,177
2011-05-20,CA_1,CA,FOODS,Friday,7,5,2011,NA,NA,NA,NA,0,0,0,1847,4645.430000000003,2.613232231779079,408
2011-05-20,CA_1,CA,HOBBIES,Friday,7,5,2011,NA,NA,NA,NA,0,0,0,370,990.5800000000005,3.361173184357545,107
2011-05-20,CA_1,CA,HOUSEHOLD,Friday,7,5,2011,NA,NA,NA,NA,0,0,0,447,2076.620000000003,5.274702072538834,217
2011-05-21,CA_1,CA,FOODS,Saturday,1,5,2011,NA,NA,NA,NA,0,0,1,2332,5700.219999999998,2.541081081081074,440
2011-05-21,CA_1,CA,HOBBIES,Saturday,1,5,2011,NA,NA,NA,NA,0,0,1,571,1574.9400000000007,3.0634414668547194,137
2011-05-21,CA_1,CA,HOUSEHOLD,Saturday,1,5,2011,NA,NA,NA,NA,0,0,1,560,2564.919999999997,5.096030267753186,243
2011-05-22,CA_1,CA,FOODS,Sunday,2,5,2011,NA,NA,NA,NA,0,0,1,2525,6214.8499999999995,2.5319957686882866,461
2011-05-22,CA_1,CA,HOBBIES,Sunday,2,5,2011,NA,NA,NA,NA,0,0,1,465,1438.560000000001,3.4223636363636376,135
2011-05-22,CA_1,CA,HOUSEHOLD,Sunday,2,5,2011,NA,NA,NA,NA,0,0,1,607,2621.7699999999995,4.863691796008853,247
2011-05-23,CA_1,CA,FOODS,Monday,3,5,2011,NA,NA,NA,NA,0,0,0,1648,4180.330000000006,2.6507089737233462,403
2011-05-23,CA_1,CA,HOBBIES,Monday,3,5,2011,NA,NA,NA,NA,0,0,0,442,1205.0200000000002,3.2386786296900527,104
2011-05-23,CA_1,CA,HOUSEHOLD,Monday,3,5,2011,NA,NA,NA,NA,0,0,0,371,1716.9000000000026,5.239690140845044,203
2011-05-24,CA_1,CA,FOODS,Tuesday,4,5,2011,NA,NA,NA,NA,0,0,0,1556,3770.9000000000037,2.5703999999999976,378
2011-05-24,CA_1,CA,HOBBIES,Tuesday,4,5,2011,NA,NA,NA,NA,0,0,0,284,797.4100000000004,3.5597385620915065,100
2011-05-24,CA_1,CA,HOUSEHOLD,Tuesday,4,5,2011,NA,NA,NA,NA,0,0,0,320,1398.700000000002,5.216268011527354,168
2011-05-25,CA_1,CA,FOODS,Wednesday,5,5,2011,NA,NA,NA,NA,0,0,0,1512,3717.300000000006,2.594124801692225,393
2011-05-25,CA_1,CA,HOBBIES,Wednesday,5,5,2011,NA,NA,NA,NA,0,0,0,419,970.1900000000007,3.00836177474403,108
2011-05-25,CA_1,CA,HOUSEHOLD,Wednesday,5,5,2011,NA,NA,NA,NA,0,0,0,320,1336.330000000002,5.167020648967527,184
2011-05-26,CA_1,CA,FOODS,Thursday,6,5,2011,NA,NA,NA,NA,0,0,0,1487,3705.400000000006,2.6309887157442207,398
2011-05-26,CA_1,CA,HOBBIES,Thursday,6,5,2011,NA,NA,NA,NA,0,0,0,437,1100.5500000000004,3.172500000000003,104
2011-05-26,CA_1,CA,HOUSEHOLD,Thursday,6,5,2011,NA,NA,NA,NA,0,0,0,372,1671.030000000003,5.226193820224692,202
2011-05-27,CA_1,CA,FOODS,Friday,7,5,2011,NA,NA,NA,NA,0,0,0,1786,4434.260000000006,2.6005802526906865,421
2011-05-27,CA_1,CA,HOBBIES,Friday,7,5,2011,NA,NA,NA,NA,0,0,0,412,1231.0600000000009,3.48242634315425,110
2011-05-27,CA_1,CA,HOUSEHOLD,Friday,7,5,2011,NA,NA,NA,NA,0,0,0,444,1964.0000000000034,5.099246753246729,216
2011-05-28,CA_1,CA,FOODS,Saturday,1,5,2011,NA,NA,NA,NA,0,0,1,2140,5528.980000000005,2.667938311688306,455
2011-05-28,CA_1,CA,HOBBIES,Saturday,1,5,2011,NA,NA,NA,NA,0,0,1,565,1545.0900000000006,3.0763305322128773,128
2011-05-28,CA_1,CA,HOUSEHOLD,Saturday,1,5,2011,NA,NA,NA,NA,0,0,1,509,2315.5499999999993,5.093486924034842,250
2011-05-29,CA_1,CA,FOODS,Sunday,2,5,2011,NA,NA,NA,NA,0,0,1,2270,5808.069999999996,2.632117099651019,470
2011-05-29,CA_1,CA,HOBBIES,Sunday,2,5,2011,NA,NA,NA,NA,0,0,1,381,1190.7500000000002,3.4574635036496377,110
2011-05-29,CA_1,CA,HOUSEHOLD,Sunday,2,5,2011,NA,NA,NA,NA,0,0,1,551,2544.7299999999987,5.16486454652531,246
2011-05-30,CA_1,CA,FOODS,Monday,3,5,2011,MemorialDay,National,NA,NA,0,1,0,2013,5004.370000000002,2.579633936261837,470
2011-05-30,CA_1,CA,HOBBIES,Monday,3,5,2011,MemorialDay,National,NA,NA,0,1,0,339,1142.7900000000004,3.638754940711464,110
2011-05-30,CA_1,CA,HOUSEHOLD,Monday,3,5,2011,MemorialDay,National,NA,NA,0,1,0,532,2551.7800000000025,5.208599033816408,248
2011-05-31,CA_1,CA,FOODS,Tuesday,4,5,2011,NBAFinalsStart,Sporting,NA,NA,0,1,0,1505,3745.7800000000093,2.647469102632992,423
2011-05-31,CA_1,CA,HOBBIES,Tuesday,4,5,2011,NBAFinalsStart,Sporting,NA,NA,0,1,0,260,808.5800000000008,3.6749425287356354,102
2011-05-31,CA_1,CA,HOUSEHOLD,Tuesday,4,5,2011,NBAFinalsStart,Sporting,NA,NA,0,1,0,391,1733.6700000000028,5.19573204419887,211
2011-06-01,CA_1,CA,FOODS,Wednesday,5,6,2011,NA,NA,NA,NA,1,0,0,1701,4420.380000000007,2.704292730844789,444
2011-06-01,CA_1,CA,HOBBIES,Wednesday,5,6,2011,NA,NA,NA,NA,1,0,0,375,1217.3300000000006,3.666672828096121,111
2011-06-01,CA_1,CA,HOUSEHOLD,Wednesday,5,6,2011,NA,NA,NA,NA,1,0,0,453,1978.170000000003,5.10177083333331,229
2011-06-02,CA_1,CA,FOODS,Thursday,6,6,2011,NA,NA,NA,NA,1,0,0,1748,4345.460000000003,2.6242142857142823,427
2011-06-02,CA_1,CA,HOBBIES,Thursday,6,6,2011,NA,NA,NA,NA,1,0,0,444,1150.2100000000003,3.0879220779220806,105
2011-06-02,CA_1,CA,HOUSEHOLD,Thursday,6,6,2011,NA,NA,NA,NA,1,0,0,460,2037.5400000000038,5.128020434227306,221
2011-06-03,CA_1,CA,FOODS,Friday,7,6,2011,NA,NA,NA,NA,1,0,0,2265,5611.429999999999,2.545856310679602,469
2011-06-03,CA_1,CA,HOBBIES,Friday,7,6,2011,NA,NA,NA,NA,1,0,0,417,1517.5500000000004,3.835008605851969,113
2011-06-03,CA_1,CA,HOUSEHOLD,Friday,7,6,2011,NA,NA,NA,NA,1,0,0,518,2247.7000000000003,4.966299504950471,254
2011-06-04,CA_1,CA,FOODS,Saturday,1,6,2011,NA,NA,NA,NA,1,0,1,2842,7070.429999999993,2.5602410800385633,512
2011-06-04,CA_1,CA,HOBBIES,Saturday,1,6,2011,NA,NA,NA,NA,1,0,1,405,1385.3800000000006,3.5948741007194274,126
2011-06-04,CA_1,CA,HOUSEHOLD,Saturday,1,6,2011,NA,NA,NA,NA,1,0,1,695,3336.0399999999945,5.161374606505762,289
2011-06-05,CA_1,CA,FOODS,Sunday,2,6,2011,NA,NA,NA,NA,1,0,1,2832,6885.789999999999,2.5056015399422447,496
2011-06-05,CA_1,CA,HOBBIES,Sunday,2,6,2011,NA,NA,NA,NA,1,0,1,373,1323.7800000000004,3.80599243856333,121
2011-06-05,CA_1,CA,HOUSEHOLD,Sunday,2,6,2011,NA,NA,NA,NA,1,0,1,666,3154.2399999999952,5.11415529905561,260
2011-06-06,CA_1,CA,FOODS,Monday,3,6,2011,NA,NA,NA,NA,1,0,0,2187,5462.630000000002,2.5871985530546544,480
2011-06-06,CA_1,CA,HOBBIES,Monday,3,6,2011,NA,NA,NA,NA,1,0,0,385,1547.85,4.123309608540906,100
2011-06-06,CA_1,CA,HOUSEHOLD,Monday,3,6,2011,NA,NA,NA,NA,1,0,0,484,2206.7100000000037,5.173401015228401,243
2011-06-07,CA_1,CA,FOODS,Tuesday,4,6,2011,NA,NA,NA,NA,1,0,0,1963,4938.560000000008,2.6168985126859097,458
2011-06-07,CA_1,CA,HOBBIES,Tuesday,4,6,2011,NA,NA,NA,NA,1,0,0,369,1159.5100000000004,3.56406654343808,105
2011-06-07,CA_1,CA,HOUSEHOLD,Tuesday,4,6,2011,NA,NA,NA,NA,1,0,0,431,1995.1900000000032,5.212037283621811,227
2011-06-08,CA_1,CA,FOODS,Wednesday,5,6,2011,NA,NA,NA,NA,1,0,0,1809,4626.320000000002,2.653609195402294,415
2011-06-08,CA_1,CA,HOBBIES,Wednesday,5,6,2011,NA,NA,NA,NA,1,0,0,651,1119.3000000000004,2.3399151515151537,103
2011-06-08,CA_1,CA,HOUSEHOLD,Wednesday,5,6,2011,NA,NA,NA,NA,1,0,0,424,1945.3400000000033,5.227444005270068,212
2011-06-09,CA_1,CA,FOODS,Thursday,6,6,2011,NA,NA,NA,NA,1,0,0,2039,4753.8499999999995,2.4498990748528118,442
2011-06-09,CA_1,CA,HOBBIES,Thursday,6,6,2011,NA,NA,NA,NA,1,0,0,368,981.0600000000009,3.236784386617103,107
2011-06-09,CA_1,CA,HOUSEHOLD,Thursday,6,6,2011,NA,NA,NA,NA,1,0,0,380,1802.2200000000023,5.336848739495772,213
2011-06-10,CA_1,CA,FOODS,Friday,7,6,2011,NA,NA,NA,NA,1,0,0,2447,6210.179999999996,2.603307888040704,477
2011-06-10,CA_1,CA,HOBBIES,Friday,7,6,2011,NA,NA,NA,NA,1,0,0,501,1337.1600000000003,3.124398148148151,130
2011-06-10,CA_1,CA,HOUSEHOLD,Friday,7,6,2011,NA,NA,NA,NA,1,0,0,472,2210.410000000001,5.163442622950795,226
2011-06-11,CA_1,CA,FOODS,Saturday,1,6,2011,NA,NA,NA,NA,0,0,1,2435,6154.809999999998,2.60535010940918,475
2011-06-11,CA_1,CA,HOBBIES,Saturday,1,6,2011,NA,NA,NA,NA,0,0,1,593,1612.7100000000005,3.098743169398895,139
2011-06-11,CA_1,CA,HOUSEHOLD,Saturday,1,6,2011,NA,NA,NA,NA,0,0,1,560,2620.3399999999974,5.1464918414918275,250
2011-06-12,CA_1,CA,FOODS,Sunday,2,6,2011,NBAFinalsEnd,Sporting,NA,NA,0,1,1,2586,6662.509999999992,2.6481032078103084,500
2011-06-12,CA_1,CA,HOBBIES,Sunday,2,6,2011,NBAFinalsEnd,Sporting,NA,NA,0,1,1,384,1267.2100000000005,3.6517850637522793,113
2011-06-12,CA_1,CA,HOUSEHOLD,Sunday,2,6,2011,NBAFinalsEnd,Sporting,NA,NA,0,1,1,599,2786.3799999999956,5.120731158605156,258
2011-06-13,CA_1,CA,FOODS,Monday,3,6,2011,NA,NA,NA,NA,0,0,0,2215,5463.750000000001,2.5517021276595657,459
2011-06-13,CA_1,CA,HOBBIES,Monday,3,6,2011,NA,NA,NA,NA,0,0,0,477,1303.3800000000006,3.24384375,115
2011-06-13,CA_1,CA,HOUSEHOLD,Monday,3,6,2011,NA,NA,NA,NA,0,0,0,457,2176.560000000002,5.261375796178316,220
2011-06-14,CA_1,CA,FOODS,Tuesday,4,6,2011,NA,NA,NA,NA,0,0,0,2035,4881.2900000000045,2.515103244837752,444
2011-06-14,CA_1,CA,HOBBIES,Tuesday,4,6,2011,NA,NA,NA,NA,0,0,0,465,1129.5300000000004,3.0664622641509456,107
2011-06-14,CA_1,CA,HOUSEHOLD,Tuesday,4,6,2011,NA,NA,NA,NA,0,0,0,394,1762.0900000000022,5.225492577597813,201
2011-06-15,CA_1,CA,FOODS,Wednesday,5,6,2011,NA,NA,NA,NA,0,0,0,1973,4659.200000000004,2.5023962344886574,418
2011-06-15,CA_1,CA,HOBBIES,Wednesday,5,6,2011,NA,NA,NA,NA,0,0,0,293,959.4100000000004,3.6647872340425556,101
2011-06-15,CA_1,CA,HOUSEHOLD,Wednesday,5,6,2011,NA,NA,NA,NA,0,0,0,413,1820.6200000000035,5.142476572958475,214
2011-06-16,CA_1,CA,FOODS,Thursday,6,6,2011,NA,NA,NA,NA,0,0,0,1743,4309.130000000005,2.618385416666661,413
2011-06-16,CA_1,CA,HOBBIES,Thursday,6,6,2011,NA,NA,NA,NA,0,0,0,376,1235.1100000000006,3.6725182481751864,106
2011-06-16,CA_1,CA,HOUSEHOLD,Thursday,6,6,2011,NA,NA,NA,NA,0,0,0,416,1840.8600000000035,5.1396725784447215,231
2011-06-17,CA_1,CA,FOODS,Friday,7,6,2011,NA,NA,NA,NA,0,0,0,1996,5236.760000000001,2.7009848812094956,463
2011-06-17,CA_1,CA,HOBBIES,Friday,7,6,2011,NA,NA,NA,NA,0,0,0,505,1263.2100000000005,3.0382485029940143,115
2011-06-17,CA_1,CA,HOUSEHOLD,Friday,7,6,2011,NA,NA,NA,NA,0,0,0,470,2218.8300000000027,5.205220207253859,246
2011-06-18,CA_1,CA,FOODS,Saturday,1,6,2011,NA,NA,NA,NA,0,0,1,2539,6188.149999999995,2.509823508648067,488
2011-06-18,CA_1,CA,HOBBIES,Saturday,1,6,2011,NA,NA,NA,NA,0,0,1,731,1592.7,2.6130804077010072,128
2011-06-18,CA_1,CA,HOUSEHOLD,Saturday,1,6,2011,NA,NA,NA,NA,0,0,1,626,2999.0599999999968,5.145138121546949,271
2011-06-19,CA_1,CA,FOODS,Sunday,2,6,2011,Father's day,Cultural,NA,NA,0,1,1,2200,5241.460000000001,2.4862509834775683,440
2011-06-19,CA_1,CA,HOBBIES,Sunday,2,6,2011,Father's day,Cultural,NA,NA,0,1,1,397,1150.920000000001,3.3955080213903783,116
2011-06-19,CA_1,CA,HOUSEHOLD,Sunday,2,6,2011,Father's day,Cultural,NA,NA,0,1,1,512,2354.2599999999998,5.146888068880664,249
2011-06-20,CA_1,CA,FOODS,Monday,3,6,2011,NA,NA,NA,NA,0,0,0,2062,4835.240000000002,2.4746378018318023,442
2011-06-20,CA_1,CA,HOBBIES,Monday,3,6,2011,NA,NA,NA,NA,0,0,0,330,1039.6300000000003,3.593094777562866,93
2011-06-20,CA_1,CA,HOUSEHOLD,Monday,3,6,2011,NA,NA,NA,NA,0,0,0,456,2033.670000000004,5.113492884864139,233
2011-06-21,CA_1,CA,FOODS,Tuesday,4,6,2011,NA,NA,NA,NA,0,0,0,2144,4726.210000000002,2.367109594540341,435
2011-06-21,CA_1,CA,HOBBIES,Tuesday,4,6,2011,NA,NA,NA,NA,0,0,0,366,1243.9600000000007,3.746811320754719,116
2011-06-21,CA_1,CA,HOUSEHOLD,Tuesday,4,6,2011,NA,NA,NA,NA,0,0,0,426,2044.3900000000033,5.290322147650979,231
2011-06-22,CA_1,CA,FOODS,Wednesday,5,6,2011,NA,NA,NA,NA,0,0,0,1735,4150.330000000008,2.5432423371647483,429
2011-06-22,CA_1,CA,HOBBIES,Wednesday,5,6,2011,NA,NA,NA,NA,0,0,0,395,886.5800000000005,3.0027383015597944,98
2011-06-22,CA_1,CA,HOUSEHOLD,Wednesday,5,6,2011,NA,NA,NA,NA,0,0,0,427,1925.6200000000026,5.111605263157867,217
2011-06-23,CA_1,CA,FOODS,Thursday,6,6,2011,NA,NA,NA,NA,0,0,0,1806,4455.200000000009,2.5752338634237564,450
2011-06-23,CA_1,CA,HOBBIES,Thursday,6,6,2011,NA,NA,NA,NA,0,0,0,362,1432.6100000000008,4.155171102661587,116
2011-06-23,CA_1,CA,HOUSEHOLD,Thursday,6,6,2011,NA,NA,NA,NA,0,0,0,456,2126.960000000003,5.186202046035781,224
2011-06-24,CA_1,CA,FOODS,Friday,7,6,2011,NA,NA,NA,NA,0,0,0,2092,5172.150000000003,2.5761118012422273,459
2011-06-24,CA_1,CA,HOBBIES,Friday,7,6,2011,NA,NA,NA,NA,0,0,0,460,1132.2099999999996,3.0821382636655974,118
2011-06-24,CA_1,CA,HOUSEHOLD,Friday,7,6,2011,NA,NA,NA,NA,0,0,0,519,2333.330000000001,5.070646341463387,249
2011-06-25,CA_1,CA,FOODS,Saturday,1,6,2011,NA,NA,NA,NA,0,0,1,2299,5478.300000000001,2.5005215074229077,455
2011-06-25,CA_1,CA,HOBBIES,Saturday,1,6,2011,NA,NA,NA,NA,0,0,1,514,1402.49,3.2144843049327303,126
2011-06-25,CA_1,CA,HOUSEHOLD,Saturday,1,6,2011,NA,NA,NA,NA,0,0,1,541,2450.8300000000004,5.042926540284341,251
2011-06-26,CA_1,CA,FOODS,Sunday,2,6,2011,NA,NA,NA,NA,0,0,1,2491,6003.279999999993,2.5204643743353334,453
2011-06-26,CA_1,CA,HOBBIES,Sunday,2,6,2011,NA,NA,NA,NA,0,0,1,445,1304.4900000000007,3.391589403973513,122
2011-06-26,CA_1,CA,HOUSEHOLD,Sunday,2,6,2011,NA,NA,NA,NA,0,0,1,736,3370.2099999999946,4.913272910372599,297
2011-06-27,CA_1,CA,FOODS,Monday,3,6,2011,NA,NA,NA,NA,0,0,0,1927,4706.510000000001,2.572825131810187,434
2011-06-27,CA_1,CA,HOBBIES,Monday,3,6,2011,NA,NA,NA,NA,0,0,0,533,1320.71,2.958446327683614,106
2011-06-27,CA_1,CA,HOUSEHOLD,Monday,3,6,2011,NA,NA,NA,NA,0,0,0,452,1948.9900000000032,5.054486692015181,217
2011-06-28,CA_1,CA,FOODS,Tuesday,4,6,2011,NA,NA,NA,NA,0,0,0,1473,3640.900000000007,2.6461686232657393,382
2011-06-28,CA_1,CA,HOBBIES,Tuesday,4,6,2011,NA,NA,NA,NA,0,0,0,335,965.2500000000007,3.47296593186373,117
2011-06-28,CA_1,CA,HOUSEHOLD,Tuesday,4,6,2011,NA,NA,NA,NA,0,0,0,392,1737.4800000000032,5.169699042407634,215
2011-06-29,CA_1,CA,FOODS,Wednesday,5,6,2011,NA,NA,NA,NA,0,0,0,1497,3794.5800000000086,2.69202890792291,412
2011-06-29,CA_1,CA,HOBBIES,Wednesday,5,6,2011,NA,NA,NA,NA,0,0,0,298,973.0400000000003,3.7949787234042596,109
2011-06-29,CA_1,CA,HOUSEHOLD,Wednesday,5,6,2011,NA,NA,NA,NA,0,0,0,371,1676.6000000000026,5.199324137931009,200
2011-06-30,CA_1,CA,FOODS,Thursday,6,6,2011,NA,NA,NA,NA,0,0,0,1752,4344.590000000006,2.622132075471696,415
2011-06-30,CA_1,CA,HOBBIES,Thursday,6,6,2011,NA,NA,NA,NA,0,0,0,361,968.9300000000005,3.302399267399271,96
2011-06-30,CA_1,CA,HOUSEHOLD,Thursday,6,6,2011,NA,NA,NA,NA,0,0,0,429,2061.1100000000038,5.272981283422433,235
2011-07-01,CA_1,CA,FOODS,Friday,7,7,2011,NA,NA,NA,NA,1,0,0,2663,6571.019999999999,2.556711499663744,472
2011-07-01,CA_1,CA,HOBBIES,Friday,7,7,2011,NA,NA,NA,NA,1,0,0,427,1565.500000000001,3.87691525423727,118
2011-07-01,CA_1,CA,HOUSEHOLD,Friday,7,7,2011,NA,NA,NA,NA,1,0,0,591,2737.419999999997,5.093733333333319,245
2011-07-02,CA_1,CA,FOODS,Saturday,1,7,2011,NA,NA,NA,NA,1,0,1,3108,7311.329999999996,2.435688288817133,487
2011-07-02,CA_1,CA,HOBBIES,Saturday,1,7,2011,NA,NA,NA,NA,1,0,1,555,1579.3100000000009,3.1436879432624014,132
2011-07-02,CA_1,CA,HOUSEHOLD,Saturday,1,7,2011,NA,NA,NA,NA,1,0,1,613,2998.7499999999964,5.212830188679234,270
2011-07-03,CA_1,CA,FOODS,Sunday,2,7,2011,NA,NA,NA,NA,1,0,1,2942,7031.359999999994,2.475792048929655,458
2011-07-03,CA_1,CA,HOBBIES,Sunday,2,7,2011,NA,NA,NA,NA,1,0,1,370,1210.5000000000007,3.6248628884826353,105
2011-07-03,CA_1,CA,HOUSEHOLD,Sunday,2,7,2011,NA,NA,NA,NA,1,0,1,573,2556.8799999999997,4.947615298087724,242
2011-07-04,CA_1,CA,FOODS,Monday,3,7,2011,IndependenceDay,National,NA,NA,1,1,0,2038,5002.030000000002,2.590948240165624,409
2011-07-04,CA_1,CA,HOBBIES,Monday,3,7,2011,IndependenceDay,National,NA,NA,1,1,0,260,742.8800000000003,3.677302631578951,86
2011-07-04,CA_1,CA,HOUSEHOLD,Monday,3,7,2011,IndependenceDay,National,NA,NA,1,1,0,374,1660.760000000003,5.110215343203206,189
2011-07-05,CA_1,CA,FOODS,Tuesday,4,7,2011,NA,NA,NA,NA,1,0,0,2364,5898.639999999998,2.5852400295420845,442
2011-07-05,CA_1,CA,HOBBIES,Tuesday,4,7,2011,NA,NA,NA,NA,1,0,0,355,1042.2100000000007,3.3892965779467725,111
2011-07-05,CA_1,CA,HOUSEHOLD,Tuesday,4,7,2011,NA,NA,NA,NA,1,0,0,458,2102.8000000000025,5.110571428571401,211
2011-07-06,CA_1,CA,FOODS,Wednesday,5,7,2011,NA,NA,NA,NA,1,0,0,2441,5815.699999999999,2.500673388548782,450
2011-07-06,CA_1,CA,HOBBIES,Wednesday,5,7,2011,NA,NA,NA,NA,1,0,0,615,1233.5500000000004,2.5694169835234493,108
2011-07-06,CA_1,CA,HOUSEHOLD,Wednesday,5,7,2011,NA,NA,NA,NA,1,0,0,486,2076.9100000000035,5.007427184465998,220
2011-07-07,CA_1,CA,FOODS,Thursday,6,7,2011,NA,NA,NA,NA,1,0,0,2403,6112.239999999998,2.6242335766423235,449
2011-07-07,CA_1,CA,HOBBIES,Thursday,6,7,2011,NA,NA,NA,NA,1,0,0,486,1082.5400000000009,2.878696969696972,108
2011-07-07,CA_1,CA,HOUSEHOLD,Thursday,6,7,2011,NA,NA,NA,NA,1,0,0,473,2115.5700000000033,5.063878326996172,242
2011-07-08,CA_1,CA,FOODS,Friday,7,7,2011,NA,NA,NA,NA,1,0,0,2385,6066.589999999998,2.6324011821204176,464
2011-07-08,CA_1,CA,HOBBIES,Friday,7,7,2011,NA,NA,NA,NA,1,0,0,339,1156.3400000000004,3.7746322067594464,118
2011-07-08,CA_1,CA,HOUSEHOLD,Friday,7,7,2011,NA,NA,NA,NA,1,0,0,528,2366.960000000001,5.051295215869293,229
2011-07-09,CA_1,CA,FOODS,Saturday,1,7,2011,NA,NA,NA,NA,1,0,1,2762,7244.929999999989,2.673509174311915,496
2011-07-09,CA_1,CA,HOBBIES,Saturday,1,7,2011,NA,NA,NA,NA,1,0,1,500,1657.6900000000007,3.581069767441843,139
2011-07-09,CA_1,CA,HOUSEHOLD,Saturday,1,7,2011,NA,NA,NA,NA,1,0,1,661,2956.3299999999963,4.965539267015697,265
2011-07-10,CA_1,CA,FOODS,Sunday,2,7,2011,NA,NA,NA,NA,1,0,1,3066,7751.339999999986,2.5858100890207587,482
2011-07-10,CA_1,CA,HOBBIES,Sunday,2,7,2011,NA,NA,NA,NA,1,0,1,429,1360.8400000000004,3.557529411764704,118
2011-07-10,CA_1,CA,HOUSEHOLD,Sunday,2,7,2011,NA,NA,NA,NA,1,0,1,791,3865.389999999994,5.136291821561339,274
2011-07-11,CA_1,CA,FOODS,Monday,3,7,2011,NA,NA,NA,NA,0,0,0,2026,5025.800000000002,2.599409033347394,443
2011-07-11,CA_1,CA,HOBBIES,Monday,3,7,2011,NA,NA,NA,NA,0,0,0,282,951.0000000000007,3.8154201680672295,90
2011-07-11,CA_1,CA,HOUSEHOLD,Monday,3,7,2011,NA,NA,NA,NA,0,0,0,477,2368.0700000000006,5.346646191646172,222
2011-07-12,CA_1,CA,FOODS,Tuesday,4,7,2011,NA,NA,NA,NA,0,0,0,1602,4029.750000000007,2.6711617426139176,391
2011-07-12,CA_1,CA,HOBBIES,Tuesday,4,7,2011,NA,NA,NA,NA,0,0,0,379,761.5000000000007,2.9208510638297907,99
2011-07-12,CA_1,CA,HOUSEHOLD,Tuesday,4,7,2011,NA,NA,NA,NA,0,0,0,399,1843.590000000003,5.2299867197874885,205
2011-07-13,CA_1,CA,FOODS,Wednesday,5,7,2011,NA,NA,NA,NA,0,0,0,1768,4445.530000000003,2.649623080502554,405
2011-07-13,CA_1,CA,HOBBIES,Wednesday,5,7,2011,NA,NA,NA,NA,0,0,0,365,1236.6500000000008,3.728154981549819,107
2011-07-13,CA_1,CA,HOUSEHOLD,Wednesday,5,7,2011,NA,NA,NA,NA,0,0,0,368,1756.210000000003,5.2454672245466964,210
2011-07-14,CA_1,CA,FOODS,Thursday,6,7,2011,NA,NA,NA,NA,0,0,0,1639,4274.710000000006,2.7307110890104354,414
2011-07-14,CA_1,CA,HOBBIES,Thursday,6,7,2011,NA,NA,NA,NA,0,0,0,391,1154.8400000000004,3.4473368606701964,108
2011-07-14,CA_1,CA,HOUSEHOLD,Thursday,6,7,2011,NA,NA,NA,NA,0,0,0,437,2026.0800000000024,5.298191214470256,222
2011-07-15,CA_1,CA,FOODS,Friday,7,7,2011,NA,NA,NA,NA,0,0,0,1973,5096.240000000002,2.6912800687285134,431
2011-07-15,CA_1,CA,HOBBIES,Friday,7,7,2011,NA,NA,NA,NA,0,0,0,418,1112.4400000000012,3.2987068965517277,122
2011-07-15,CA_1,CA,HOUSEHOLD,Friday,7,7,2011,NA,NA,NA,NA,0,0,0,531,2373.280000000001,5.052538190364258,239
2011-07-16,CA_1,CA,FOODS,Saturday,1,7,2011,NA,NA,NA,NA,0,0,1,2541,6463.369999999994,2.6285066294486965,462
2011-07-16,CA_1,CA,HOBBIES,Saturday,1,7,2011,NA,NA,NA,NA,0,0,1,539,1351.7000000000003,2.9931214689265513,117
2011-07-16,CA_1,CA,HOUSEHOLD,Saturday,1,7,2011,NA,NA,NA,NA,0,0,1,608,2890.0699999999956,5.175791805094116,266
2011-07-17,CA_1,CA,FOODS,Sunday,2,7,2011,NA,NA,NA,NA,0,0,1,2445,6421.3299999999945,2.7013774403470596,466
2011-07-17,CA_1,CA,HOBBIES,Sunday,2,7,2011,NA,NA,NA,NA,0,0,1,444,1549.6300000000008,3.7244333333333195,130
2011-07-17,CA_1,CA,HOUSEHOLD,Sunday,2,7,2011,NA,NA,NA,NA,0,0,1,698,3106.2899999999972,4.925930470347637,281
2011-07-18,CA_1,CA,FOODS,Monday,3,7,2011,NA,NA,NA,NA,0,0,0,2015,4890.920000000002,2.559801100296223,439
2011-07-18,CA_1,CA,HOBBIES,Monday,3,7,2011,NA,NA,NA,NA,0,0,0,411,1188.7599999999998,3.3962931034482797,117
2011-07-18,CA_1,CA,HOUSEHOLD,Monday,3,7,2011,NA,NA,NA,NA,0,0,0,510,2194.930000000001,4.960500595947529,232
2011-07-19,CA_1,CA,FOODS,Tuesday,4,7,2011,NA,NA,NA,NA,0,0,0,1665,4365.770000000004,2.732092909535447,407
2011-07-19,CA_1,CA,HOBBIES,Tuesday,4,7,2011,NA,NA,NA,NA,0,0,0,324,873.6600000000007,3.4442043222003953,101
2011-07-19,CA_1,CA,HOUSEHOLD,Tuesday,4,7,2011,NA,NA,NA,NA,0,0,0,384,1690.2500000000032,5.133876177658116,202
2011-07-20,CA_1,CA,FOODS,Wednesday,5,7,2011,NA,NA,NA,NA,0,0,0,1727,4307.410000000006,2.6496944052656244,387
2011-07-20,CA_1,CA,HOBBIES,Wednesday,5,7,2011,NA,NA,NA,NA,0,0,0,337,865.0100000000002,3.275846153846157,103
2011-07-20,CA_1,CA,HOUSEHOLD,Wednesday,5,7,2011,NA,NA,NA,NA,0,0,0,447,1900.4800000000027,5.055245901639316,215
2011-07-21,CA_1,CA,FOODS,Thursday,6,7,2011,NA,NA,NA,NA,0,0,0,1818,4496.610000000002,2.5953888633225906,432
2011-07-21,CA_1,CA,HOBBIES,Thursday,6,7,2011,NA,NA,NA,NA,0,0,0,289,1065.4500000000007,3.929682203389835,103
2011-07-21,CA_1,CA,HOUSEHOLD,Thursday,6,7,2011,NA,NA,NA,NA,0,0,0,478,2109.9000000000033,5.060172413793076,227
2011-07-22,CA_1,CA,FOODS,Friday,7,7,2011,NA,NA,NA,NA,0,0,0,2199,5618.709999999998,2.6567537608867675,460
2011-07-22,CA_1,CA,HOBBIES,Friday,7,7,2011,NA,NA,NA,NA,0,0,0,408,1213.9900000000016,3.4405025996533833,117
2011-07-22,CA_1,CA,HOUSEHOLD,Friday,7,7,2011,NA,NA,NA,NA,0,0,0,462,2131.3300000000027,5.240716112531944,241
2011-07-23,CA_1,CA,FOODS,Saturday,1,7,2011,NA,NA,NA,NA,0,0,1,2526,6201.749999999995,2.5430348960169074,478
2011-07-23,CA_1,CA,HOBBIES,Saturday,1,7,2011,NA,NA,NA,NA,0,0,1,706,1759.130000000001,2.8117578579743765,133
2011-07-23,CA_1,CA,HOUSEHOLD,Saturday,1,7,2011,NA,NA,NA,NA,0,0,1,619,2718.2099999999978,4.940152671755707,267
2011-07-24,CA_1,CA,FOODS,Sunday,2,7,2011,NA,NA,NA,NA,0,0,1,2526,6271.629999999995,2.5632722143864486,479
2011-07-24,CA_1,CA,HOBBIES,Sunday,2,7,2011,NA,NA,NA,NA,0,0,1,586,1341.8500000000013,2.822877792378445,111
2011-07-24,CA_1,CA,HOUSEHOLD,Sunday,2,7,2011,NA,NA,NA,NA,0,0,1,661,2991.189999999996,4.9770680628272155,271
2011-07-25,CA_1,CA,FOODS,Monday,3,7,2011,NA,NA,NA,NA,0,0,0,1867,4758.0599999999995,2.6814445939883274,427
2011-07-25,CA_1,CA,HOBBIES,Monday,3,7,2011,NA,NA,NA,NA,0,0,0,447,1350.8800000000003,3.366535303776685,124
2011-07-25,CA_1,CA,HOUSEHOLD,Monday,3,7,2011,NA,NA,NA,NA,0,0,0,448,2079.9500000000025,5.20928749999997,213
2011-07-26,CA_1,CA,FOODS,Tuesday,4,7,2011,NA,NA,NA,NA,0,0,0,1641,4106.170000000008,2.6383374567045945,409
2011-07-26,CA_1,CA,HOBBIES,Tuesday,4,7,2011,NA,NA,NA,NA,0,0,0,280,837.0000000000002,3.6460542797494813,87
2011-07-26,CA_1,CA,HOUSEHOLD,Tuesday,4,7,2011,NA,NA,NA,NA,0,0,0,401,1836.2900000000031,5.249089709762504,208
2011-07-27,CA_1,CA,FOODS,Wednesday,5,7,2011,NA,NA,NA,NA,0,0,0,1543,3987.1500000000046,2.7133541992696855,415
2011-07-27,CA_1,CA,HOBBIES,Wednesday,5,7,2011,NA,NA,NA,NA,0,0,0,391,1163.4800000000005,3.390453752181505,104
2011-07-27,CA_1,CA,HOUSEHOLD,Wednesday,5,7,2011,NA,NA,NA,NA,0,0,0,403,1783.7800000000032,5.0543619791666385,200
2011-07-28,CA_1,CA,FOODS,Thursday,6,7,2011,NA,NA,NA,NA,0,0,0,1665,4090.780000000007,2.6213166911404726,411
2011-07-28,CA_1,CA,HOBBIES,Thursday,6,7,2011,NA,NA,NA,NA,0,0,0,437,1082.47,3.0585365853658564,108
2011-07-28,CA_1,CA,HOUSEHOLD,Thursday,6,7,2011,NA,NA,NA,NA,0,0,0,416,1951.8900000000035,5.18533596837942,222
2011-07-29,CA_1,CA,FOODS,Friday,7,7,2011,NA,NA,NA,NA,0,0,0,2156,5418.160000000002,2.614306277488995,444
2011-07-29,CA_1,CA,HOBBIES,Friday,7,7,2011,NA,NA,NA,NA,0,0,0,288,1136.8000000000004,4.1918380743982535,117
2011-07-29,CA_1,CA,HOUSEHOLD,Friday,7,7,2011,NA,NA,NA,NA,0,0,0,471,2147.830000000002,5.1409217171716906,244
2011-07-30,CA_1,CA,FOODS,Saturday,1,7,2011,NA,NA,NA,NA,0,0,1,2002,5236.02,2.7274723874256472,448
2011-07-30,CA_1,CA,HOBBIES,Saturday,1,7,2011,NA,NA,NA,NA,0,0,1,373,1187.0500000000009,3.629447513812158,116
2011-07-30,CA_1,CA,HOUSEHOLD,Saturday,1,7,2011,NA,NA,NA,NA,0,0,1,555,2623.079999999999,5.16074116305585,245
2011-07-31,CA_1,CA,FOODS,Sunday,2,7,2011,NA,NA,NA,NA,0,0,1,2353,5927.179999999995,2.6313103192279015,459
2011-07-31,CA_1,CA,HOBBIES,Sunday,2,7,2011,NA,NA,NA,NA,0,0,1,494,1439.5300000000007,3.3091104294478466,128
2011-07-31,CA_1,CA,HOUSEHOLD,Sunday,2,7,2011,NA,NA,NA,NA,0,0,1,646,2735.590000000001,4.843512658227836,265
2011-08-01,CA_1,CA,FOODS,Monday,3,8,2011,Ramadan starts,Religious,NA,NA,1,1,0,1963,4972.840000000003,2.6535986307231387,426
2011-08-01,CA_1,CA,HOBBIES,Monday,3,8,2011,Ramadan starts,Religious,NA,NA,1,1,0,363,1025.3800000000003,3.380181159420293,97
2011-08-01,CA_1,CA,HOUSEHOLD,Monday,3,8,2011,Ramadan starts,Religious,NA,NA,1,1,0,534,2418.7300000000005,5.028275058275035,243
2011-08-02,CA_1,CA,FOODS,Tuesday,4,8,2011,NA,NA,NA,NA,1,0,0,2070,5109.89,2.6061604938271494,440
2011-08-02,CA_1,CA,HOBBIES,Tuesday,4,8,2011,NA,NA,NA,NA,1,0,0,470,1181.4700000000005,3.07808641975309,108
2011-08-02,CA_1,CA,HOUSEHOLD,Tuesday,4,8,2011,NA,NA,NA,NA,1,0,0,478,2073.8900000000035,5.049075425790729,223
2011-08-03,CA_1,CA,FOODS,Wednesday,5,8,2011,NA,NA,NA,NA,1,0,0,1991,5021.789999999997,2.6520730671197845,437
2011-08-03,CA_1,CA,HOBBIES,Wednesday,5,8,2011,NA,NA,NA,NA,1,0,0,440,1383.1599999999999,3.5089371980676245,105
2011-08-03,CA_1,CA,HOUSEHOLD,Wednesday,5,8,2011,NA,NA,NA,NA,1,0,0,488,2064.330000000003,4.947694174757259,231
2011-08-04,CA_1,CA,FOODS,Thursday,6,8,2011,NA,NA,NA,NA,1,0,0,2162,5636.990000000002,2.708874355925475,439
2011-08-04,CA_1,CA,HOBBIES,Thursday,6,8,2011,NA,NA,NA,NA,1,0,0,385,1042.2000000000007,3.2870350877193006,101
2011-08-04,CA_1,CA,HOUSEHOLD,Thursday,6,8,2011,NA,NA,NA,NA,1,0,0,456,2024.730000000004,5.069087452471459,234
2011-08-05,CA_1,CA,FOODS,Friday,7,8,2011,NA,NA,NA,NA,1,0,0,2370,6332.399999999998,2.7566862170087867,442
2011-08-05,CA_1,CA,HOBBIES,Friday,7,8,2011,NA,NA,NA,NA,1,0,0,551,1308.720000000001,2.815326842837276,118
2011-08-05,CA_1,CA,HOUSEHOLD,Friday,7,8,2011,NA,NA,NA,NA,1,0,0,529,2236.4100000000003,4.873349001175062,245
2011-08-06,CA_1,CA,FOODS,Saturday,1,8,2011,NA,NA,NA,NA,1,0,1,2580,6303.769999999997,2.5518559837728074,433
2011-08-06,CA_1,CA,HOBBIES,Saturday,1,8,2011,NA,NA,NA,NA,1,0,1,622,1453.9400000000003,2.7821483375959013,126
2011-08-06,CA_1,CA,HOUSEHOLD,Saturday,1,8,2011,NA,NA,NA,NA,1,0,1,616,2875.7999999999975,5.041639871382624,254
2011-08-07,CA_1,CA,FOODS,Sunday,2,8,2011,NA,NA,NA,NA,1,0,1,2800,7510.479999999981,2.7442957074721663,466
2011-08-07,CA_1,CA,HOBBIES,Sunday,2,8,2011,NA,NA,NA,NA,1,0,1,464,1282.5400000000002,3.2339393939393974,123
2011-08-07,CA_1,CA,HOUSEHOLD,Sunday,2,8,2011,NA,NA,NA,NA,1,0,1,666,2985.259999999996,4.8880853277835445,276
2011-08-08,CA_1,CA,FOODS,Monday,3,8,2011,NA,NA,NA,NA,1,0,0,2394,5839.009999999994,2.5502424900470366,442
2011-08-08,CA_1,CA,HOBBIES,Monday,3,8,2011,NA,NA,NA,NA,1,0,0,335,1052.5600000000009,3.6531189083820697,108
2011-08-08,CA_1,CA,HOUSEHOLD,Monday,3,8,2011,NA,NA,NA,NA,1,0,0,517,2311.5000000000023,5.010748538011676,233
2011-08-09,CA_1,CA,FOODS,Tuesday,4,8,2011,NA,NA,NA,NA,1,0,0,2006,5226.389999999999,2.7217540914813156,434
2011-08-09,CA_1,CA,HOBBIES,Tuesday,4,8,2011,NA,NA,NA,NA,1,0,0,409,1019.7700000000003,3.074642262895179,94
2011-08-09,CA_1,CA,HOUSEHOLD,Tuesday,4,8,2011,NA,NA,NA,NA,1,0,0,447,1788.9800000000034,4.895788819875749,213
2011-08-10,CA_1,CA,FOODS,Wednesday,5,8,2011,NA,NA,NA,NA,1,0,0,1994,5461.15,2.822825811893704,434
2011-08-10,CA_1,CA,HOBBIES,Wednesday,5,8,2011,NA,NA,NA,NA,1,0,0,291,817.4800000000006,3.5620746887966837,95
2011-08-10,CA_1,CA,HOUSEHOLD,Wednesday,5,8,2011,NA,NA,NA,NA,1,0,0,414,1956.6600000000028,5.238846657929202,222
2011-08-11,CA_1,CA,FOODS,Thursday,6,8,2011,NA,NA,NA,NA,0,0,0,1861,5079.980000000001,2.8178584229390577,440
2011-08-11,CA_1,CA,HOBBIES,Thursday,6,8,2011,NA,NA,NA,NA,0,0,0,403,1068.0700000000004,3.22609294320138,108
2011-08-11,CA_1,CA,HOUSEHOLD,Thursday,6,8,2011,NA,NA,NA,NA,0,0,0,464,1931.670000000003,4.964987531172043,233
2011-08-12,CA_1,CA,FOODS,Friday,7,8,2011,NA,NA,NA,NA,0,0,0,2288,5606.819999999996,2.574860587792001,445
2011-08-12,CA_1,CA,HOBBIES,Friday,7,8,2011,NA,NA,NA,NA,0,0,0,455,1170.91,3.144757433489831,102
2011-08-12,CA_1,CA,HOUSEHOLD,Friday,7,8,2011,NA,NA,NA,NA,0,0,0,549,2356.9900000000002,4.945972540045748,246
2011-08-13,CA_1,CA,FOODS,Saturday,1,8,2011,NA,NA,NA,NA,0,0,1,2742,7279.129999999988,2.730347741306455,482
2011-08-13,CA_1,CA,HOBBIES,Saturday,1,8,2011,NA,NA,NA,NA,0,0,1,582,1322.1500000000008,2.755081743869212,134
2011-08-13,CA_1,CA,HOUSEHOLD,Saturday,1,8,2011,NA,NA,NA,NA,0,0,1,753,3298.269999999994,4.851279069767434,295
2011-08-14,CA_1,CA,FOODS,Sunday,2,8,2011,NA,NA,NA,NA,0,0,1,2957,7465.429999999994,2.6061082395864883,485
2011-08-14,CA_1,CA,HOBBIES,Sunday,2,8,2011,NA,NA,NA,NA,0,0,1,494,1270.33,3.0800307692307713,130
2011-08-14,CA_1,CA,HOUSEHOLD,Sunday,2,8,2011,NA,NA,NA,NA,0,0,1,751,3087.3599999999965,4.704914122137396,277
2011-08-15,CA_1,CA,FOODS,Monday,3,8,2011,NA,NA,NA,NA,0,0,0,1938,4949.859999999999,2.6889944610140497,408
2011-08-15,CA_1,CA,HOBBIES,Monday,3,8,2011,NA,NA,NA,NA,0,0,0,384,955.0700000000002,3.090474516695961,101
2011-08-15,CA_1,CA,HOUSEHOLD,Monday,3,8,2011,NA,NA,NA,NA,0,0,0,557,2336.5400000000013,4.88417792792791,243
2011-08-16,CA_1,CA,FOODS,Tuesday,4,8,2011,NA,NA,NA,NA,0,0,0,1884,4661.020000000003,2.6300263504611228,424
2011-08-16,CA_1,CA,HOBBIES,Tuesday,4,8,2011,NA,NA,NA,NA,0,0,0,335,698.6800000000003,3.141158878504676,86
2011-08-16,CA_1,CA,HOUSEHOLD,Tuesday,4,8,2011,NA,NA,NA,NA,0,0,0,499,2059.510000000003,4.884994040524406,234
2011-08-17,CA_1,CA,FOODS,Wednesday,5,8,2011,NA,NA,NA,NA,0,0,0,1833,4578.670000000004,2.6592062780268972,420
2011-08-17,CA_1,CA,HOBBIES,Wednesday,5,8,2011,NA,NA,NA,NA,0,0,0,318,948.3500000000008,3.5003219315895397,107
2011-08-17,CA_1,CA,HOUSEHOLD,Wednesday,5,8,2011,NA,NA,NA,NA,0,0,0,426,1879.2000000000019,5.081132315521603,214
2011-08-18,CA_1,CA,FOODS,Thursday,6,8,2011,NA,NA,NA,NA,0,0,0,1851,4836.68,2.7421198568872875,432
2011-08-18,CA_1,CA,HOBBIES,Thursday,6,8,2011,NA,NA,NA,NA,0,0,0,311,732.0800000000003,3.240688976377956,89
2011-08-18,CA_1,CA,HOUSEHOLD,Thursday,6,8,2011,NA,NA,NA,NA,0,0,0,412,1844.980000000003,5.155927367055745,215
2011-08-19,CA_1,CA,FOODS,Friday,7,8,2011,NA,NA,NA,NA,0,0,0,2079,5092.410000000003,2.6021622718052644,431
2011-08-19,CA_1,CA,HOBBIES,Friday,7,8,2011,NA,NA,NA,NA,0,0,0,469,1045.3100000000006,2.8925000000000027,103
2011-08-19,CA_1,CA,HOUSEHOLD,Friday,7,8,2011,NA,NA,NA,NA,0,0,0,532,2167.4000000000033,4.866315789473663,232
2011-08-20,CA_1,CA,FOODS,Saturday,1,8,2011,NA,NA,NA,NA,0,0,1,2440,6320.729999999994,2.699813486370146,473
2011-08-20,CA_1,CA,HOBBIES,Saturday,1,8,2011,NA,NA,NA,NA,0,0,1,584,1469.7300000000007,2.9408776595744586,119
2011-08-20,CA_1,CA,HOUSEHOLD,Saturday,1,8,2011,NA,NA,NA,NA,0,0,1,678,2939.789999999998,4.884199178644756,280
2011-08-21,CA_1,CA,FOODS,Sunday,2,8,2011,NA,NA,NA,NA,0,0,1,3177,8140.709999999992,2.6369693497565074,507
2011-08-21,CA_1,CA,HOBBIES,Sunday,2,8,2011,NA,NA,NA,NA,0,0,1,444,1330.9200000000003,3.3818451400329517,124
2011-08-21,CA_1,CA,HOUSEHOLD,Sunday,2,8,2011,NA,NA,NA,NA,0,0,1,841,3705.2699999999995,4.816518650088812,291
2011-08-22,CA_1,CA,FOODS,Monday,3,8,2011,NA,NA,NA,NA,0,0,0,1867,4814.990000000001,2.735740167918682,425
2011-08-22,CA_1,CA,HOBBIES,Monday,3,8,2011,NA,NA,NA,NA,0,0,0,378,906.1800000000003,3.123612099644131,103
2011-08-22,CA_1,CA,HOUSEHOLD,Monday,3,8,2011,NA,NA,NA,NA,0,0,0,477,2109.1300000000024,5.086817640047651,214
2011-08-23,CA_1,CA,FOODS,Tuesday,4,8,2011,NA,NA,NA,NA,0,0,0,1537,3942.650000000006,2.74312246963562,382
2011-08-23,CA_1,CA,HOBBIES,Tuesday,4,8,2011,NA,NA,NA,NA,0,0,0,294,907.4600000000004,3.698639175257736,96
2011-08-23,CA_1,CA,HOUSEHOLD,Tuesday,4,8,2011,NA,NA,NA,NA,0,0,0,386,1867.500000000003,5.277110519307563,211
2011-08-24,CA_1,CA,FOODS,Wednesday,5,8,2011,NA,NA,NA,NA,0,0,0,1662,4298.810000000004,2.754429334628454,424
2011-08-24,CA_1,CA,HOBBIES,Wednesday,5,8,2011,NA,NA,NA,NA,0,0,0,381,923.4100000000001,3.1027865961199317,101
2011-08-24,CA_1,CA,HOUSEHOLD,Wednesday,5,8,2011,NA,NA,NA,NA,0,0,0,397,1644.340000000002,5.041801324503285,218
2011-08-25,CA_1,CA,FOODS,Thursday,6,8,2011,NA,NA,NA,NA,0,0,0,1700,4341.790000000007,2.7044940047961568,436
2011-08-25,CA_1,CA,HOBBIES,Thursday,6,8,2011,NA,NA,NA,NA,0,0,0,382,803.4600000000003,2.915810344827589,89
2011-08-25,CA_1,CA,HOUSEHOLD,Thursday,6,8,2011,NA,NA,NA,NA,0,0,0,401,1807.6600000000026,5.179404145077693,205
2011-08-26,CA_1,CA,FOODS,Friday,7,8,2011,NA,NA,NA,NA,0,0,0,1921,5019.379999999996,2.7416317626526925,450
2011-08-26,CA_1,CA,HOBBIES,Friday,7,8,2011,NA,NA,NA,NA,0,0,0,471,1096.6600000000005,2.9590658499234324,105
2011-08-26,CA_1,CA,HOUSEHOLD,Friday,7,8,2011,NA,NA,NA,NA,0,0,0,481,2167.840000000001,5.043390663390636,243
2011-08-27,CA_1,CA,FOODS,Saturday,1,8,2011,NA,NA,NA,NA,0,0,1,2582,6622.189999999999,2.661556393555012,486
2011-08-27,CA_1,CA,HOBBIES,Saturday,1,8,2011,NA,NA,NA,NA,0,0,1,529,1094.6100000000008,2.7215571428571455,123
2011-08-27,CA_1,CA,HOUSEHOLD,Saturday,1,8,2011,NA,NA,NA,NA,0,0,1,658,2954.359999999994,4.979079627714574,267
2011-08-28,CA_1,CA,FOODS,Sunday,2,8,2011,NA,NA,NA,NA,0,0,1,2670,6616.299999999996,2.595998677248669,467
2011-08-28,CA_1,CA,HOBBIES,Sunday,2,8,2011,NA,NA,NA,NA,0,0,1,342,1120.480000000001,3.75224299065421,101
2011-08-28,CA_1,CA,HOUSEHOLD,Sunday,2,8,2011,NA,NA,NA,NA,0,0,1,689,3009.97,4.9355932203389745,262
2011-08-29,CA_1,CA,FOODS,Monday,3,8,2011,NA,NA,NA,NA,0,0,0,1708,4400.020000000004,2.7203715898400698,403
2011-08-29,CA_1,CA,HOBBIES,Monday,3,8,2011,NA,NA,NA,NA,0,0,0,298,799.2700000000008,3.4656581532416535,83
2011-08-29,CA_1,CA,HOUSEHOLD,Monday,3,8,2011,NA,NA,NA,NA,0,0,0,401,1591.020000000003,5.030544747081684,206
2011-08-30,CA_1,CA,FOODS,Tuesday,4,8,2011,NA,NA,NA,NA,0,0,0,1375,3538.9800000000087,2.750460855080507,395
2011-08-30,CA_1,CA,HOBBIES,Tuesday,4,8,2011,NA,NA,NA,NA,0,0,0,373,712.8300000000003,2.8788586030664427,80
2011-08-30,CA_1,CA,HOUSEHOLD,Tuesday,4,8,2011,NA,NA,NA,NA,0,0,0,366,1541.050000000002,5.123452855245656,189
2011-08-31,CA_1,CA,FOODS,Wednesday,5,8,2011,Eid al-Fitr,Religious,NA,NA,0,1,0,1470,3668.1100000000056,2.679195583596211,389
2011-08-31,CA_1,CA,HOBBIES,Wednesday,5,8,2011,Eid al-Fitr,Religious,NA,NA,0,1,0,392,886.3900000000002,3.0448752079866925,85
2011-08-31,CA_1,CA,HOUSEHOLD,Wednesday,5,8,2011,Eid al-Fitr,Religious,NA,NA,0,1,0,429,1838.5300000000022,5.0078266331658,209
2011-09-01,CA_1,CA,FOODS,Thursday,6,9,2011,NA,NA,NA,NA,1,0,0,1846,4694.810000000001,2.691868867082954,425
2011-09-01,CA_1,CA,HOBBIES,Thursday,6,9,2011,NA,NA,NA,NA,1,0,0,368,1067.7700000000007,3.4057350272232343,111
2011-09-01,CA_1,CA,HOUSEHOLD,Thursday,6,9,2011,NA,NA,NA,NA,1,0,0,454,1819.8400000000024,4.939875621890522,226
2011-09-02,CA_1,CA,FOODS,Friday,7,9,2011,NA,NA,NA,NA,1,0,0,2362,5699.640000000001,2.5568525311812076,457
2011-09-02,CA_1,CA,HOBBIES,Friday,7,9,2011,NA,NA,NA,NA,1,0,0,503,1202.4600000000007,2.875567010309281,118
2011-09-02,CA_1,CA,HOUSEHOLD,Friday,7,9,2011,NA,NA,NA,NA,1,0,0,547,2447.7000000000016,5.016426116838471,250
2011-09-03,CA_1,CA,FOODS,Saturday,1,9,2011,NA,NA,NA,NA,1,0,1,2717,6791.559999999996,2.614178419153811,491
2011-09-03,CA_1,CA,HOBBIES,Saturday,1,9,2011,NA,NA,NA,NA,1,0,1,758,1509.9900000000002,2.433059701492527,117
2011-09-03,CA_1,CA,HOUSEHOLD,Saturday,1,9,2011,NA,NA,NA,NA,1,0,1,652,2793.519999999997,4.856332320162098,246
2011-09-04,CA_1,CA,FOODS,Sunday,2,9,2011,NA,NA,NA,NA,1,0,1,2568,6669.879999999993,2.696493150684919,471
2011-09-04,CA_1,CA,HOBBIES,Sunday,2,9,2011,NA,NA,NA,NA,1,0,1,372,1074.4900000000002,3.34864130434783,117
2011-09-04,CA_1,CA,HOUSEHOLD,Sunday,2,9,2011,NA,NA,NA,NA,1,0,1,602,2517.21,4.862230443974614,237
2011-09-05,CA_1,CA,FOODS,Monday,3,9,2011,LaborDay,National,NA,NA,1,1,0,2469,6521.829999999996,2.7374947071277234,458
2011-09-05,CA_1,CA,HOBBIES,Monday,3,9,2011,LaborDay,National,NA,NA,1,1,0,408,1041.9400000000005,3.182170283806347,106
2011-09-05,CA_1,CA,HOUSEHOLD,Monday,3,9,2011,LaborDay,National,NA,NA,1,1,0,608,2417.9599999999996,4.758451882845173,233
2011-09-06,CA_1,CA,FOODS,Tuesday,4,9,2011,NA,NA,NA,NA,1,0,0,2115,5389.279999999997,2.6793669871794727,442
2011-09-06,CA_1,CA,HOBBIES,Tuesday,4,9,2011,NA,NA,NA,NA,1,0,0,553,1036.0200000000004,2.613042895442361,104
2011-09-06,CA_1,CA,HOUSEHOLD,Tuesday,4,9,2011,NA,NA,NA,NA,1,0,0,462,2072.5100000000034,5.1001472392637766,228
2011-09-07,CA_1,CA,FOODS,Wednesday,5,9,2011,NA,NA,NA,NA,1,0,0,1900,5111.219999999999,2.8054537597234104,409
2011-09-07,CA_1,CA,HOBBIES,Wednesday,5,9,2011,NA,NA,NA,NA,1,0,0,381,764.7200000000004,2.9706357388316165,96
2011-09-07,CA_1,CA,HOUSEHOLD,Wednesday,5,9,2011,NA,NA,NA,NA,1,0,0,393,1833.350000000003,5.260223390275925,213
2011-09-08,CA_1,CA,FOODS,Thursday,6,9,2011,NA,NA,NA,NA,1,0,0,1979,5353.1500000000005,2.8001146010186666,446
2011-09-08,CA_1,CA,HOBBIES,Thursday,6,9,2011,NA,NA,NA,NA,1,0,0,398,974.8200000000002,3.0712182741116774,104
2011-09-08,CA_1,CA,HOUSEHOLD,Thursday,6,9,2011,NA,NA,NA,NA,1,0,0,449,1908.090000000003,5.0335794743429005,231
2011-09-09,CA_1,CA,FOODS,Friday,7,9,2011,NA,NA,NA,NA,1,0,0,2297,6100.249999999994,2.746362608367875,467
2011-09-09,CA_1,CA,HOBBIES,Friday,7,9,2011,NA,NA,NA,NA,1,0,0,406,960.4000000000004,3.083708053691278,107
2011-09-09,CA_1,CA,HOUSEHOLD,Friday,7,9,2011,NA,NA,NA,NA,1,0,0,535,2265.6200000000013,4.907590909090886,236
2011-09-10,CA_1,CA,FOODS,Saturday,1,9,2011,NA,NA,NA,NA,1,0,1,2718,7274.899999999992,2.7442384105960183,525
2011-09-10,CA_1,CA,HOBBIES,Saturday,1,9,2011,NA,NA,NA,NA,1,0,1,492,1121.6700000000008,2.924843982169393,116
2011-09-10,CA_1,CA,HOUSEHOLD,Saturday,1,9,2011,NA,NA,NA,NA,1,0,1,663,3012.7899999999945,4.939814624098857,274
2011-09-11,CA_1,CA,FOODS,Sunday,2,9,2011,NA,NA,NA,NA,0,0,1,2876,7822.019999999992,2.783667711598739,513
2011-09-11,CA_1,CA,HOBBIES,Sunday,2,9,2011,NA,NA,NA,NA,0,0,1,442,1259.2000000000005,3.3191027732463323,126
2011-09-11,CA_1,CA,HOUSEHOLD,Sunday,2,9,2011,NA,NA,NA,NA,0,0,1,728,3376.1699999999964,5.044854368932034,280
2011-09-12,CA_1,CA,FOODS,Monday,3,9,2011,NA,NA,NA,NA,0,0,0,1933,5167.809999999997,2.7795517841601276,462
2011-09-12,CA_1,CA,HOBBIES,Monday,3,9,2011,NA,NA,NA,NA,0,0,0,422,1006.9600000000004,3.100955518945637,112
2011-09-12,CA_1,CA,HOUSEHOLD,Monday,3,9,2011,NA,NA,NA,NA,0,0,0,480,2166.9700000000016,5.128798543689298,238
2011-09-13,CA_1,CA,FOODS,Tuesday,4,9,2011,NA,NA,NA,NA,0,0,0,1575,4205.390000000004,2.8239316675165664,441
2011-09-13,CA_1,CA,HOBBIES,Tuesday,4,9,2011,NA,NA,NA,NA,0,0,0,334,702.1000000000004,3.11044362292052,90
2011-09-13,CA_1,CA,HOUSEHOLD,Tuesday,4,9,2011,NA,NA,NA,NA,0,0,0,474,1927.4500000000035,4.900357142857114,216
2011-09-14,CA_1,CA,FOODS,Wednesday,5,9,2011,NA,NA,NA,NA,0,0,0,1482,3855.3900000000094,2.790125326370751,394
2011-09-14,CA_1,CA,HOBBIES,Wednesday,5,9,2011,NA,NA,NA,NA,0,0,0,369,770.0100000000007,3.0353859649122836,96
2011-09-14,CA_1,CA,HOUSEHOLD,Wednesday,5,9,2011,NA,NA,NA,NA,0,0,0,335,1446.330000000003,5.212888583218677,190
2011-09-15,CA_1,CA,FOODS,Thursday,6,9,2011,NA,NA,NA,NA,0,0,0,1628,4491.210000000005,2.868543307086605,423
2011-09-15,CA_1,CA,HOBBIES,Thursday,6,9,2011,NA,NA,NA,NA,0,0,0,336,885.0800000000005,3.3460370370370396,93
2011-09-15,CA_1,CA,HOUSEHOLD,Thursday,6,9,2011,NA,NA,NA,NA,0,0,0,424,1719.7800000000025,4.968887515451146,197
2011-09-16,CA_1,CA,FOODS,Friday,7,9,2011,NA,NA,NA,NA,0,0,0,1975,5305.99,2.7946206600942882,469
2011-09-16,CA_1,CA,HOBBIES,Friday,7,9,2011,NA,NA,NA,NA,0,0,0,329,862.1600000000004,3.300807692307695,106
2011-09-16,CA_1,CA,HOUSEHOLD,Friday,7,9,2011,NA,NA,NA,NA,0,0,0,509,2357.5800000000017,5.163643867924508,243
2011-09-17,CA_1,CA,FOODS,Saturday,1,9,2011,NA,NA,NA,NA,0,0,1,2454,6339.989999999994,2.683228233608014,493
2011-09-17,CA_1,CA,HOBBIES,Saturday,1,9,2011,NA,NA,NA,NA,0,0,1,412,1070.9100000000003,3.2058892617449692,113
2011-09-17,CA_1,CA,HOUSEHOLD,Saturday,1,9,2011,NA,NA,NA,NA,0,0,1,649,2969.9999999999973,5.034953464322638,273
2011-09-18,CA_1,CA,FOODS,Sunday,2,9,2011,NA,NA,NA,NA,0,0,1,2670,7024.789999999993,2.707276964047925,496
2011-09-18,CA_1,CA,HOBBIES,Sunday,2,9,2011,NA,NA,NA,NA,0,0,1,372,1024.7200000000003,3.395681415929207,104
2011-09-18,CA_1,CA,HOUSEHOLD,Sunday,2,9,2011,NA,NA,NA,NA,0,0,1,628,2849.3699999999963,4.995666316894008,266
2011-09-19,CA_1,CA,FOODS,Monday,3,9,2011,NA,NA,NA,NA,0,0,0,1789,4829.820000000004,2.823478860294107,443
2011-09-19,CA_1,CA,HOBBIES,Monday,3,9,2011,NA,NA,NA,NA,0,0,0,340,795.5500000000004,3.246471663619748,90
2011-09-19,CA_1,CA,HOUSEHOLD,Monday,3,9,2011,NA,NA,NA,NA,0,0,0,477,2079.430000000003,5.029534883720911,208
2011-09-20,CA_1,CA,FOODS,Tuesday,4,9,2011,NA,NA,NA,NA,0,0,0,1740,4530.2100000000055,2.766391223155919,428
2011-09-20,CA_1,CA,HOBBIES,Tuesday,4,9,2011,NA,NA,NA,NA,0,0,0,346,857.5400000000001,3.243290909090912,93
2011-09-20,CA_1,CA,HOUSEHOLD,Tuesday,4,9,2011,NA,NA,NA,NA,0,0,0,472,1979.620000000003,5.024316290130771,222
2011-09-21,CA_1,CA,FOODS,Wednesday,5,9,2011,NA,NA,NA,NA,0,0,0,1646,4315.720000000005,2.7953876157971664,425
2011-09-21,CA_1,CA,HOBBIES,Wednesday,5,9,2011,NA,NA,NA,NA,0,0,0,424,745.6300000000001,2.742079365079368,91
2011-09-21,CA_1,CA,HOUSEHOLD,Wednesday,5,9,2011,NA,NA,NA,NA,0,0,0,383,1601.1600000000021,5.075297927461112,202
2011-09-22,CA_1,CA,FOODS,Thursday,6,9,2011,NA,NA,NA,NA,0,0,0,1606,4120.710000000006,2.7319621513944177,428
2011-09-22,CA_1,CA,HOBBIES,Thursday,6,9,2011,NA,NA,NA,NA,0,0,0,386,679.6300000000003,2.792583333333336,83
2011-09-22,CA_1,CA,HOUSEHOLD,Thursday,6,9,2011,NA,NA,NA,NA,0,0,0,374,1630.6300000000024,5.09920614596668,184
2011-09-23,CA_1,CA,FOODS,Friday,7,9,2011,NA,NA,NA,NA,0,0,0,2451,5984.7599999999975,2.579753747323332,479
2011-09-23,CA_1,CA,HOBBIES,Friday,7,9,2011,NA,NA,NA,NA,0,0,0,473,1096.8400000000006,2.9460665658093825,109
2011-09-23,CA_1,CA,HOUSEHOLD,Friday,7,9,2011,NA,NA,NA,NA,0,0,0,551,2436.4799999999996,5.003366778149369,245
2011-09-24,CA_1,CA,FOODS,Saturday,1,9,2011,NA,NA,NA,NA,0,0,1,2872,6958.3099999999895,2.543335415365386,504
2011-09-24,CA_1,CA,HOBBIES,Saturday,1,9,2011,NA,NA,NA,NA,0,0,1,459,1208.8200000000006,3.190796875000001,117
2011-09-24,CA_1,CA,HOUSEHOLD,Saturday,1,9,2011,NA,NA,NA,NA,0,0,1,728,3360.559999999994,5.036789883268479,294
2011-09-25,CA_1,CA,FOODS,Sunday,2,9,2011,NA,NA,NA,NA,0,0,1,2872,7105.739999999994,2.5783676654182197,502
2011-09-25,CA_1,CA,HOBBIES,Sunday,2,9,2011,NA,NA,NA,NA,0,0,1,485,1286.7000000000007,3.1943074581430744,126
2011-09-25,CA_1,CA,HOUSEHOLD,Sunday,2,9,2011,NA,NA,NA,NA,0,0,1,729,3172.689999999994,4.887794676806085,271
2011-09-26,CA_1,CA,FOODS,Monday,3,9,2011,NA,NA,NA,NA,0,0,0,2028,4892.780000000004,2.5694730238393864,471
2011-09-26,CA_1,CA,HOBBIES,Monday,3,9,2011,NA,NA,NA,NA,0,0,0,336,915.7200000000005,3.3990316573556822,97
2011-09-26,CA_1,CA,HOUSEHOLD,Monday,3,9,2011,NA,NA,NA,NA,0,0,0,482,2107.9700000000025,5.0599765533411265,223
2011-09-27,CA_1,CA,FOODS,Tuesday,4,9,2011,NA,NA,NA,NA,0,0,0,1722,4261.100000000004,2.675143394452269,429
2011-09-27,CA_1,CA,HOBBIES,Tuesday,4,9,2011,NA,NA,NA,NA,0,0,0,345,763.7300000000005,3.0991821561338324,105
2011-09-27,CA_1,CA,HOUSEHOLD,Tuesday,4,9,2011,NA,NA,NA,NA,0,0,0,371,1564.050000000002,5.110130208333302,197
2011-09-28,CA_1,CA,FOODS,Wednesday,5,9,2011,NA,NA,NA,NA,0,0,0,1696,3962.9300000000076,2.5932833020637833,398
2011-09-28,CA_1,CA,HOBBIES,Wednesday,5,9,2011,NA,NA,NA,NA,0,0,0,486,821.1800000000007,2.6345241581259176,101
2011-09-28,CA_1,CA,HOUSEHOLD,Wednesday,5,9,2011,NA,NA,NA,NA,0,0,0,399,1733.2500000000025,5.095735849056576,198
2011-09-29,CA_1,CA,FOODS,Thursday,6,9,2011,NA,NA,NA,NA,0,0,0,1587,3705.3000000000065,2.61168644906033,399
2011-09-29,CA_1,CA,HOBBIES,Thursday,6,9,2011,NA,NA,NA,NA,0,0,0,449,933.1400000000002,2.8706542056074786,105
2011-09-29,CA_1,CA,HOUSEHOLD,Thursday,6,9,2011,NA,NA,NA,NA,0,0,0,401,1777.990000000003,5.124416243654795,207
2011-09-30,CA_1,CA,FOODS,Friday,7,9,2011,NA,NA,NA,NA,0,0,0,2512,5828.989999999998,2.47376220362621,478
2011-09-30,CA_1,CA,HOBBIES,Friday,7,9,2011,NA,NA,NA,NA,0,0,0,540,1173.380000000001,2.796307053941911,115
2011-09-30,CA_1,CA,HOUSEHOLD,Friday,7,9,2011,NA,NA,NA,NA,0,0,0,571,2355.4999999999995,4.856987041036702,239
2011-10-01,CA_1,CA,FOODS,Saturday,1,10,2011,NA,NA,NA,NA,1,0,1,3450,8193.879999999983,2.471153538050725,540
2011-10-01,CA_1,CA,HOBBIES,Saturday,1,10,2011,NA,NA,NA,NA,1,0,1,771,1434.7200000000007,2.3284171122994626,134
2011-10-01,CA_1,CA,HOUSEHOLD,Saturday,1,10,2011,NA,NA,NA,NA,1,0,1,816,3637.5799999999963,4.898997314234557,296
2011-10-02,CA_1,CA,FOODS,Sunday,2,10,2011,NA,NA,NA,NA,1,0,1,3361,8547.019999999991,2.623002717391295,516
2011-10-02,CA_1,CA,HOBBIES,Sunday,2,10,2011,NA,NA,NA,NA,1,0,1,507,1249.1500000000012,2.9813782991202373,123
2011-10-02,CA_1,CA,HOUSEHOLD,Sunday,2,10,2011,NA,NA,NA,NA,1,0,1,817,3521.139999999993,4.807884788478851,303
2011-10-03,CA_1,CA,FOODS,Monday,3,10,2011,NA,NA,NA,NA,1,0,0,2361,5855.1199999999935,2.6028063096111382,470
2011-10-03,CA_1,CA,HOBBIES,Monday,3,10,2011,NA,NA,NA,NA,1,0,0,448,1074.0000000000007,3.0963622291021706,100
2011-10-03,CA_1,CA,HOUSEHOLD,Monday,3,10,2011,NA,NA,NA,NA,1,0,0,489,2058.8100000000027,4.964343317972327,218
2011-10-04,CA_1,CA,FOODS,Tuesday,4,10,2011,NA,NA,NA,NA,1,0,0,2214,5468.910000000008,2.6184730769230686,449
2011-10-04,CA_1,CA,HOBBIES,Tuesday,4,10,2011,NA,NA,NA,NA,1,0,0,474,944.4800000000005,2.7859248120300775,107
2011-10-04,CA_1,CA,HOUSEHOLD,Tuesday,4,10,2011,NA,NA,NA,NA,1,0,0,512,2077.840000000004,4.883548752834445,227
2011-10-05,CA_1,CA,FOODS,Wednesday,5,10,2011,NA,NA,NA,NA,1,0,0,2086,5203.910000000002,2.6411864406779544,443
2011-10-05,CA_1,CA,HOBBIES,Wednesday,5,10,2011,NA,NA,NA,NA,1,0,0,334,897.9100000000008,3.4298646034816276,115
2011-10-05,CA_1,CA,HOUSEHOLD,Wednesday,5,10,2011,NA,NA,NA,NA,1,0,0,378,1615.9300000000035,5.124396887159503,204
2011-10-06,CA_1,CA,FOODS,Thursday,6,10,2011,NA,NA,NA,NA,1,0,0,2011,5109.470000000004,2.680433694745608,448
2011-10-06,CA_1,CA,HOBBIES,Thursday,6,10,2011,NA,NA,NA,NA,1,0,0,307,903.7900000000004,3.57843058350101,108
2011-10-06,CA_1,CA,HOUSEHOLD,Thursday,6,10,2011,NA,NA,NA,NA,1,0,0,372,1562.660000000002,5.097011795543877,206
2011-10-07,CA_1,CA,FOODS,Friday,7,10,2011,NA,NA,NA,NA,1,0,0,2631,6317.3199999999915,2.5302421796165375,493
2011-10-07,CA_1,CA,HOBBIES,Friday,7,10,2011,NA,NA,NA,NA,1,0,0,425,873.6100000000005,2.927418831168833,107
2011-10-07,CA_1,CA,HOUSEHOLD,Friday,7,10,2011,NA,NA,NA,NA,1,0,0,485,1914.240000000003,4.853105446118168,219
2011-10-08,CA_1,CA,FOODS,Saturday,1,10,2011,NA,NA,NA,NA,1,0,1,3279,7501.769999999987,2.396945525291818,516
2011-10-08,CA_1,CA,HOBBIES,Saturday,1,10,2011,NA,NA,NA,NA,1,0,1,678,1370.830000000001,2.585660377358485,130
2011-10-08,CA_1,CA,HOUSEHOLD,Saturday,1,10,2011,NA,NA,NA,NA,1,0,1,647,2760.2299999999987,4.868960645812301,257
2011-10-09,CA_1,CA,FOODS,Sunday,2,10,2011,NA,NA,NA,NA,1,0,1,3296,8307.60999999998,2.6167385295743397,513
2011-10-09,CA_1,CA,HOBBIES,Sunday,2,10,2011,NA,NA,NA,NA,1,0,1,408,1278.2000000000007,3.537395833333336,132
2011-10-09,CA_1,CA,HOUSEHOLD,Sunday,2,10,2011,NA,NA,NA,NA,1,0,1,713,3053.879999999994,4.815290753098182,265
2011-10-10,CA_1,CA,FOODS,Monday,3,10,2011,ColumbusDay,National,NA,NA,1,1,0,2726,6807.5499999999975,2.6194518760195677,496
2011-10-10,CA_1,CA,HOBBIES,Monday,3,10,2011,ColumbusDay,National,NA,NA,1,1,0,364,881.4100000000005,3.194602888086646,110
2011-10-10,CA_1,CA,HOUSEHOLD,Monday,3,10,2011,ColumbusDay,National,NA,NA,1,1,0,482,1923.1700000000023,4.919421965317892,218
2011-10-11,CA_1,CA,FOODS,Tuesday,4,10,2011,NA,NA,NA,NA,0,0,0,2059,4729.800000000001,2.492941893539199,433
2011-10-11,CA_1,CA,HOBBIES,Tuesday,4,10,2011,NA,NA,NA,NA,0,0,0,633,883.9700000000001,2.2410394265232996,96
2011-10-11,CA_1,CA,HOUSEHOLD,Tuesday,4,10,2011,NA,NA,NA,NA,0,0,0,418,1710.1600000000033,4.973920099875127,218
2011-10-12,CA_1,CA,FOODS,Wednesday,5,10,2011,NA,NA,NA,NA,0,0,0,1901,4667.820000000001,2.6438157894736727,456
2011-10-12,CA_1,CA,HOBBIES,Wednesday,5,10,2011,NA,NA,NA,NA,0,0,0,337,804.9800000000001,3.3004570383912286,90
2011-10-12,CA_1,CA,HOUSEHOLD,Wednesday,5,10,2011,NA,NA,NA,NA,0,0,0,371,1629.670000000003,5.126558441558412,202
2011-10-13,CA_1,CA,FOODS,Thursday,6,10,2011,NA,NA,NA,NA,0,0,0,1979,4752.2100000000055,2.5932442748091504,456
2011-10-13,CA_1,CA,HOBBIES,Thursday,6,10,2011,NA,NA,NA,NA,0,0,0,482,807.0400000000002,2.618622668579629,85
2011-10-13,CA_1,CA,HOUSEHOLD,Thursday,6,10,2011,NA,NA,NA,NA,0,0,0,398,1732.550000000003,5.1126136363636085,207
2011-10-14,CA_1,CA,FOODS,Friday,7,10,2011,NA,NA,NA,NA,0,0,0,2371,6053.960000000001,2.6763206501662276,499
2011-10-14,CA_1,CA,HOBBIES,Friday,7,10,2011,NA,NA,NA,NA,0,0,0,456,964.6400000000001,2.8959049079754626,104
2011-10-14,CA_1,CA,HOUSEHOLD,Friday,7,10,2011,NA,NA,NA,NA,0,0,0,510,2082.330000000003,4.862471526195875,233
2011-10-15,CA_1,CA,FOODS,Saturday,1,10,2011,NA,NA,NA,NA,0,0,1,2930,7248.219999999994,2.5842769230769145,517
2011-10-15,CA_1,CA,HOBBIES,Saturday,1,10,2011,NA,NA,NA,NA,0,0,1,613,1324.4600000000007,2.7075253807106567,127
2011-10-15,CA_1,CA,HOUSEHOLD,Saturday,1,10,2011,NA,NA,NA,NA,0,0,1,710,2998.8499999999967,4.785880039331358,294
2011-10-16,CA_1,CA,FOODS,Sunday,2,10,2011,NA,NA,NA,NA,0,0,1,2963,7075.70999999999,2.514924058323197,508
2011-10-16,CA_1,CA,HOBBIES,Sunday,2,10,2011,NA,NA,NA,NA,0,0,1,532,1303.9700000000016,3.01755274261603,123
2011-10-16,CA_1,CA,HOUSEHOLD,Sunday,2,10,2011,NA,NA,NA,NA,0,0,1,755,3326.729999999996,4.865578551269988,293
2011-10-17,CA_1,CA,FOODS,Monday,3,10,2011,NA,NA,NA,NA,0,0,0,1944,4813.850000000004,2.6584704868591054,460
2011-10-17,CA_1,CA,HOBBIES,Monday,3,10,2011,NA,NA,NA,NA,0,0,0,305,888.4200000000004,3.60701960784314,97
2011-10-17,CA_1,CA,HOUSEHOLD,Monday,3,10,2011,NA,NA,NA,NA,0,0,0,512,2025.710000000003,4.837054176072213,227
2011-10-18,CA_1,CA,FOODS,Tuesday,4,10,2011,NA,NA,NA,NA,0,0,0,1742,4090.110000000008,2.599394919168582,414
2011-10-18,CA_1,CA,HOBBIES,Tuesday,4,10,2011,NA,NA,NA,NA,0,0,0,337,723.1700000000003,3.1946376811594233,87
2011-10-18,CA_1,CA,HOUSEHOLD,Tuesday,4,10,2011,NA,NA,NA,NA,0,0,0,415,1747.4800000000032,5.031372549019575,200
2011-10-19,CA_1,CA,FOODS,Wednesday,5,10,2011,NA,NA,NA,NA,0,0,0,1772,4085.9200000000064,2.5588960146587167,426
2011-10-19,CA_1,CA,HOBBIES,Wednesday,5,10,2011,NA,NA,NA,NA,0,0,0,389,756.9300000000002,2.9649668874172206,87
2011-10-19,CA_1,CA,HOUSEHOLD,Wednesday,5,10,2011,NA,NA,NA,NA,0,0,0,379,1699.0400000000027,5.22266409266406,203
2011-10-20,CA_1,CA,FOODS,Thursday,6,10,2011,NA,NA,NA,NA,0,0,0,1851,4124.830000000006,2.486183035714281,448
2011-10-20,CA_1,CA,HOBBIES,Thursday,6,10,2011,NA,NA,NA,NA,0,0,0,429,1080.1500000000003,3.1471086261980856,105
2011-10-20,CA_1,CA,HOUSEHOLD,Thursday,6,10,2011,NA,NA,NA,NA,0,0,0,374,1537.1600000000024,5.049217731421095,208
2011-10-21,CA_1,CA,FOODS,Friday,7,10,2011,NA,NA,NA,NA,0,0,0,2374,5449.380000000002,2.469733089579516,476
2011-10-21,CA_1,CA,HOBBIES,Friday,7,10,2011,NA,NA,NA,NA,0,0,0,504,1116.0400000000009,2.859307805596468,127
2011-10-21,CA_1,CA,HOUSEHOLD,Friday,7,10,2011,NA,NA,NA,NA,0,0,0,560,2414.45,4.940011111111093,261
2011-10-22,CA_1,CA,FOODS,Saturday,1,10,2011,NA,NA,NA,NA,0,0,1,3011,7137.029999999992,2.4895319531953093,517
2011-10-22,CA_1,CA,HOBBIES,Saturday,1,10,2011,NA,NA,NA,NA,0,0,1,557,1169.5800000000015,2.7473288590604055,115
2011-10-22,CA_1,CA,HOUSEHOLD,Saturday,1,10,2011,NA,NA,NA,NA,0,0,1,675,2731.689999999998,4.702249508840857,260
2011-10-23,CA_1,CA,FOODS,Sunday,2,10,2011,NA,NA,NA,NA,0,0,1,3200,7411.4799999999905,2.4448312056737476,514
2011-10-23,CA_1,CA,HOBBIES,Sunday,2,10,2011,NA,NA,NA,NA,0,0,1,415,1212.9500000000012,3.492294807370185,121
2011-10-23,CA_1,CA,HOUSEHOLD,Sunday,2,10,2011,NA,NA,NA,NA,0,0,1,704,3268.299999999998,5.081031128404666,279
2011-10-24,CA_1,CA,FOODS,Monday,3,10,2011,NA,NA,NA,NA,0,0,0,2036,5143.540000000001,2.6865031185031087,470
2011-10-24,CA_1,CA,HOBBIES,Monday,3,10,2011,NA,NA,NA,NA,0,0,0,362,757.9700000000007,3.1169713261648777,107
2011-10-24,CA_1,CA,HOUSEHOLD,Monday,3,10,2011,NA,NA,NA,NA,0,0,0,480,1897.230000000003,4.849433526011533,218
2011-10-25,CA_1,CA,FOODS,Tuesday,4,10,2011,NA,NA,NA,NA,0,0,0,1890,4496.010000000004,2.58215067893122,446
2011-10-25,CA_1,CA,HOBBIES,Tuesday,4,10,2011,NA,NA,NA,NA,0,0,0,237,750.8800000000002,3.8549551569506755,94
2011-10-25,CA_1,CA,HOUSEHOLD,Tuesday,4,10,2011,NA,NA,NA,NA,0,0,0,390,1742.2000000000023,5.179949109414728,207
2011-10-26,CA_1,CA,FOODS,Wednesday,5,10,2011,NA,NA,NA,NA,0,0,0,1660,3860.450000000006,2.5808437801349977,425
2011-10-26,CA_1,CA,HOBBIES,Wednesday,5,10,2011,NA,NA,NA,NA,0,0,0,297,802.1800000000004,3.525717131474107,98
2011-10-26,CA_1,CA,HOUSEHOLD,Wednesday,5,10,2011,NA,NA,NA,NA,0,0,0,386,1670.2500000000032,5.115677749360587,207
2011-10-27,CA_1,CA,FOODS,Thursday,6,10,2011,NA,NA,NA,NA,0,0,0,1909,4496.890000000005,2.5860527453523465,435
2011-10-27,CA_1,CA,HOBBIES,Thursday,6,10,2011,NA,NA,NA,NA,0,0,0,452,976.0800000000004,3.010944272445823,109
2011-10-27,CA_1,CA,HOUSEHOLD,Thursday,6,10,2011,NA,NA,NA,NA,0,0,0,359,1639.3900000000033,5.236868421052601,202
2011-10-28,CA_1,CA,FOODS,Friday,7,10,2011,NA,NA,NA,NA,0,0,0,2184,5215.179999999999,2.5601799687010844,467
2011-10-28,CA_1,CA,HOBBIES,Friday,7,10,2011,NA,NA,NA,NA,0,0,0,475,874.9300000000006,2.7022436849925735,105
2011-10-28,CA_1,CA,HOUSEHOLD,Friday,7,10,2011,NA,NA,NA,NA,0,0,0,503,2171.460000000001,5.013005649717494,221
2011-10-29,CA_1,CA,FOODS,Saturday,1,10,2011,NA,NA,NA,NA,0,0,1,3022,7172.059999999989,2.508102778607698,514
2011-10-29,CA_1,CA,HOBBIES,Saturday,1,10,2011,NA,NA,NA,NA,0,0,1,460,1262.3900000000012,3.2479277864992184,126
2011-10-29,CA_1,CA,HOUSEHOLD,Saturday,1,10,2011,NA,NA,NA,NA,0,0,1,680,2869.299999999999,4.823290129611161,282
2011-10-30,CA_1,CA,FOODS,Sunday,2,10,2011,NA,NA,NA,NA,0,0,1,3063,7073.639999999995,2.4340527720130387,529
2011-10-30,CA_1,CA,HOBBIES,Sunday,2,10,2011,NA,NA,NA,NA,0,0,1,429,1254.1800000000005,3.466530278232404,121
2011-10-30,CA_1,CA,HOUSEHOLD,Sunday,2,10,2011,NA,NA,NA,NA,0,0,1,735,3195.199999999996,4.855202639019789,279
2011-10-31,CA_1,CA,FOODS,Monday,3,10,2011,Halloween,Cultural,NA,NA,0,1,0,1622,3746.8900000000067,2.5722324902723672,405
2011-10-31,CA_1,CA,HOBBIES,Monday,3,10,2011,Halloween,Cultural,NA,NA,0,1,0,403,795.08,2.8805483870967783,86
2011-10-31,CA_1,CA,HOUSEHOLD,Monday,3,10,2011,Halloween,Cultural,NA,NA,0,1,0,410,1850.4200000000026,5.12062421972531,214
2011-11-01,CA_1,CA,FOODS,Tuesday,4,11,2011,NA,NA,NA,NA,1,0,0,1924,4422.440000000009,2.5352784918594606,429
2011-11-01,CA_1,CA,HOBBIES,Tuesday,4,11,2011,NA,NA,NA,NA,1,0,0,440,1026.2100000000005,2.9864050235478836,106
2011-11-01,CA_1,CA,HOUSEHOLD,Tuesday,4,11,2011,NA,NA,NA,NA,1,0,0,410,1750.9000000000026,5.1048053527980235,193
2011-11-02,CA_1,CA,FOODS,Wednesday,5,11,2011,NA,NA,NA,NA,1,0,0,2129,4879.250000000002,2.5058283433133646,463
2011-11-02,CA_1,CA,HOBBIES,Wednesday,5,11,2011,NA,NA,NA,NA,1,0,0,426,1039.4000000000005,3.1580382775119644,102
2011-11-02,CA_1,CA,HOUSEHOLD,Wednesday,5,11,2011,NA,NA,NA,NA,1,0,0,422,1787.780000000002,5.009939613526536,199
2011-11-03,CA_1,CA,FOODS,Thursday,6,11,2011,NA,NA,NA,NA,1,0,0,2210,5037.139999999999,2.4852598671355914,490
2011-11-03,CA_1,CA,HOBBIES,Thursday,6,11,2011,NA,NA,NA,NA,1,0,0,355,967.7000000000007,3.362335766423362,110
2011-11-03,CA_1,CA,HOUSEHOLD,Thursday,6,11,2011,NA,NA,NA,NA,1,0,0,449,1965.5100000000036,5.052769044739993,227
2011-11-04,CA_1,CA,FOODS,Friday,7,11,2011,NA,NA,NA,NA,1,0,0,2644,6282.11,2.5326225654801795,505
2011-11-04,CA_1,CA,HOBBIES,Friday,7,11,2011,NA,NA,NA,NA,1,0,0,508,1076.1000000000004,2.786637931034485,115
2011-11-04,CA_1,CA,HOUSEHOLD,Friday,7,11,2011,NA,NA,NA,NA,1,0,0,595,2515.129999999998,4.88062761506275,244
2011-11-05,CA_1,CA,FOODS,Saturday,1,11,2011,NA,NA,NA,NA,1,0,1,3325,7656.019999999989,2.4315306122448903,540
2011-11-05,CA_1,CA,HOBBIES,Saturday,1,11,2011,NA,NA,NA,NA,1,0,1,493,1296.0000000000011,3.1649999999999965,118
2011-11-05,CA_1,CA,HOUSEHOLD,Saturday,1,11,2011,NA,NA,NA,NA,1,0,1,697,3034.0999999999963,4.888084066471156,279
2011-11-06,CA_1,CA,FOODS,Sunday,2,11,2011,NA,NA,NA,NA,1,0,1,3641,8417.52999999999,2.421620523241039,545
2011-11-06,CA_1,CA,HOBBIES,Sunday,2,11,2011,NA,NA,NA,NA,1,0,1,488,1200.71,3.082992592592593,116
2011-11-06,CA_1,CA,HOUSEHOLD,Sunday,2,11,2011,NA,NA,NA,NA,1,0,1,723,3201.9099999999935,4.850890151515146,272
2011-11-07,CA_1,CA,FOODS,Monday,3,11,2011,EidAlAdha,Religious,NA,NA,1,1,0,2406,5741.389999999999,2.5601416122004257,493
2011-11-07,CA_1,CA,HOBBIES,Monday,3,11,2011,EidAlAdha,Religious,NA,NA,1,1,0,301,686.0000000000001,3.3193486590038344,82
2011-11-07,CA_1,CA,HOUSEHOLD,Monday,3,11,2011,EidAlAdha,Religious,NA,NA,1,1,0,577,2324.3500000000017,4.781349628055244,241
2011-11-08,CA_1,CA,FOODS,Tuesday,4,11,2011,NA,NA,NA,NA,1,0,0,2416,5780.939999999998,2.5725405990616976,486
2011-11-08,CA_1,CA,HOBBIES,Tuesday,4,11,2011,NA,NA,NA,NA,1,0,0,431,898.0800000000005,2.8778365384615414,110
2011-11-08,CA_1,CA,HOUSEHOLD,Tuesday,4,11,2011,NA,NA,NA,NA,1,0,0,471,1801.0000000000025,4.758350754936093,215
2011-11-09,CA_1,CA,FOODS,Wednesday,5,11,2011,NA,NA,NA,NA,1,0,0,2140,5004.3499999999995,2.541327784383656,458
2011-11-09,CA_1,CA,HOBBIES,Wednesday,5,11,2011,NA,NA,NA,NA,1,0,0,284,728.8400000000003,3.4566469428007927,80
2011-11-09,CA_1,CA,HOUSEHOLD,Wednesday,5,11,2011,NA,NA,NA,NA,1,0,0,356,1583.6400000000037,5.193631508678209,212
2011-11-10,CA_1,CA,FOODS,Thursday,6,11,2011,NA,NA,NA,NA,1,0,0,2495,5908.599999999994,2.5332128940842953,513
2011-11-10,CA_1,CA,HOBBIES,Thursday,6,11,2011,NA,NA,NA,NA,1,0,0,341,833.84,3.2910791366906507,88
2011-11-10,CA_1,CA,HOUSEHOLD,Thursday,6,11,2011,NA,NA,NA,NA,1,0,0,441,1787.9300000000035,4.935103785103757,227
2011-11-11,CA_1,CA,FOODS,Friday,7,11,2011,VeteransDay,National,NA,NA,0,1,0,2879,6541.949999999994,2.4168555417185456,508
2011-11-11,CA_1,CA,HOBBIES,Friday,7,11,2011,VeteransDay,National,NA,NA,0,1,0,372,1065.5000000000007,3.446403508771933,105
2011-11-11,CA_1,CA,HOUSEHOLD,Friday,7,11,2011,VeteransDay,National,NA,NA,0,1,0,607,2612.6199999999976,4.91315010570823,266
2011-11-12,CA_1,CA,FOODS,Saturday,1,11,2011,NA,NA,NA,NA,0,0,1,3042,6832.469999999996,2.39273428232502,511
2011-11-12,CA_1,CA,HOBBIES,Saturday,1,11,2011,NA,NA,NA,NA,0,0,1,642,1080.9900000000005,2.3448072289156654,115
2011-11-12,CA_1,CA,HOUSEHOLD,Saturday,1,11,2011,NA,NA,NA,NA,0,0,1,608,2684.309999999998,4.953647798742131,260
2011-11-13,CA_1,CA,FOODS,Sunday,2,11,2011,NA,NA,NA,NA,0,0,1,3164,7247.099999999989,2.4309187178019354,511
2011-11-13,CA_1,CA,HOBBIES,Sunday,2,11,2011,NA,NA,NA,NA,0,0,1,351,1033.9800000000005,3.542822878228785,112
2011-11-13,CA_1,CA,HOUSEHOLD,Sunday,2,11,2011,NA,NA,NA,NA,0,0,1,635,2813.6299999999974,4.9574213197969454,256
2011-11-14,CA_1,CA,FOODS,Monday,3,11,2011,NA,NA,NA,NA,0,0,0,2299,5316.009999999999,2.501919040479748,472
2011-11-14,CA_1,CA,HOBBIES,Monday,3,11,2011,NA,NA,NA,NA,0,0,0,321,751.7300000000002,3.2529759704251413,83
2011-11-14,CA_1,CA,HOUSEHOLD,Monday,3,11,2011,NA,NA,NA,NA,0,0,0,415,1786.4400000000035,5.023830049261055,209
2011-11-15,CA_1,CA,FOODS,Tuesday,4,11,2011,NA,NA,NA,NA,0,0,0,1932,4707.570000000007,2.6135004321521076,459
2011-11-15,CA_1,CA,HOBBIES,Tuesday,4,11,2011,NA,NA,NA,NA,0,0,0,355,815.5300000000001,3.2234046345811085,97
2011-11-15,CA_1,CA,HOUSEHOLD,Tuesday,4,11,2011,NA,NA,NA,NA,0,0,0,420,1767.5300000000032,4.979390547263652,222
2011-11-16,CA_1,CA,FOODS,Wednesday,5,11,2011,NA,NA,NA,NA,0,0,0,1776,4349.7100000000055,2.663602026715791,446
2011-11-16,CA_1,CA,HOBBIES,Wednesday,5,11,2011,NA,NA,NA,NA,0,0,0,331,700.5500000000004,3.1567582417582445,88
2011-11-16,CA_1,CA,HOUSEHOLD,Wednesday,5,11,2011,NA,NA,NA,NA,0,0,0,388,1593.9200000000021,5.0111940298507145,190
2011-11-17,CA_1,CA,FOODS,Thursday,6,11,2011,NA,NA,NA,NA,0,0,0,1771,4162.410000000008,2.567082191780814,422
2011-11-17,CA_1,CA,HOBBIES,Thursday,6,11,2011,NA,NA,NA,NA,0,0,0,244,638.5000000000001,3.611239130434786,87
2011-11-17,CA_1,CA,HOUSEHOLD,Thursday,6,11,2011,NA,NA,NA,NA,0,0,0,373,1580.6900000000026,5.082457956015493,206
2011-11-18,CA_1,CA,FOODS,Friday,7,11,2011,NA,NA,NA,NA,0,0,0,2214,5101.64,2.491898344243351,458
2011-11-18,CA_1,CA,HOBBIES,Friday,7,11,2011,NA,NA,NA,NA,0,0,0,366,1022.8800000000005,3.4379790940766584,95
2011-11-18,CA_1,CA,HOUSEHOLD,Friday,7,11,2011,NA,NA,NA,NA,0,0,0,432,1780.4700000000037,4.9921410891088795,230
2011-11-19,CA_1,CA,FOODS,Saturday,1,11,2011,NA,NA,NA,NA,0,0,1,3333,7556.7899999999945,2.3966794415548787,522
2011-11-19,CA_1,CA,HOBBIES,Saturday,1,11,2011,NA,NA,NA,NA,0,0,1,599,1374.540000000001,2.8476485461441103,112
2011-11-19,CA_1,CA,HOUSEHOLD,Saturday,1,11,2011,NA,NA,NA,NA,0,0,1,749,3278.4399999999937,4.892665424044736,282
2011-11-20,CA_1,CA,FOODS,Sunday,2,11,2011,NA,NA,NA,NA,0,0,1,3232,7583.319999999988,2.464600504625726,507
2011-11-20,CA_1,CA,HOBBIES,Sunday,2,11,2011,NA,NA,NA,NA,0,0,1,454,1098.4500000000005,3.135484375000003,118
2011-11-20,CA_1,CA,HOUSEHOLD,Sunday,2,11,2011,NA,NA,NA,NA,0,0,1,729,3083.0799999999967,4.772509469696967,279
2011-11-21,CA_1,CA,FOODS,Monday,3,11,2011,NA,NA,NA,NA,0,0,0,2333,5739.439999999998,2.6103173431734223,465
2011-11-21,CA_1,CA,HOBBIES,Monday,3,11,2011,NA,NA,NA,NA,0,0,0,351,873.2700000000003,3.286803571428574,95
2011-11-21,CA_1,CA,HOUSEHOLD,Monday,3,11,2011,NA,NA,NA,NA,0,0,0,525,2378.05,5.0512168141592735,227
2011-11-22,CA_1,CA,FOODS,Tuesday,4,11,2011,NA,NA,NA,NA,0,0,0,2744,6560.239999999991,2.52638755213345,469
2011-11-22,CA_1,CA,HOBBIES,Tuesday,4,11,2011,NA,NA,NA,NA,0,0,0,426,831.4600000000003,2.8452598425196878,95
2011-11-22,CA_1,CA,HOUSEHOLD,Tuesday,4,11,2011,NA,NA,NA,NA,0,0,0,467,1915.3300000000029,4.9331134259258995,209
2011-11-23,CA_1,CA,FOODS,Wednesday,5,11,2011,NA,NA,NA,NA,0,0,0,2926,6621.699999999995,2.4194193742478824,444
2011-11-23,CA_1,CA,HOBBIES,Wednesday,5,11,2011,NA,NA,NA,NA,0,0,0,261,626.6300000000001,3.488708333333337,85
2011-11-23,CA_1,CA,HOUSEHOLD,Wednesday,5,11,2011,NA,NA,NA,NA,0,0,0,476,2007.8000000000034,5.032888377445319,213
2011-11-24,CA_1,CA,FOODS,Thursday,6,11,2011,Thanksgiving,National,NA,NA,0,1,0,1631,3594.590000000003,2.51135147601475,305
2011-11-24,CA_1,CA,HOBBIES,Thursday,6,11,2011,Thanksgiving,National,NA,NA,0,1,0,90,289.93,4.255954415954422,43
2011-11-24,CA_1,CA,HOUSEHOLD,Thursday,6,11,2011,Thanksgiving,National,NA,NA,0,1,0,220,929.1400000000008,5.295203488372061,138
2011-11-25,CA_1,CA,FOODS,Friday,7,11,2011,NA,NA,NA,NA,0,0,0,2262,4688.040000000004,2.30837114168835,415
2011-11-25,CA_1,CA,HOBBIES,Friday,7,11,2011,NA,NA,NA,NA,0,0,0,456,823.1600000000005,2.771737804878052,104
2011-11-25,CA_1,CA,HOUSEHOLD,Friday,7,11,2011,NA,NA,NA,NA,0,0,0,444,2039.9200000000017,5.170910179640692,215
2011-11-26,CA_1,CA,FOODS,Saturday,1,11,2011,NA,NA,NA,NA,0,0,1,2194,5048.1100000000015,2.494263625821405,452
2011-11-26,CA_1,CA,HOBBIES,Saturday,1,11,2011,NA,NA,NA,NA,0,0,1,365,940.8200000000003,3.380521739130438,96
2011-11-26,CA_1,CA,HOUSEHOLD,Saturday,1,11,2011,NA,NA,NA,NA,0,0,1,518,2275.0000000000005,5.035650684931488,248
2011-11-27,CA_1,CA,FOODS,Sunday,2,11,2011,NA,NA,NA,NA,0,0,1,2494,5740.549999999998,2.4850070472163397,501
2011-11-27,CA_1,CA,HOBBIES,Sunday,2,11,2011,NA,NA,NA,NA,0,0,1,320,919.4500000000006,3.6116443594646306,103
2011-11-27,CA_1,CA,HOUSEHOLD,Sunday,2,11,2011,NA,NA,NA,NA,0,0,1,527,2219.520000000002,4.875919037199105,219
2011-11-28,CA_1,CA,FOODS,Monday,3,11,2011,NA,NA,NA,NA,0,0,0,1808,4168.400000000008,2.5562499999999972,445
2011-11-28,CA_1,CA,HOBBIES,Monday,3,11,2011,NA,NA,NA,NA,0,0,0,312,881.2000000000004,3.5581973434535135,91
2011-11-28,CA_1,CA,HOUSEHOLD,Monday,3,11,2011,NA,NA,NA,NA,0,0,0,394,1807.270000000003,5.228562499999968,200
2011-11-29,CA_1,CA,FOODS,Tuesday,4,11,2011,NA,NA,NA,NA,0,0,0,1838,4163.020000000007,2.5283141082519873,429
2011-11-29,CA_1,CA,HOBBIES,Tuesday,4,11,2011,NA,NA,NA,NA,0,0,0,480,880.4700000000005,2.6989259796807,97
2011-11-29,CA_1,CA,HOUSEHOLD,Tuesday,4,11,2011,NA,NA,NA,NA,0,0,0,310,1315.990000000002,5.169181208053662,171
2011-11-30,CA_1,CA,FOODS,Wednesday,5,11,2011,NA,NA,NA,NA,0,0,0,1783,3991.2800000000084,2.5104298125285713,441
2011-11-30,CA_1,CA,HOBBIES,Wednesday,5,11,2011,NA,NA,NA,NA,0,0,0,276,608.5100000000002,3.4222424242424285,87
2011-11-30,CA_1,CA,HOUSEHOLD,Wednesday,5,11,2011,NA,NA,NA,NA,0,0,0,353,1562.1700000000023,5.170996119016786,186
2011-12-01,CA_1,CA,FOODS,Thursday,6,12,2011,NA,NA,NA,NA,1,0,0,1925,4476.500000000004,2.5653926247288426,465
2011-12-01,CA_1,CA,HOBBIES,Thursday,6,12,2011,NA,NA,NA,NA,1,0,0,389,873.9900000000001,3.167324414715723,97
2011-12-01,CA_1,CA,HOUSEHOLD,Thursday,6,12,2011,NA,NA,NA,NA,1,0,0,385,1526.7800000000032,5.013977415307371,194
2011-12-02,CA_1,CA,FOODS,Friday,7,12,2011,NA,NA,NA,NA,1,0,0,2487,5518.929999999999,2.411552882914741,505
2011-12-02,CA_1,CA,HOBBIES,Friday,7,12,2011,NA,NA,NA,NA,1,0,0,482,1181.9100000000005,3.0596159527326448,111
2011-12-02,CA_1,CA,HOUSEHOLD,Friday,7,12,2011,NA,NA,NA,NA,1,0,0,535,2335.7299999999996,4.963438914027132,257
2011-12-03,CA_1,CA,FOODS,Saturday,1,12,2011,NA,NA,NA,NA,1,0,1,3364,7709.639999999991,2.4151628798247917,559
2011-12-03,CA_1,CA,HOBBIES,Saturday,1,12,2011,NA,NA,NA,NA,1,0,1,778,1490.4200000000003,2.4389051094890415,126
2011-12-03,CA_1,CA,HOUSEHOLD,Saturday,1,12,2011,NA,NA,NA,NA,1,0,1,690,3051.509999999999,4.902958292919485,265
2011-12-04,CA_1,CA,FOODS,Sunday,2,12,2011,NA,NA,NA,NA,1,0,1,3390,8123.13999999999,2.5139680390032426,546
2011-12-04,CA_1,CA,HOBBIES,Sunday,2,12,2011,NA,NA,NA,NA,1,0,1,551,1481.4400000000007,3.1122919508867555,125
2011-12-04,CA_1,CA,HOUSEHOLD,Sunday,2,12,2011,NA,NA,NA,NA,1,0,1,691,3166.609999999992,5.027436647173483,271
2011-12-05,CA_1,CA,FOODS,Monday,3,12,2011,NA,NA,NA,NA,1,0,0,2517,6429.909999999999,2.6581911142454073,529
2011-12-05,CA_1,CA,HOBBIES,Monday,3,12,2011,NA,NA,NA,NA,1,0,0,359,1054.13,3.478466898954707,92
2011-12-05,CA_1,CA,HOUSEHOLD,Monday,3,12,2011,NA,NA,NA,NA,1,0,0,491,2255.3800000000033,5.1532193396226225,249
2011-12-06,CA_1,CA,FOODS,Tuesday,4,12,2011,NA,NA,NA,NA,1,0,0,2256,5292.68,2.532974417716673,485
2011-12-06,CA_1,CA,HOBBIES,Tuesday,4,12,2011,NA,NA,NA,NA,1,0,0,310,840.6600000000007,3.5196498054474743,103
2011-12-06,CA_1,CA,HOUSEHOLD,Tuesday,4,12,2011,NA,NA,NA,NA,1,0,0,394,1669.980000000002,5.122468513853875,206
2011-12-07,CA_1,CA,FOODS,Wednesday,5,12,2011,NA,NA,NA,NA,1,0,0,2080,5054.130000000003,2.6279756592291985,463
2011-12-07,CA_1,CA,HOBBIES,Wednesday,5,12,2011,NA,NA,NA,NA,1,0,0,485,933.1100000000006,2.7038235294117667,112
2011-12-07,CA_1,CA,HOUSEHOLD,Wednesday,5,12,2011,NA,NA,NA,NA,1,0,0,324,1436.4100000000026,5.221532258064486,186
2011-12-08,CA_1,CA,FOODS,Thursday,6,12,2011,NA,NA,NA,NA,1,0,0,2460,5975.86999999999,2.5943885918003424,503
2011-12-08,CA_1,CA,HOBBIES,Thursday,6,12,2011,NA,NA,NA,NA,1,0,0,499,1073.3000000000006,2.845852272727275,102
2011-12-08,CA_1,CA,HOUSEHOLD,Thursday,6,12,2011,NA,NA,NA,NA,1,0,0,372,1879.7600000000032,5.379896907216466,202
2011-12-09,CA_1,CA,FOODS,Friday,7,12,2011,NA,NA,NA,NA,1,0,0,2528,6296.2499999999945,2.6168590416229343,517
2011-12-09,CA_1,CA,HOBBIES,Friday,7,12,2011,NA,NA,NA,NA,1,0,0,450,1116.790000000001,3.1390031152648,115
2011-12-09,CA_1,CA,HOUSEHOLD,Friday,7,12,2011,NA,NA,NA,NA,1,0,0,457,1848.8200000000033,4.901768867924501,215
2011-12-10,CA_1,CA,FOODS,Saturday,1,12,2011,NA,NA,NA,NA,1,0,1,3482,8292.659999999985,2.487731713757579,544
2011-12-10,CA_1,CA,HOBBIES,Saturday,1,12,2011,NA,NA,NA,NA,1,0,1,435,1149.0000000000005,3.2499189627228553,125
2011-12-10,CA_1,CA,HOUSEHOLD,Saturday,1,12,2011,NA,NA,NA,NA,1,0,1,658,3010.409999999998,5.023128153380413,274
2011-12-11,CA_1,CA,FOODS,Sunday,2,12,2011,NA,NA,NA,NA,0,0,1,3262,7693.599999999987,2.4824508702975727,549
2011-12-11,CA_1,CA,HOBBIES,Sunday,2,12,2011,NA,NA,NA,NA,0,0,1,438,1225.1700000000008,3.3283173076923096,121
2011-12-11,CA_1,CA,HOUSEHOLD,Sunday,2,12,2011,NA,NA,NA,NA,0,0,1,612,2565.739999999998,4.834805057955729,270
2011-12-12,CA_1,CA,FOODS,Monday,3,12,2011,NA,NA,NA,NA,0,0,0,2468,5899.670000000003,2.554269422665707,511
2011-12-12,CA_1,CA,HOBBIES,Monday,3,12,2011,NA,NA,NA,NA,0,0,0,429,1060.4300000000005,3.1411802232854895,109
2011-12-12,CA_1,CA,HOUSEHOLD,Monday,3,12,2011,NA,NA,NA,NA,0,0,0,370,1683.7000000000041,5.300366013071866,212
2011-12-13,CA_1,CA,FOODS,Tuesday,4,12,2011,NA,NA,NA,NA,0,0,0,2230,5304.770000000004,2.563868217054253,499
2011-12-13,CA_1,CA,HOBBIES,Tuesday,4,12,2011,NA,NA,NA,NA,0,0,0,375,867.2100000000005,3.2096245733788433,96
2011-12-13,CA_1,CA,HOUSEHOLD,Tuesday,4,12,2011,NA,NA,NA,NA,0,0,0,341,1631.0700000000024,5.275936254980048,195
2011-12-14,CA_1,CA,FOODS,Wednesday,5,12,2011,NA,NA,NA,NA,0,0,0,2143,5238.059999999998,2.6073222089789314,475
2011-12-14,CA_1,CA,HOBBIES,Wednesday,5,12,2011,NA,NA,NA,NA,0,0,0,376,1083.7700000000002,3.4983447098976135,97
2011-12-14,CA_1,CA,HOUSEHOLD,Wednesday,5,12,2011,NA,NA,NA,NA,0,0,0,352,1559.760000000003,5.165926892950359,193
2011-12-15,CA_1,CA,FOODS,Thursday,6,12,2011,NA,NA,NA,NA,0,0,0,2431,5822.980000000001,2.551084165477875,476
2011-12-15,CA_1,CA,HOBBIES,Thursday,6,12,2011,NA,NA,NA,NA,0,0,0,252,841.4800000000002,3.9907221006564586,102
2011-12-15,CA_1,CA,HOUSEHOLD,Thursday,6,12,2011,NA,NA,NA,NA,0,0,0,426,1876.850000000003,5.097002457002428,219
2011-12-16,CA_1,CA,FOODS,Friday,7,12,2011,NA,NA,NA,NA,0,0,0,2505,5894.95,2.5118449666783476,503
2011-12-16,CA_1,CA,HOBBIES,Friday,7,12,2011,NA,NA,NA,NA,0,0,0,415,1114.7600000000004,3.354852459016396,112
2011-12-16,CA_1,CA,HOUSEHOLD,Friday,7,12,2011,NA,NA,NA,NA,0,0,0,479,2175.1000000000026,5.135532163742672,231
2011-12-17,CA_1,CA,FOODS,Saturday,1,12,2011,NA,NA,NA,NA,0,0,1,3349,7860.82999999999,2.4534579694323053,536
2011-12-17,CA_1,CA,HOBBIES,Saturday,1,12,2011,NA,NA,NA,NA,0,0,1,523,1146.3400000000004,2.8841666666666677,110
2011-12-17,CA_1,CA,HOUSEHOLD,Saturday,1,12,2011,NA,NA,NA,NA,0,0,1,591,2658.0299999999975,5.0187353878852115,257
2011-12-18,CA_1,CA,FOODS,Sunday,2,12,2011,NA,NA,NA,NA,0,0,1,3218,7581.8699999999935,2.479213133314454,536
2011-12-18,CA_1,CA,HOBBIES,Sunday,2,12,2011,NA,NA,NA,NA,0,0,1,384,1250.9700000000003,3.6424525043177876,112
2011-12-18,CA_1,CA,HOUSEHOLD,Sunday,2,12,2011,NA,NA,NA,NA,0,0,1,651,2914.6099999999974,5.010508982035922,256
2011-12-19,CA_1,CA,FOODS,Monday,3,12,2011,NA,NA,NA,NA,0,0,0,2467,5972.159999999999,2.5634072220235855,521
2011-12-19,CA_1,CA,HOBBIES,Monday,3,12,2011,NA,NA,NA,NA,0,0,0,430,909.2200000000005,2.95914826498423,103
2011-12-19,CA_1,CA,HOUSEHOLD,Monday,3,12,2011,NA,NA,NA,NA,0,0,0,436,2029.2800000000038,5.193875305623448,225
2011-12-20,CA_1,CA,FOODS,Tuesday,4,12,2011,NA,NA,NA,NA,0,0,0,2459,5900.019999999991,2.5584733096085275,500
2011-12-20,CA_1,CA,HOBBIES,Tuesday,4,12,2011,NA,NA,NA,NA,0,0,0,368,853.5500000000002,3.1565979381443334,93
2011-12-20,CA_1,CA,HOUSEHOLD,Tuesday,4,12,2011,NA,NA,NA,NA,0,0,0,409,1820.620000000003,5.184104193138474,229
2011-12-21,CA_1,CA,FOODS,Wednesday,5,12,2011,NA,NA,NA,NA,0,0,0,2567,6138.039999999994,2.5553767820773796,472
2011-12-21,CA_1,CA,HOBBIES,Wednesday,5,12,2011,NA,NA,NA,NA,0,0,0,356,964.8700000000007,3.377099099099102,108
2011-12-21,CA_1,CA,HOUSEHOLD,Wednesday,5,12,2011,NA,NA,NA,NA,0,0,0,444,1947.240000000004,5.090748792270512,223
2011-12-22,CA_1,CA,FOODS,Thursday,6,12,2011,NA,NA,NA,NA,0,0,0,2740,6327.949999999992,2.4554044473090433,488
2011-12-22,CA_1,CA,HOBBIES,Thursday,6,12,2011,NA,NA,NA,NA,0,0,0,403,1120.8800000000008,3.3539202657807343,108
2011-12-22,CA_1,CA,HOUSEHOLD,Thursday,6,12,2011,NA,NA,NA,NA,0,0,0,466,2248.890000000003,5.266030989272927,234
2011-12-23,CA_1,CA,FOODS,Friday,7,12,2011,NA,NA,NA,NA,0,0,0,3677,8183.279999999992,2.3563881267148825,519
2011-12-23,CA_1,CA,HOBBIES,Friday,7,12,2011,NA,NA,NA,NA,0,0,0,423,1132.2600000000011,3.225500821018065,121
2011-12-23,CA_1,CA,HOUSEHOLD,Friday,7,12,2011,NA,NA,NA,NA,0,0,0,552,2414.630000000001,5.011157662624023,252
2011-12-24,CA_1,CA,FOODS,Saturday,1,12,2011,NA,NA,NA,NA,0,0,1,2758,6265.429999999988,2.4351233396584293,449
2011-12-24,CA_1,CA,HOBBIES,Saturday,1,12,2011,NA,NA,NA,NA,0,0,1,334,864.1500000000001,3.3980762250453767,91
2011-12-24,CA_1,CA,HOUSEHOLD,Saturday,1,12,2011,NA,NA,NA,NA,0,0,1,362,1737.630000000003,5.2716840731070205,205
2011-12-25,CA_1,CA,FOODS,Sunday,2,12,2011,Christmas,National,NA,NA,0,1,1,0,0,3.2682532239156035,0
2011-12-25,CA_1,CA,HOBBIES,Sunday,2,12,2011,Christmas,National,NA,NA,0,1,1,0,0,4.596720779220787,0
2011-12-25,CA_1,CA,HOUSEHOLD,Sunday,2,12,2011,Christmas,National,NA,NA,0,1,1,0,0,5.524548440065654,0
2011-12-26,CA_1,CA,FOODS,Monday,3,12,2011,NA,NA,NA,NA,0,0,0,2360,5358.450000000001,2.4760720720720646,438
2011-12-26,CA_1,CA,HOBBIES,Monday,3,12,2011,NA,NA,NA,NA,0,0,0,483,1360.28,3.3000147710487324,114
2011-12-26,CA_1,CA,HOUSEHOLD,Monday,3,12,2011,NA,NA,NA,NA,0,0,0,492,2199.6600000000026,5.085884393063567,236
2011-12-27,CA_1,CA,FOODS,Tuesday,4,12,2011,NA,NA,NA,NA,0,0,0,2230,5228.109999999999,2.53412196063295,492
2011-12-27,CA_1,CA,HOBBIES,Tuesday,4,12,2011,NA,NA,NA,NA,0,0,0,469,902.8400000000003,2.8221282798833855,91
2011-12-27,CA_1,CA,HOUSEHOLD,Tuesday,4,12,2011,NA,NA,NA,NA,0,0,0,412,1793.940000000003,5.1105438813349515,212
2011-12-28,CA_1,CA,FOODS,Wednesday,5,12,2011,Chanukah End,Religious,NA,NA,0,1,0,2228,5228.489999999997,2.5449273144605873,467
2011-12-28,CA_1,CA,HOBBIES,Wednesday,5,12,2011,Chanukah End,Religious,NA,NA,0,1,0,410,820.36,2.8871987480438213,79
2011-12-28,CA_1,CA,HOUSEHOLD,Wednesday,5,12,2011,Chanukah End,Religious,NA,NA,0,1,0,459,2009.6000000000029,5.06767332549939,217
2011-12-29,CA_1,CA,FOODS,Thursday,6,12,2011,NA,NA,NA,NA,0,0,0,2415,5808.479999999998,2.559047790154498,485
2011-12-29,CA_1,CA,HOBBIES,Thursday,6,12,2011,NA,NA,NA,NA,0,0,0,322,933.3100000000003,3.5339306358381544,111
2011-12-29,CA_1,CA,HOUSEHOLD,Thursday,6,12,2011,NA,NA,NA,NA,0,0,0,496,2099.150000000004,4.942488789237653,213
2011-12-30,CA_1,CA,FOODS,Friday,7,12,2011,NA,NA,NA,NA,0,0,0,3248,7679.059999999987,2.4522696438665816,563
2011-12-30,CA_1,CA,HOBBIES,Friday,7,12,2011,NA,NA,NA,NA,0,0,0,711,1414.510000000001,2.499208472686725,122
2011-12-30,CA_1,CA,HOUSEHOLD,Friday,7,12,2011,NA,NA,NA,NA,0,0,0,679,2887.4699999999984,4.832330097087374,258
2011-12-31,CA_1,CA,FOODS,Saturday,1,12,2011,NA,NA,NA,NA,0,0,1,3324,8057.469999999983,2.521548793859637,537
2011-12-31,CA_1,CA,HOBBIES,Saturday,1,12,2011,NA,NA,NA,NA,0,0,1,384,1056.4700000000003,3.3588926746166985,106
2011-12-31,CA_1,CA,HOUSEHOLD,Saturday,1,12,2011,NA,NA,NA,NA,0,0,1,528,2058.0200000000027,4.761460794844237,208
2012-01-01,CA_1,CA,FOODS,Sunday,2,1,2012,NewYear,National,NA,NA,1,1,1,2054,4793.979999999996,2.5407354733847898,454
2012-01-01,CA_1,CA,HOBBIES,Sunday,2,1,2012,NewYear,National,NA,NA,1,1,1,232,753.4600000000003,3.881666666666671,91
2012-01-01,CA_1,CA,HOUSEHOLD,Sunday,2,1,2012,NewYear,National,NA,NA,1,1,1,362,1438.5900000000022,4.972040302266971,179
2012-01-02,CA_1,CA,FOODS,Monday,3,1,2012,NA,NA,NA,NA,1,0,0,2926,7210.099999999996,2.5777173579108954,532
2012-01-02,CA_1,CA,HOBBIES,Monday,3,1,2012,NA,NA,NA,NA,1,0,0,342,985.7300000000004,3.4941316270566762,104
2012-01-02,CA_1,CA,HOUSEHOLD,Monday,3,1,2012,NA,NA,NA,NA,1,0,0,663,2818.1200000000003,4.81996108949416,246
2012-01-03,CA_1,CA,FOODS,Tuesday,4,1,2012,NA,NA,NA,NA,1,0,0,2504,6199.139999999992,2.615484774238698,508
2012-01-03,CA_1,CA,HOBBIES,Tuesday,4,1,2012,NA,NA,NA,NA,1,0,0,488,1017.8400000000005,2.8252230215827363,102
2012-01-03,CA_1,CA,HOUSEHOLD,Tuesday,4,1,2012,NA,NA,NA,NA,1,0,0,504,2135.6300000000033,4.897756696428554,219
2012-01-04,CA_1,CA,FOODS,Wednesday,5,1,2012,NA,NA,NA,NA,1,0,0,2332,5623.839999999997,2.571745142002977,517
2012-01-04,CA_1,CA,HOBBIES,Wednesday,5,1,2012,NA,NA,NA,NA,1,0,0,490,969.6500000000005,2.786273381294966,104
2012-01-04,CA_1,CA,HOUSEHOLD,Wednesday,5,1,2012,NA,NA,NA,NA,1,0,0,462,1810.0800000000038,4.842314814814789,209
2012-01-05,CA_1,CA,FOODS,Thursday,6,1,2012,NA,NA,NA,NA,1,0,0,2613,6230.1199999999935,2.5423194303153496,525
2012-01-05,CA_1,CA,HOBBIES,Thursday,6,1,2012,NA,NA,NA,NA,1,0,0,343,891.9400000000005,3.327566607460039,89
2012-01-05,CA_1,CA,HOUSEHOLD,Thursday,6,1,2012,NA,NA,NA,NA,1,0,0,488,2050.130000000004,4.964432989690704,226
2012-01-06,CA_1,CA,FOODS,Friday,7,1,2012,NA,NA,NA,NA,1,0,0,2692,6477.629999999995,2.549458111702116,545
2012-01-06,CA_1,CA,HOBBIES,Friday,7,1,2012,NA,NA,NA,NA,1,0,0,612,1112.6700000000008,2.5314878048780507,101
2012-01-06,CA_1,CA,HOUSEHOLD,Friday,7,1,2012,NA,NA,NA,NA,1,0,0,550,2120.660000000003,4.742453653216993,244
2012-01-07,CA_1,CA,FOODS,Saturday,1,1,2012,OrthodoxChristmas,Religious,NA,NA,1,1,1,3523,8566.449999999984,2.5391002098635815,581
2012-01-07,CA_1,CA,HOBBIES,Saturday,1,1,2012,OrthodoxChristmas,Religious,NA,NA,1,1,1,503,1222.8500000000006,3.0671613832852986,119
2012-01-07,CA_1,CA,HOUSEHOLD,Saturday,1,1,2012,OrthodoxChristmas,Religious,NA,NA,1,1,1,644,2732.0499999999993,4.809003984063734,255
2012-01-08,CA_1,CA,FOODS,Sunday,2,1,2012,NA,NA,NA,NA,1,0,1,3510,8813.179999999982,2.584989451476783,588
2012-01-08,CA_1,CA,HOBBIES,Sunday,2,1,2012,NA,NA,NA,NA,1,0,1,377,1111.8900000000008,3.5303508771929857,117
2012-01-08,CA_1,CA,HOUSEHOLD,Sunday,2,1,2012,NA,NA,NA,NA,1,0,1,698,2988.8699999999976,4.809341486359358,250
2012-01-09,CA_1,CA,FOODS,Monday,3,1,2012,NA,NA,NA,NA,1,0,0,2875,7102.879999999985,2.5887133956386164,535
2012-01-09,CA_1,CA,HOBBIES,Monday,3,1,2012,NA,NA,NA,NA,1,0,0,332,823.3800000000002,3.423021978021981,96
2012-01-09,CA_1,CA,HOUSEHOLD,Monday,3,1,2012,NA,NA,NA,NA,1,0,0,430,1824.5300000000036,5.008011904761879,205
2012-01-10,CA_1,CA,FOODS,Tuesday,4,1,2012,NA,NA,NA,NA,1,0,0,2354,5726.579999999998,2.591084870848696,514
2012-01-10,CA_1,CA,HOBBIES,Tuesday,4,1,2012,NA,NA,NA,NA,1,0,0,456,841.4900000000002,2.773180473372784,90
2012-01-10,CA_1,CA,HOUSEHOLD,Tuesday,4,1,2012,NA,NA,NA,NA,1,0,0,407,1834.8200000000031,5.135313653136504,209
2012-01-11,CA_1,CA,FOODS,Wednesday,5,1,2012,NA,NA,NA,NA,0,0,0,2164,5107.529999999998,2.554504892367895,479
2012-01-11,CA_1,CA,HOBBIES,Wednesday,5,1,2012,NA,NA,NA,NA,0,0,0,485,798.6000000000004,2.6282336182336214,93
2012-01-11,CA_1,CA,HOUSEHOLD,Wednesday,5,1,2012,NA,NA,NA,NA,0,0,0,345,1418.8500000000024,5.063505154639148,184
2012-01-12,CA_1,CA,FOODS,Thursday,6,1,2012,NA,NA,NA,NA,0,0,0,1901,4528.030000000003,2.5889455488331783,457
2012-01-12,CA_1,CA,HOBBIES,Thursday,6,1,2012,NA,NA,NA,NA,0,0,0,392,675.6000000000001,2.8696122778675317,83
2012-01-12,CA_1,CA,HOUSEHOLD,Thursday,6,1,2012,NA,NA,NA,NA,0,0,0,362,1513.6000000000026,5.100996168582346,194
2012-01-13,CA_1,CA,FOODS,Friday,7,1,2012,NA,NA,NA,NA,0,0,0,2657,6470.79999999999,2.5772891566264926,539
2012-01-13,CA_1,CA,HOBBIES,Friday,7,1,2012,NA,NA,NA,NA,0,0,0,418,1053.6000000000008,3.1735406698564623,101
2012-01-13,CA_1,CA,HOUSEHOLD,Friday,7,1,2012,NA,NA,NA,NA,0,0,0,475,2033.5400000000038,4.97473019517794,219
2012-01-14,CA_1,CA,FOODS,Saturday,1,1,2012,NA,NA,NA,NA,0,0,1,3145,7469.159999999995,2.49976871928302,558
2012-01-14,CA_1,CA,HOBBIES,Saturday,1,1,2012,NA,NA,NA,NA,0,0,1,456,1047.3500000000004,3.052943854324737,107
2012-01-14,CA_1,CA,HOUSEHOLD,Saturday,1,1,2012,NA,NA,NA,NA,0,0,1,670,2953.739999999997,4.937909270216954,273
2012-01-15,CA_1,CA,FOODS,Sunday,2,1,2012,NA,NA,NA,NA,0,0,1,3070,7526.889999999991,2.5585409884581143,563
2012-01-15,CA_1,CA,HOBBIES,Sunday,2,1,2012,NA,NA,NA,NA,0,0,1,415,1104.7700000000007,3.3324715447154496,110
2012-01-15,CA_1,CA,HOUSEHOLD,Sunday,2,1,2012,NA,NA,NA,NA,0,0,1,626,2685.9699999999993,4.873942505133464,269
2012-01-16,CA_1,CA,FOODS,Monday,3,1,2012,MartinLutherKingDay,National,NA,NA,0,1,0,2765,6760.839999999993,2.577756286266912,535
2012-01-16,CA_1,CA,HOBBIES,Monday,3,1,2012,MartinLutherKingDay,National,NA,NA,0,1,0,381,1009.5200000000002,3.379186851211076,113
2012-01-16,CA_1,CA,HOUSEHOLD,Monday,3,1,2012,MartinLutherKingDay,National,NA,NA,0,1,0,524,2430.1100000000015,5.106031042128591,239
2012-01-17,CA_1,CA,FOODS,Tuesday,4,1,2012,NA,NA,NA,NA,0,0,0,2111,5461.419999999994,2.7404516386890356,481
2012-01-17,CA_1,CA,HOBBIES,Tuesday,4,1,2012,NA,NA,NA,NA,0,0,0,366,718.0600000000003,3.027457044673543,94
2012-01-17,CA_1,CA,HOUSEHOLD,Tuesday,4,1,2012,NA,NA,NA,NA,0,0,0,347,1401.1300000000024,5.053324775352991,185
2012-01-18,CA_1,CA,FOODS,Wednesday,5,1,2012,NA,NA,NA,NA,0,0,0,2017,4885.39,2.6204941860465003,481
2012-01-18,CA_1,CA,HOBBIES,Wednesday,5,1,2012,NA,NA,NA,NA,0,0,0,320,724.4900000000004,3.261292134831465,96
2012-01-18,CA_1,CA,HOUSEHOLD,Wednesday,5,1,2012,NA,NA,NA,NA,0,0,0,392,1554.600000000003,4.932539682539654,190
2012-01-19,CA_1,CA,FOODS,Thursday,6,1,2012,NA,NA,NA,NA,0,0,0,2033,4892.63,2.601370767960349,483
2012-01-19,CA_1,CA,HOBBIES,Thursday,6,1,2012,NA,NA,NA,NA,0,0,0,406,919.9100000000003,3.0670309951060393,103
2012-01-19,CA_1,CA,HOUSEHOLD,Thursday,6,1,2012,NA,NA,NA,NA,0,0,0,343,1435.020000000003,5.106404199475036,198
2012-01-20,CA_1,CA,FOODS,Friday,7,1,2012,NA,NA,NA,NA,0,0,0,2447,5956.749999999991,2.5971280028683963,530
2012-01-20,CA_1,CA,HOBBIES,Friday,7,1,2012,NA,NA,NA,NA,0,0,0,291,927.9200000000003,3.737379032258068,105
2012-01-20,CA_1,CA,HOUSEHOLD,Friday,7,1,2012,NA,NA,NA,NA,0,0,0,415,1811.5200000000032,5.148798076923053,200
2012-01-21,CA_1,CA,FOODS,Saturday,1,1,2012,NA,NA,NA,NA,0,0,1,3766,9335.61999999998,2.5626907829534087,606
2012-01-21,CA_1,CA,HOBBIES,Saturday,1,1,2012,NA,NA,NA,NA,0,0,1,574,1271.2900000000004,2.831556728232185,126
2012-01-21,CA_1,CA,HOUSEHOLD,Saturday,1,1,2012,NA,NA,NA,NA,0,0,1,767,3420.0899999999965,4.872157751586581,285
2012-01-22,CA_1,CA,FOODS,Sunday,2,1,2012,NA,NA,NA,NA,0,0,1,3054,7382.0099999999875,2.54075147928993,550
2012-01-22,CA_1,CA,HOBBIES,Sunday,2,1,2012,NA,NA,NA,NA,0,0,1,373,1069.4900000000002,3.4607081174438727,104
2012-01-22,CA_1,CA,HOUSEHOLD,Sunday,2,1,2012,NA,NA,NA,NA,0,0,1,538,2499.310000000001,5.123240534521144,261
2012-01-23,CA_1,CA,FOODS,Monday,3,1,2012,NA,NA,NA,NA,0,0,0,1969,4754.4000000000015,2.601073398387773,488
2012-01-23,CA_1,CA,HOBBIES,Monday,3,1,2012,NA,NA,NA,NA,0,0,0,316,782.3100000000004,3.347457627118648,95
2012-01-23,CA_1,CA,HOUSEHOLD,Monday,3,1,2012,NA,NA,NA,NA,0,0,0,393,1787.6900000000032,5.21873464373462,200
2012-01-24,CA_1,CA,FOODS,Tuesday,4,1,2012,NA,NA,NA,NA,0,0,0,1947,4677.010000000005,2.581270247229316,477
2012-01-24,CA_1,CA,HOBBIES,Tuesday,4,1,2012,NA,NA,NA,NA,0,0,0,285,705.5100000000001,3.465943775100406,97
2012-01-24,CA_1,CA,HOUSEHOLD,Tuesday,4,1,2012,NA,NA,NA,NA,0,0,0,339,1575.000000000003,5.270361290322553,185
2012-01-25,CA_1,CA,FOODS,Wednesday,5,1,2012,NA,NA,NA,NA,0,0,0,1788,4197.400000000008,2.597222982216133,471
2012-01-25,CA_1,CA,HOBBIES,Wednesday,5,1,2012,NA,NA,NA,NA,0,0,0,296,622.3100000000004,3.2812548262548287,88
2012-01-25,CA_1,CA,HOUSEHOLD,Wednesday,5,1,2012,NA,NA,NA,NA,0,0,0,376,1726.7600000000036,5.204849624060123,199
2012-01-26,CA_1,CA,FOODS,Thursday,6,1,2012,NA,NA,NA,NA,0,0,0,1805,4337.260000000003,2.6295223073456375,462
2012-01-26,CA_1,CA,HOBBIES,Thursday,6,1,2012,NA,NA,NA,NA,0,0,0,499,952.6000000000007,2.7524647887323974,99
2012-01-26,CA_1,CA,HOUSEHOLD,Thursday,6,1,2012,NA,NA,NA,NA,0,0,0,376,1666.3000000000025,5.134404015056433,200
2012-01-27,CA_1,CA,FOODS,Friday,7,1,2012,NA,NA,NA,NA,0,0,0,2506,5679.589999999999,2.4523396094839502,514
2012-01-27,CA_1,CA,HOBBIES,Friday,7,1,2012,NA,NA,NA,NA,0,0,0,456,1141.5400000000004,3.1392713178294605,121
2012-01-27,CA_1,CA,HOUSEHOLD,Friday,7,1,2012,NA,NA,NA,NA,0,0,0,482,2184.0700000000033,5.087718894009198,235
2012-01-28,CA_1,CA,FOODS,Saturday,1,1,2012,NA,NA,NA,NA,0,0,1,3082,7257.849999999995,2.484254630990873,573
2012-01-28,CA_1,CA,HOBBIES,Saturday,1,1,2012,NA,NA,NA,NA,0,0,1,494,1225.3100000000004,3.0084310850439917,122
2012-01-28,CA_1,CA,HOUSEHOLD,Saturday,1,1,2012,NA,NA,NA,NA,0,0,1,665,2804.889999999999,4.827917485265219,276
2012-01-29,CA_1,CA,FOODS,Sunday,2,1,2012,NA,NA,NA,NA,0,0,1,3135,7615.359999999992,2.5463374604088584,554
2012-01-29,CA_1,CA,HOBBIES,Sunday,2,1,2012,NA,NA,NA,NA,0,0,1,411,1309.9600000000003,3.612789915966383,126
2012-01-29,CA_1,CA,HOUSEHOLD,Sunday,2,1,2012,NA,NA,NA,NA,0,0,1,601,2827.0499999999984,5.127442827442822,268
2012-01-30,CA_1,CA,FOODS,Monday,3,1,2012,NA,NA,NA,NA,0,0,0,2167,5178.959999999997,2.5776023391812726,494
2012-01-30,CA_1,CA,HOBBIES,Monday,3,1,2012,NA,NA,NA,NA,0,0,0,263,853.31,3.793270042194098,99
2012-01-30,CA_1,CA,HOUSEHOLD,Monday,3,1,2012,NA,NA,NA,NA,0,0,0,459,2100.800000000002,5.097131147540966,234
2012-01-31,CA_1,CA,FOODS,Tuesday,4,1,2012,NA,NA,NA,NA,0,0,0,2163,5380.049999999999,2.6488123515439295,529
2012-01-31,CA_1,CA,HOBBIES,Tuesday,4,1,2012,NA,NA,NA,NA,0,0,0,329,780.3500000000004,3.2593796992481248,107
2012-01-31,CA_1,CA,HOUSEHOLD,Tuesday,4,1,2012,NA,NA,NA,NA,0,0,0,400,1714.400000000003,5.083112183353413,200
2012-02-01,CA_1,CA,FOODS,Wednesday,5,2,2012,NA,NA,NA,NA,1,0,0,2394,5828.050000000001,2.5903825333814376,515
2012-02-01,CA_1,CA,HOBBIES,Wednesday,5,2,2012,NA,NA,NA,NA,1,0,0,403,900.3900000000001,3.0719439868204312,106
2012-02-01,CA_1,CA,HOUSEHOLD,Wednesday,5,2,2012,NA,NA,NA,NA,1,0,0,408,1892.1500000000035,5.205048192771065,207
2012-02-02,CA_1,CA,FOODS,Thursday,6,2,2012,NA,NA,NA,NA,1,0,0,2502,6153.159999999994,2.6113258505787287,543
2012-02-02,CA_1,CA,HOBBIES,Thursday,6,2,2012,NA,NA,NA,NA,1,0,0,436,1007.5900000000009,2.9974350649350687,130
2012-02-02,CA_1,CA,HOUSEHOLD,Thursday,6,2,2012,NA,NA,NA,NA,1,0,0,471,2128.030000000002,5.146363636363623,231
2012-02-03,CA_1,CA,FOODS,Friday,7,2,2012,NA,NA,NA,NA,1,0,0,3134,7723.629999999993,2.566998844598484,564
2012-02-03,CA_1,CA,HOBBIES,Friday,7,2,2012,NA,NA,NA,NA,1,0,0,537,1288.9200000000014,2.9928832630098436,136
2012-02-03,CA_1,CA,HOUSEHOLD,Friday,7,2,2012,NA,NA,NA,NA,1,0,0,598,2475.7499999999995,4.825445134575559,261
2012-02-04,CA_1,CA,FOODS,Saturday,1,2,2012,NA,NA,NA,NA,1,0,1,4370,10676.569999999972,2.5116563235608704,592
2012-02-04,CA_1,CA,HOBBIES,Saturday,1,2,2012,NA,NA,NA,NA,1,0,1,643,1795.42,3.116467661691528,150
2012-02-04,CA_1,CA,HOUSEHOLD,Saturday,1,2,2012,NA,NA,NA,NA,1,0,1,773,3534.3699999999935,5.000893655049151,291
2012-02-05,CA_1,CA,FOODS,Sunday,2,2,2012,SuperBowl,Sporting,NA,NA,1,1,1,3743,9411.8399999999765,2.5888784584980105,590
2012-02-05,CA_1,CA,HOBBIES,Sunday,2,2,2012,SuperBowl,Sporting,NA,NA,1,1,1,482,1218.8500000000006,3.1185692771084343,129
2012-02-05,CA_1,CA,HOUSEHOLD,Sunday,2,2,2012,SuperBowl,Sporting,NA,NA,1,1,1,558,2630.49,5.156120689655162,267
2012-02-06,CA_1,CA,FOODS,Monday,3,2,2012,NA,NA,NA,NA,1,0,0,2665,6813.799999999991,2.6967855962999465,533
2012-02-06,CA_1,CA,HOBBIES,Monday,3,2,2012,NA,NA,NA,NA,1,0,0,442,810.7700000000003,2.8736238532110128,99
2012-02-06,CA_1,CA,HOUSEHOLD,Monday,3,2,2012,NA,NA,NA,NA,1,0,0,531,2444.7100000000023,5.170548847420406,257
2012-02-07,CA_1,CA,FOODS,Tuesday,4,2,2012,NA,NA,NA,NA,1,0,0,2392,5919.469999999997,2.6302106027596075,533
2012-02-07,CA_1,CA,HOBBIES,Tuesday,4,2,2012,NA,NA,NA,NA,1,0,0,365,767.3000000000006,3.126187175043331,99
2012-02-07,CA_1,CA,HOUSEHOLD,Tuesday,4,2,2012,NA,NA,NA,NA,1,0,0,402,1922.4700000000046,5.2992307692307525,220
2012-02-08,CA_1,CA,FOODS,Wednesday,5,2,2012,NA,NA,NA,NA,1,0,0,2362,5790.8699999999835,2.6059854545454346,507
2012-02-08,CA_1,CA,HOBBIES,Wednesday,5,2,2012,NA,NA,NA,NA,1,0,0,287,818.6100000000004,3.5890836653386495,96
2012-02-08,CA_1,CA,HOUSEHOLD,Wednesday,5,2,2012,NA,NA,NA,NA,1,0,0,392,1893.7500000000043,5.306440886699486,217
2012-02-09,CA_1,CA,FOODS,Thursday,6,2,2012,NA,NA,NA,NA,1,0,0,2303,5895.319999999999,2.7005984484669208,491
2012-02-09,CA_1,CA,HOBBIES,Thursday,6,2,2012,NA,NA,NA,NA,1,0,0,317,927.2100000000005,3.5913759689922515,112
2012-02-09,CA_1,CA,HOUSEHOLD,Thursday,6,2,2012,NA,NA,NA,NA,1,0,0,414,2015.2400000000043,5.265421245421226,232
2012-02-10,CA_1,CA,FOODS,Friday,7,2,2012,NA,NA,NA,NA,1,0,0,2773,6672.589999999993,2.52484499840203,539
2012-02-10,CA_1,CA,HOBBIES,Friday,7,2,2012,NA,NA,NA,NA,1,0,0,253,1005.2300000000004,4.2155629139072905,111
2012-02-10,CA_1,CA,HOUSEHOLD,Friday,7,2,2012,NA,NA,NA,NA,1,0,0,490,2296.9900000000025,5.168077803203647,253
2012-02-11,CA_1,CA,FOODS,Saturday,1,2,2012,NA,NA,NA,NA,0,0,1,4082,10157.25999999999,2.5540526918671143,614
2012-02-11,CA_1,CA,HOBBIES,Saturday,1,2,2012,NA,NA,NA,NA,0,0,1,593,1562.4200000000012,3.0997105263157794,150
2012-02-11,CA_1,CA,HOUSEHOLD,Saturday,1,2,2012,NA,NA,NA,NA,0,0,1,788,3598.8799999999987,4.977502230151649,314
2012-02-12,CA_1,CA,FOODS,Sunday,2,2,2012,NA,NA,NA,NA,0,0,1,4031,9939.859999999984,2.5374994216978837,605
2012-02-12,CA_1,CA,HOBBIES,Sunday,2,2,2012,NA,NA,NA,NA,0,0,1,449,1499.4300000000007,3.7153301127214045,145
2012-02-12,CA_1,CA,HOUSEHOLD,Sunday,2,2,2012,NA,NA,NA,NA,0,0,1,750,3400.8099999999954,4.999393115942039,293
2012-02-13,CA_1,CA,FOODS,Monday,3,2,2012,NA,NA,NA,NA,0,0,0,2966,7455.5999999999885,2.613205205811125,559
2012-02-13,CA_1,CA,HOBBIES,Monday,3,2,2012,NA,NA,NA,NA,0,0,0,217,838.2000000000004,4.1218139534883775,104
2012-02-13,CA_1,CA,HOUSEHOLD,Monday,3,2,2012,NA,NA,NA,NA,0,0,0,491,2303.330000000002,5.26270179372196,246
2012-02-14,CA_1,CA,FOODS,Tuesday,4,2,2012,ValentinesDay,Cultural,NA,NA,0,1,0,1997,4851.530000000002,2.6004428807946876,478
2012-02-14,CA_1,CA,HOBBIES,Tuesday,4,2,2012,ValentinesDay,Cultural,NA,NA,0,1,0,311,838.8900000000003,3.5018975332068347,101
2012-02-14,CA_1,CA,HOUSEHOLD,Tuesday,4,2,2012,ValentinesDay,Cultural,NA,NA,0,1,0,295,1249.0200000000023,5.307602108036863,183
2012-02-15,CA_1,CA,FOODS,Wednesday,5,2,2012,NA,NA,NA,NA,0,0,0,1938,4607.040000000002,2.5905797714769223,472
2012-02-15,CA_1,CA,HOBBIES,Wednesday,5,2,2012,NA,NA,NA,NA,0,0,0,334,956.9700000000006,3.414440298507467,115
2012-02-15,CA_1,CA,HOUSEHOLD,Wednesday,5,2,2012,NA,NA,NA,NA,0,0,0,397,1802.730000000003,5.226419902912598,220
2012-02-16,CA_1,CA,FOODS,Thursday,6,2,2012,NA,NA,NA,NA,0,0,0,2045,4881.630000000004,2.5784395424836477,494
2012-02-16,CA_1,CA,HOBBIES,Thursday,6,2,2012,NA,NA,NA,NA,0,0,0,348,897.1900000000009,3.351890459363961,99
2012-02-16,CA_1,CA,HOUSEHOLD,Thursday,6,2,2012,NA,NA,NA,NA,0,0,0,439,2043.7200000000034,5.259173457508719,227
2012-02-17,CA_1,CA,FOODS,Friday,7,2,2012,NA,NA,NA,NA,0,0,0,2420,6307.099999999995,2.7195722501797137,535
2012-02-17,CA_1,CA,HOBBIES,Friday,7,2,2012,NA,NA,NA,NA,0,0,0,335,1055.3600000000006,3.636560150375945,120
2012-02-17,CA_1,CA,HOUSEHOLD,Friday,7,2,2012,NA,NA,NA,NA,0,0,0,556,2645.8599999999983,5.236357688113401,286
2012-02-18,CA_1,CA,FOODS,Saturday,1,2,2012,NA,NA,NA,NA,0,0,1,3314,8116.219999999985,2.555288144895708,570
2012-02-18,CA_1,CA,HOBBIES,Saturday,1,2,2012,NA,NA,NA,NA,0,0,1,544,1483.9300000000005,3.226267029972739,141
2012-02-18,CA_1,CA,HOUSEHOLD,Saturday,1,2,2012,NA,NA,NA,NA,0,0,1,676,3187.5199999999995,5.123310479921644,305
2012-02-19,CA_1,CA,FOODS,Sunday,2,2,2012,NA,NA,NA,NA,0,0,1,3376,8584.569999999982,2.634754716981119,566
2012-02-19,CA_1,CA,HOBBIES,Sunday,2,2,2012,NA,NA,NA,NA,0,0,1,428,1394.3300000000006,3.6850647249190795,141
2012-02-19,CA_1,CA,HOUSEHOLD,Sunday,2,2,2012,NA,NA,NA,NA,0,0,1,731,3409.5099999999998,5.0964444444444466,301
2012-02-20,CA_1,CA,FOODS,Monday,3,2,2012,PresidentsDay,National,NA,NA,0,1,0,2770,6476.439999999995,2.4888336520076337,532
2012-02-20,CA_1,CA,HOBBIES,Monday,3,2,2012,PresidentsDay,National,NA,NA,0,1,0,343,1108.48,3.7645551601423453,112
2012-02-20,CA_1,CA,HOUSEHOLD,Monday,3,2,2012,PresidentsDay,National,NA,NA,0,1,0,608,2872.0899999999974,5.1488313008130016,274
2012-02-21,CA_1,CA,FOODS,Tuesday,4,2,2012,NA,NA,NA,NA,0,0,0,2045,4833.689999999997,2.569477521263655,476
2012-02-21,CA_1,CA,HOBBIES,Tuesday,4,2,2012,NA,NA,NA,NA,0,0,0,352,972.5799999999999,3.502491349480974,105
2012-02-21,CA_1,CA,HOUSEHOLD,Tuesday,4,2,2012,NA,NA,NA,NA,0,0,0,426,1925.110000000005,5.1922576832151135,230
2012-02-22,CA_1,CA,FOODS,Wednesday,5,2,2012,LentStart,Religious,NA,NA,0,1,0,2006,4839.830000000003,2.599568078979831,475
2012-02-22,CA_1,CA,HOBBIES,Wednesday,5,2,2012,LentStart,Religious,NA,NA,0,1,0,395,1094.2700000000004,3.4025247524752515,120
2012-02-22,CA_1,CA,HOUSEHOLD,Wednesday,5,2,2012,LentStart,Religious,NA,NA,0,1,0,373,1794.2800000000045,5.364247246022014,206
2012-02-23,CA_1,CA,FOODS,Thursday,6,2,2012,NA,NA,NA,NA,0,0,0,2035,4756.070000000004,2.5562585858585742,460
2012-02-23,CA_1,CA,HOBBIES,Thursday,6,2,2012,NA,NA,NA,NA,0,0,0,326,944.6100000000007,3.65741635687733,119
2012-02-23,CA_1,CA,HOUSEHOLD,Thursday,6,2,2012,NA,NA,NA,NA,0,0,0,437,1958.9500000000041,5.220174418604636,227
2012-02-24,CA_1,CA,FOODS,Friday,7,2,2012,NA,NA,NA,NA,0,0,0,2503,6183.799999999995,2.5964851657940513,538
2012-02-24,CA_1,CA,HOBBIES,Friday,7,2,2012,NA,NA,NA,NA,0,0,0,278,1016.7300000000006,4.01109730848862,126
2012-02-24,CA_1,CA,HOUSEHOLD,Friday,7,2,2012,NA,NA,NA,NA,0,0,0,499,2342.1600000000026,5.207325842696613,259
2012-02-25,CA_1,CA,FOODS,Saturday,1,2,2012,NA,NA,NA,NA,0,0,1,3481,8560.549999999983,2.547926765015796,587
2012-02-25,CA_1,CA,HOBBIES,Saturday,1,2,2012,NA,NA,NA,NA,0,0,1,594,1394.2600000000007,2.9041923076922966,147
2012-02-25,CA_1,CA,HOUSEHOLD,Saturday,1,2,2012,NA,NA,NA,NA,0,0,1,731,3347.9499999999985,5.02350046425255,310
2012-02-26,CA_1,CA,FOODS,Sunday,2,2,2012,NA,NA,NA,NA,0,0,1,3415,8484.249999999987,2.579774056352992,555
2012-02-26,CA_1,CA,HOBBIES,Sunday,2,2,2012,NA,NA,NA,NA,0,0,1,372,1140.1200000000013,3.6272727272727314,133
2012-02-26,CA_1,CA,HOUSEHOLD,Sunday,2,2,2012,NA,NA,NA,NA,0,0,1,643,2992.7499999999986,5.095611439842203,285
2012-02-27,CA_1,CA,FOODS,Monday,3,2,2012,NA,NA,NA,NA,0,0,0,2197,5435.04,2.6341929285165144,497
2012-02-27,CA_1,CA,HOBBIES,Monday,3,2,2012,NA,NA,NA,NA,0,0,0,325,857.2800000000004,3.5086500888099534,95
2012-02-27,CA_1,CA,HOUSEHOLD,Monday,3,2,2012,NA,NA,NA,NA,0,0,0,476,2205.690000000003,5.211499448732067,225
2012-02-28,CA_1,CA,FOODS,Tuesday,4,2,2012,NA,NA,NA,NA,0,0,0,2011,5066.880000000004,2.68739023389412,476
2012-02-28,CA_1,CA,HOBBIES,Tuesday,4,2,2012,NA,NA,NA,NA,0,0,0,275,832.5700000000004,3.7461904761904834,104
2012-02-28,CA_1,CA,HOUSEHOLD,Tuesday,4,2,2012,NA,NA,NA,NA,0,0,0,421,1960.6000000000042,5.270152582159611,225
2012-02-29,CA_1,CA,FOODS,Wednesday,5,2,2012,LentWeek2,Religious,NA,NA,0,1,0,2025,4769.420000000003,2.5756544715447034,467
2012-02-29,CA_1,CA,HOBBIES,Wednesday,5,2,2012,LentWeek2,Religious,NA,NA,0,1,0,485,962.8400000000004,2.8578316690442267,117
2012-02-29,CA_1,CA,HOUSEHOLD,Wednesday,5,2,2012,LentWeek2,Religious,NA,NA,0,1,0,405,1888.4700000000028,5.257191539365436,210
2012-03-01,CA_1,CA,FOODS,Thursday,6,3,2012,NA,NA,NA,NA,1,0,0,2538,6148.009999999999,2.5799007189318592,519
2012-03-01,CA_1,CA,HOBBIES,Thursday,6,3,2012,NA,NA,NA,NA,1,0,0,598,1251.3100000000009,2.7944651741293463,127
2012-03-01,CA_1,CA,HOUSEHOLD,Thursday,6,3,2012,NA,NA,NA,NA,1,0,0,467,2049.5500000000056,5.163690888119941,256
2012-03-02,CA_1,CA,FOODS,Friday,7,3,2012,NA,NA,NA,NA,1,0,0,2915,6674.1899999999905,2.443676650366735,545
2012-03-02,CA_1,CA,HOBBIES,Friday,7,3,2012,NA,NA,NA,NA,1,0,0,521,1141.6500000000005,2.924918478260868,118
2012-03-02,CA_1,CA,HOUSEHOLD,Friday,7,3,2012,NA,NA,NA,NA,1,0,0,589,2521.4900000000007,4.930308008213543,271
2012-03-03,CA_1,CA,FOODS,Saturday,1,3,2012,NA,NA,NA,NA,1,0,1,3843,9207.52999999999,2.497031136857345,617
2012-03-03,CA_1,CA,HOBBIES,Saturday,1,3,2012,NA,NA,NA,NA,1,0,1,544,1570.360000000001,3.302319444444434,161
2012-03-03,CA_1,CA,HOUSEHOLD,Saturday,1,3,2012,NA,NA,NA,NA,1,0,1,736,3259.679999999998,4.919721189591075,325
2012-03-04,CA_1,CA,FOODS,Sunday,2,3,2012,NA,NA,NA,NA,1,0,1,3965,9523.769999999993,2.4982675694606513,599
2012-03-04,CA_1,CA,HOBBIES,Sunday,2,3,2012,NA,NA,NA,NA,1,0,1,435,1408.5600000000006,3.6887359999999862,147
2012-03-04,CA_1,CA,HOUSEHOLD,Sunday,2,3,2012,NA,NA,NA,NA,1,0,1,765,3575.599999999996,5.0988660714285725,310
2012-03-05,CA_1,CA,FOODS,Monday,3,3,2012,NA,NA,NA,NA,1,0,0,3036,7503.339999999998,2.5837706367924453,561
2012-03-05,CA_1,CA,HOBBIES,Monday,3,3,2012,NA,NA,NA,NA,1,0,0,290,917.5600000000009,3.8054403131115517,116
2012-03-05,CA_1,CA,HOUSEHOLD,Monday,3,3,2012,NA,NA,NA,NA,1,0,0,567,2569.899999999999,5.101523316062166,267
2012-03-06,CA_1,CA,FOODS,Tuesday,4,3,2012,NA,NA,NA,NA,1,0,0,2561,6612.789999999994,2.707279863481217,548
2012-03-06,CA_1,CA,HOBBIES,Tuesday,4,3,2012,NA,NA,NA,NA,1,0,0,405,940.4100000000007,3.2211464968152916,114
2012-03-06,CA_1,CA,HOUSEHOLD,Tuesday,4,3,2012,NA,NA,NA,NA,1,0,0,432,1990.0300000000038,5.240360884749695,238
2012-03-07,CA_1,CA,FOODS,Wednesday,5,3,2012,NA,NA,NA,NA,1,0,0,2658,6758.979999999997,2.685729372937282,545
2012-03-07,CA_1,CA,HOBBIES,Wednesday,5,3,2012,NA,NA,NA,NA,1,0,0,402,795.5800000000007,3.0781959564541266,96
2012-03-07,CA_1,CA,HOUSEHOLD,Wednesday,5,3,2012,NA,NA,NA,NA,1,0,0,481,1998.6600000000037,4.9215942028985324,249
2012-03-08,CA_1,CA,FOODS,Thursday,6,3,2012,Purim End,Religious,NA,NA,1,1,0,2663,6666.6399999999985,2.6316333224007775,531
2012-03-08,CA_1,CA,HOBBIES,Thursday,6,3,2012,Purim End,Religious,NA,NA,1,1,0,262,844.6900000000006,3.852510121457497,105
2012-03-08,CA_1,CA,HOUSEHOLD,Thursday,6,3,2012,Purim End,Religious,NA,NA,1,1,0,467,2046.3800000000033,5.0548988764044775,242
2012-03-09,CA_1,CA,FOODS,Friday,7,3,2012,NA,NA,NA,NA,1,0,0,2860,7116.069999999997,2.606257783312566,565
2012-03-09,CA_1,CA,HOBBIES,Friday,7,3,2012,NA,NA,NA,NA,1,0,0,362,1104.3400000000001,3.617356521739133,124
2012-03-09,CA_1,CA,HOUSEHOLD,Friday,7,3,2012,NA,NA,NA,NA,1,0,0,564,2508.300000000002,5.096172450052564,278
2012-03-10,CA_1,CA,FOODS,Saturday,1,3,2012,NA,NA,NA,NA,1,0,1,4045,10012.889999999981,2.5621623480852938,614
2012-03-10,CA_1,CA,HOBBIES,Saturday,1,3,2012,NA,NA,NA,NA,1,0,1,535,1582.0800000000008,3.416820083681999,158
2012-03-10,CA_1,CA,HOUSEHOLD,Saturday,1,3,2012,NA,NA,NA,NA,1,0,1,774,3477.489999999995,4.945373537353737,333
2012-03-11,CA_1,CA,FOODS,Sunday,2,3,2012,NA,NA,NA,NA,0,0,1,4013,10173.549999999994,2.6203722543352512,618
2012-03-11,CA_1,CA,HOBBIES,Sunday,2,3,2012,NA,NA,NA,NA,0,0,1,653,1603.4900000000007,2.917074910820444,152
2012-03-11,CA_1,CA,HOUSEHOLD,Sunday,2,3,2012,NA,NA,NA,NA,0,0,1,836,3515.109999999996,4.794110275689226,309
2012-03-12,CA_1,CA,FOODS,Monday,3,3,2012,NA,NA,NA,NA,0,0,0,2729,6928.629999999998,2.6688199356913094,549
2012-03-12,CA_1,CA,HOBBIES,Monday,3,3,2012,NA,NA,NA,NA,0,0,0,390,925.3900000000007,3.261902439024395,115
2012-03-12,CA_1,CA,HOUSEHOLD,Monday,3,3,2012,NA,NA,NA,NA,0,0,0,524,2137.7600000000025,4.931624472573828,246
2012-03-13,CA_1,CA,FOODS,Tuesday,4,3,2012,NA,NA,NA,NA,0,0,0,2043,5183.36,2.7241457489878433,503
2012-03-13,CA_1,CA,HOBBIES,Tuesday,4,3,2012,NA,NA,NA,NA,0,0,0,323,710.9700000000005,3.3562274368231106,109
2012-03-13,CA_1,CA,HOUSEHOLD,Tuesday,4,3,2012,NA,NA,NA,NA,0,0,0,470,2043.2800000000034,5.071919302071962,223
2012-03-14,CA_1,CA,FOODS,Wednesday,5,3,2012,NA,NA,NA,NA,0,0,0,2157,5377.650000000004,2.664581874756894,516
2012-03-14,CA_1,CA,HOBBIES,Wednesday,5,3,2012,NA,NA,NA,NA,0,0,0,236,701.9600000000006,3.8558230452674955,90
2012-03-14,CA_1,CA,HOUSEHOLD,Wednesday,5,3,2012,NA,NA,NA,NA,0,0,0,428,1818.2600000000036,5.073080407701005,215
2012-03-15,CA_1,CA,FOODS,Thursday,6,3,2012,NA,NA,NA,NA,0,0,0,2323,5791.370000000002,2.6525183823529317,533
2012-03-15,CA_1,CA,HOBBIES,Thursday,6,3,2012,NA,NA,NA,NA,0,0,0,382,993.3000000000004,3.390000000000001,102
2012-03-15,CA_1,CA,HOUSEHOLD,Thursday,6,3,2012,NA,NA,NA,NA,0,0,0,456,1972.180000000004,5.114433221099875,235
2012-03-16,CA_1,CA,FOODS,Friday,7,3,2012,NA,NA,NA,NA,0,0,0,2708,6593.959999999993,2.582375203915162,573
2012-03-16,CA_1,CA,HOBBIES,Friday,7,3,2012,NA,NA,NA,NA,0,0,0,500,1261.1000000000006,3.182008426966282,128
2012-03-16,CA_1,CA,HOUSEHOLD,Friday,7,3,2012,NA,NA,NA,NA,0,0,0,529,2315.520000000001,5.033132911392395,251
2012-03-17,CA_1,CA,FOODS,Saturday,1,3,2012,StPatricksDay,Cultural,NA,NA,0,1,1,3442,8345.970000000001,2.5441481481481376,595
2012-03-17,CA_1,CA,HOBBIES,Saturday,1,3,2012,StPatricksDay,Cultural,NA,NA,0,1,1,517,1576.6000000000006,3.413786816269273,145
2012-03-17,CA_1,CA,HOUSEHOLD,Saturday,1,3,2012,StPatricksDay,Cultural,NA,NA,0,1,1,759,3509.1699999999955,5.082884955752217,302
2012-03-18,CA_1,CA,FOODS,Sunday,2,3,2012,NA,NA,NA,NA,0,0,1,3657,8941.549999999988,2.549351921627722,609
2012-03-18,CA_1,CA,HOBBIES,Sunday,2,3,2012,NA,NA,NA,NA,0,0,1,465,1532.320000000001,3.6570290964777814,153
2012-03-18,CA_1,CA,HOUSEHOLD,Sunday,2,3,2012,NA,NA,NA,NA,0,0,1,844,3755.3599999999947,4.9109290540540576,333
2012-03-19,CA_1,CA,FOODS,Monday,3,3,2012,NA,NA,NA,NA,0,0,0,2647,6269.869999999998,2.5367172550313337,549
2012-03-19,CA_1,CA,HOBBIES,Monday,3,3,2012,NA,NA,NA,NA,0,0,0,420,1157.270000000001,3.478489666136722,132
2012-03-19,CA_1,CA,HOUSEHOLD,Monday,3,3,2012,NA,NA,NA,NA,0,0,0,554,2541.200000000001,5.138240252897775,278
2012-03-20,CA_1,CA,FOODS,Tuesday,4,3,2012,NA,NA,NA,NA,0,0,0,2155,5106.460000000001,2.584031067961154,513
2012-03-20,CA_1,CA,HOBBIES,Tuesday,4,3,2012,NA,NA,NA,NA,0,0,0,349,1139.56,3.83659758203799,111
2012-03-20,CA_1,CA,HOUSEHOLD,Tuesday,4,3,2012,NA,NA,NA,NA,0,0,0,435,1977.6500000000046,5.198895216400895,230
2012-03-21,CA_1,CA,FOODS,Wednesday,5,3,2012,NA,NA,NA,NA,0,0,0,2051,4634.920000000004,2.5144953759549553,497
2012-03-21,CA_1,CA,HOBBIES,Wednesday,5,3,2012,NA,NA,NA,NA,0,0,0,280,907.2200000000007,3.9373346303502,107
2012-03-21,CA_1,CA,HOUSEHOLD,Wednesday,5,3,2012,NA,NA,NA,NA,0,0,0,433,1777.840000000004,5.103791523482229,233
2012-03-22,CA_1,CA,FOODS,Thursday,6,3,2012,NA,NA,NA,NA,0,0,0,2439,5712.090000000004,2.519884007029867,527
2012-03-22,CA_1,CA,HOBBIES,Thursday,6,3,2012,NA,NA,NA,NA,0,0,0,263,842.8800000000005,3.930060728744946,110
2012-03-22,CA_1,CA,HOUSEHOLD,Thursday,6,3,2012,NA,NA,NA,NA,0,0,0,401,1770.6700000000033,5.194988151658754,230
2012-03-23,CA_1,CA,FOODS,Friday,7,3,2012,NA,NA,NA,NA,0,0,0,2515,5957.449999999998,2.5296817710134785,557
2012-03-23,CA_1,CA,HOBBIES,Friday,7,3,2012,NA,NA,NA,NA,0,0,0,411,1240.0000000000011,3.4712057877813485,130
2012-03-23,CA_1,CA,HOUSEHOLD,Friday,7,3,2012,NA,NA,NA,NA,0,0,0,488,1962.030000000004,4.99196078431371,243
2012-03-24,CA_1,CA,FOODS,Saturday,1,3,2012,NA,NA,NA,NA,0,0,1,3809,8639.389999999992,2.377826932425853,631
2012-03-24,CA_1,CA,HOBBIES,Saturday,1,3,2012,NA,NA,NA,NA,0,0,1,657,1575.3900000000003,2.9001543942992773,157
2012-03-24,CA_1,CA,HOUSEHOLD,Saturday,1,3,2012,NA,NA,NA,NA,0,0,1,745,3454.9099999999935,5.064016172506737,307
2012-03-25,CA_1,CA,FOODS,Sunday,2,3,2012,NA,NA,NA,NA,0,0,1,3925,9457.979999999996,2.509938635827228,624
2012-03-25,CA_1,CA,HOBBIES,Sunday,2,3,2012,NA,NA,NA,NA,0,0,1,475,1286.9499999999998,3.3675695461200474,134
2012-03-25,CA_1,CA,HOUSEHOLD,Sunday,2,3,2012,NA,NA,NA,NA,0,0,1,840,3796.099999999996,4.958284023668643,332
2012-03-26,CA_1,CA,FOODS,Monday,3,3,2012,NA,NA,NA,NA,0,0,0,2366,5846.269999999997,2.6380776206020915,545
2012-03-26,CA_1,CA,HOBBIES,Monday,3,3,2012,NA,NA,NA,NA,0,0,0,311,1038.9900000000005,3.9727443609022575,121
2012-03-26,CA_1,CA,HOUSEHOLD,Monday,3,3,2012,NA,NA,NA,NA,0,0,0,490,2328.240000000003,5.286844444444434,265
2012-03-27,CA_1,CA,FOODS,Tuesday,4,3,2012,NA,NA,NA,NA,0,0,0,2061,5032.960000000006,2.6352703243892566,500
2012-03-27,CA_1,CA,HOBBIES,Tuesday,4,3,2012,NA,NA,NA,NA,0,0,0,399,963.5300000000008,3.2526182965299726,107
2012-03-27,CA_1,CA,HOUSEHOLD,Tuesday,4,3,2012,NA,NA,NA,NA,0,0,0,429,1766.600000000004,5.075368898978418,223
2012-03-28,CA_1,CA,FOODS,Wednesday,5,3,2012,NA,NA,NA,NA,0,0,0,1997,5007.810000000001,2.694918716131711,534
2012-03-28,CA_1,CA,HOBBIES,Wednesday,5,3,2012,NA,NA,NA,NA,0,0,0,358,948.5500000000002,3.536478632478638,115
2012-03-28,CA_1,CA,HOUSEHOLD,Wednesday,5,3,2012,NA,NA,NA,NA,0,0,0,413,1909.2000000000044,5.276535714285702,248
2012-03-29,CA_1,CA,FOODS,Thursday,6,3,2012,NA,NA,NA,NA,0,0,0,1975,4797.9400000000005,2.6561583091587115,498
2012-03-29,CA_1,CA,HOBBIES,Thursday,6,3,2012,NA,NA,NA,NA,0,0,0,257,887.6400000000007,4.03385714285715,109
2012-03-29,CA_1,CA,HOUSEHOLD,Thursday,6,3,2012,NA,NA,NA,NA,0,0,0,393,1607.0900000000026,5.1096721311475255,214
2012-03-30,CA_1,CA,FOODS,Friday,7,3,2012,NA,NA,NA,NA,0,0,0,3104,7803.320000000001,2.6420057636887493,570
2012-03-30,CA_1,CA,HOBBIES,Friday,7,3,2012,NA,NA,NA,NA,0,0,0,586,1326.7400000000002,2.934337957124833,135
2012-03-30,CA_1,CA,HOUSEHOLD,Friday,7,3,2012,NA,NA,NA,NA,0,0,0,565,2565.420000000001,5.126694473409793,281
2012-03-31,CA_1,CA,FOODS,Saturday,1,3,2012,NA,NA,NA,NA,0,0,1,3508,8386.939999999993,2.510078084331068,607
2012-03-31,CA_1,CA,HOBBIES,Saturday,1,3,2012,NA,NA,NA,NA,0,0,1,630,1706.3500000000004,3.168438617401658,136
2012-03-31,CA_1,CA,HOUSEHOLD,Saturday,1,3,2012,NA,NA,NA,NA,0,0,1,764,3529.499999999997,5.033470483005366,322
2012-04-01,CA_1,CA,FOODS,Sunday,2,4,2012,NA,NA,NA,NA,1,0,1,3993,9737.919999999993,2.5417405430494253,625
2012-04-01,CA_1,CA,HOBBIES,Sunday,2,4,2012,NA,NA,NA,NA,1,0,1,440,1643.4000000000008,3.9753459119496686,149
2012-04-01,CA_1,CA,HOUSEHOLD,Sunday,2,4,2012,NA,NA,NA,NA,1,0,1,748,3484.679999999992,5.087244805781398,317
2012-04-02,CA_1,CA,FOODS,Monday,3,4,2012,NA,NA,NA,NA,1,0,0,2886,7115.469999999999,2.5936051502145827,565
2012-04-02,CA_1,CA,HOBBIES,Monday,3,4,2012,NA,NA,NA,NA,1,0,0,446,987.7200000000009,3.1237058823529398,111
2012-04-02,CA_1,CA,HOUSEHOLD,Monday,3,4,2012,NA,NA,NA,NA,1,0,0,493,2175.350000000002,5.057321041214738,247
2012-04-03,CA_1,CA,FOODS,Tuesday,4,4,2012,NA,NA,NA,NA,1,0,0,3114,7311.029999999992,2.487253886010351,581
2012-04-03,CA_1,CA,HOBBIES,Tuesday,4,4,2012,NA,NA,NA,NA,1,0,0,409,1191.5600000000006,3.5014511041009415,120
2012-04-03,CA_1,CA,HOUSEHOLD,Tuesday,4,4,2012,NA,NA,NA,NA,1,0,0,482,2056.6300000000047,5.092057522123882,254
2012-04-04,CA_1,CA,FOODS,Wednesday,5,4,2012,NA,NA,NA,NA,1,0,0,2784,6931.879999999993,2.6245261489698777,570
2012-04-04,CA_1,CA,HOBBIES,Wednesday,5,4,2012,NA,NA,NA,NA,1,0,0,269,822.0300000000005,3.848276553106219,115
2012-04-04,CA_1,CA,HOUSEHOLD,Wednesday,5,4,2012,NA,NA,NA,NA,1,0,0,440,1988.5300000000034,5.163404494382007,226
2012-04-05,CA_1,CA,FOODS,Thursday,6,4,2012,NA,NA,NA,NA,1,0,0,3033,7395.159999999984,2.5782982508152834,601
2012-04-05,CA_1,CA,HOBBIES,Thursday,6,4,2012,NA,NA,NA,NA,1,0,0,392,1167.9500000000007,3.5641282894736817,129
2012-04-05,CA_1,CA,HOUSEHOLD,Thursday,6,4,2012,NA,NA,NA,NA,1,0,0,548,2339.430000000002,5.003608465608455,279
2012-04-06,CA_1,CA,FOODS,Friday,7,4,2012,NA,NA,NA,NA,1,0,0,4053,9656.849999999982,2.484156171284624,627
2012-04-06,CA_1,CA,HOBBIES,Friday,7,4,2012,NA,NA,NA,NA,1,0,0,483,1424.4700000000007,3.4508957415565216,147
2012-04-06,CA_1,CA,HOUSEHOLD,Friday,7,4,2012,NA,NA,NA,NA,1,0,0,549,2475.2200000000016,5.149958289885286,266
2012-04-07,CA_1,CA,FOODS,Saturday,1,4,2012,NA,NA,NA,NA,1,0,1,4812,11148.949999999986,2.4054111457521357,630
2012-04-07,CA_1,CA,HOBBIES,Saturday,1,4,2012,NA,NA,NA,NA,1,0,1,487,1334.1700000000014,3.2870391872278586,152
2012-04-07,CA_1,CA,HOUSEHOLD,Saturday,1,4,2012,NA,NA,NA,NA,1,0,1,736,3301.5799999999963,4.993159817351598,320
2012-04-08,CA_1,CA,FOODS,Sunday,2,4,2012,Easter,Cultural,NA,NA,1,1,1,3169,7315.579999999985,2.4648008911166692,528
2012-04-08,CA_1,CA,HOBBIES,Sunday,2,4,2012,Easter,Cultural,NA,NA,1,1,1,273,1010.2400000000006,4.119257812500002,115
2012-04-08,CA_1,CA,HOUSEHOLD,Sunday,2,4,2012,Easter,Cultural,NA,NA,1,1,1,520,2294.360000000002,5.086330858960754,256
2012-04-09,CA_1,CA,FOODS,Monday,3,4,2012,NA,NA,NA,NA,1,0,0,3007,7282.3699999999935,2.562081262788648,536
2012-04-09,CA_1,CA,HOBBIES,Monday,3,4,2012,NA,NA,NA,NA,1,0,0,445,1306.650000000001,3.4879429429429325,133
2012-04-09,CA_1,CA,HOUSEHOLD,Monday,3,4,2012,NA,NA,NA,NA,1,0,0,532,2644.4099999999994,5.321433155080208,276
2012-04-10,CA_1,CA,FOODS,Tuesday,4,4,2012,NA,NA,NA,NA,1,0,0,2903,7247.2399999999925,2.637689728741225,572
2012-04-10,CA_1,CA,HOBBIES,Tuesday,4,4,2012,NA,NA,NA,NA,1,0,0,483,995.7600000000003,2.9207034482758623,112
2012-04-10,CA_1,CA,HOUSEHOLD,Tuesday,4,4,2012,NA,NA,NA,NA,1,0,0,473,2038.2700000000054,5.183806306306293,264
2012-04-11,CA_1,CA,FOODS,Wednesday,5,4,2012,NA,NA,NA,NA,0,0,0,2450,5968.409999999996,2.611046552327605,543
2012-04-11,CA_1,CA,HOBBIES,Wednesday,5,4,2012,NA,NA,NA,NA,0,0,0,364,934.9400000000003,3.4037824675324697,102
2012-04-11,CA_1,CA,HOUSEHOLD,Wednesday,5,4,2012,NA,NA,NA,NA,0,0,0,496,2089.8100000000036,5.0959194776931325,256
2012-04-12,CA_1,CA,FOODS,Thursday,6,4,2012,NA,NA,NA,NA,0,0,0,2377,5776.039999999998,2.6155259417199592,513
2012-04-12,CA_1,CA,HOBBIES,Thursday,6,4,2012,NA,NA,NA,NA,0,0,0,454,1005.5200000000002,3.1042940320232906,121
2012-04-12,CA_1,CA,HOUSEHOLD,Thursday,6,4,2012,NA,NA,NA,NA,0,0,0,462,2019.6100000000044,5.206700223713631,247
2012-04-13,CA_1,CA,FOODS,Friday,7,4,2012,NA,NA,NA,NA,0,0,0,2881,6787.589999999995,2.532987411728574,574
2012-04-13,CA_1,CA,HOBBIES,Friday,7,4,2012,NA,NA,NA,NA,0,0,0,773,1476.6900000000007,2.492196356275295,139
2012-04-13,CA_1,CA,HOUSEHOLD,Friday,7,4,2012,NA,NA,NA,NA,0,0,0,482,2042.0200000000043,5.069373626373617,251
2012-04-14,CA_1,CA,FOODS,Saturday,1,4,2012,Pesach End,Religious,NA,NA,0,1,1,3868,9114.159999999983,2.4679298079203145,607
2012-04-14,CA_1,CA,HOBBIES,Saturday,1,4,2012,Pesach End,Religious,NA,NA,0,1,1,491,1531.66,3.5200717360114675,152
2012-04-14,CA_1,CA,HOUSEHOLD,Saturday,1,4,2012,Pesach End,Religious,NA,NA,0,1,1,755,3337.0699999999933,4.963049001814885,333
2012-04-15,CA_1,CA,FOODS,Sunday,2,4,2012,OrthodoxEaster,Religious,NA,NA,0,1,1,3772,8772.159999999994,2.449360620004834,599
2012-04-15,CA_1,CA,HOBBIES,Sunday,2,4,2012,OrthodoxEaster,Religious,NA,NA,0,1,1,470,1537.2000000000003,3.6510672514619777,144
2012-04-15,CA_1,CA,HOUSEHOLD,Sunday,2,4,2012,OrthodoxEaster,Religious,NA,NA,0,1,1,708,3332.6599999999953,5.162993512511588,309
2012-04-16,CA_1,CA,FOODS,Monday,3,4,2012,NA,NA,NA,NA,0,0,0,2351,5957.199999999998,2.6952362062747808,534
2012-04-16,CA_1,CA,HOBBIES,Monday,3,4,2012,NA,NA,NA,NA,0,0,0,484,1043.7000000000003,3.010438472418671,135
2012-04-16,CA_1,CA,HOUSEHOLD,Monday,3,4,2012,NA,NA,NA,NA,0,0,0,444,1947.6900000000044,5.180285062713784,247
2012-04-17,CA_1,CA,FOODS,Tuesday,4,4,2012,NA,NA,NA,NA,0,0,0,2148,5110.130000000007,2.598132460531372,507
2012-04-17,CA_1,CA,HOBBIES,Tuesday,4,4,2012,NA,NA,NA,NA,0,0,0,256,971.3100000000007,3.9652104208416903,115
2012-04-17,CA_1,CA,HOUSEHOLD,Tuesday,4,4,2012,NA,NA,NA,NA,0,0,0,380,1655.4200000000026,5.2260023584905495,212
2012-04-18,CA_1,CA,FOODS,Wednesday,5,4,2012,NA,NA,NA,NA,0,0,0,2012,5145.259999999995,2.7612141992738866,489
2012-04-18,CA_1,CA,HOBBIES,Wednesday,5,4,2012,NA,NA,NA,NA,0,0,0,304,743.1700000000002,3.4835842293906865,104
2012-04-18,CA_1,CA,HOUSEHOLD,Wednesday,5,4,2012,NA,NA,NA,NA,0,0,0,448,1880.8100000000031,5.108950338600436,242
2012-04-19,CA_1,CA,FOODS,Thursday,6,4,2012,NA,NA,NA,NA,0,0,0,2380,5651.749999999999,2.590459074733085,526
2012-04-19,CA_1,CA,HOBBIES,Thursday,6,4,2012,NA,NA,NA,NA,0,0,0,526,1048.5400000000004,2.8425390625,116
2012-04-19,CA_1,CA,HOUSEHOLD,Thursday,6,4,2012,NA,NA,NA,NA,0,0,0,424,1861.6400000000033,5.203142201834849,232
2012-04-20,CA_1,CA,FOODS,Friday,7,4,2012,NA,NA,NA,NA,0,0,0,3129,7290.670000000002,2.4891501416430484,555
2012-04-20,CA_1,CA,HOBBIES,Friday,7,4,2012,NA,NA,NA,NA,0,0,0,483,1133.1100000000004,3.106358543417362,127
2012-04-20,CA_1,CA,HOUSEHOLD,Friday,7,4,2012,NA,NA,NA,NA,0,0,0,512,2215.9300000000026,5.058615049073054,275
2012-04-21,CA_1,CA,FOODS,Saturday,1,4,2012,NA,NA,NA,NA,0,0,1,3869,9240.519999999988,2.4997569034694247,591
2012-04-21,CA_1,CA,HOBBIES,Saturday,1,4,2012,NA,NA,NA,NA,0,0,1,529,1473.4900000000002,3.247898936170202,140
2012-04-21,CA_1,CA,HOUSEHOLD,Saturday,1,4,2012,NA,NA,NA,NA,0,0,1,629,2873.3999999999983,5.114487562189053,305
2012-04-22,CA_1,CA,FOODS,Sunday,2,4,2012,NA,NA,NA,NA,0,0,1,3845,9120.67,2.4949750178443884,601
2012-04-22,CA_1,CA,HOBBIES,Sunday,2,4,2012,NA,NA,NA,NA,0,0,1,587,1583.9200000000012,3.1273591989987404,151
2012-04-22,CA_1,CA,HOUSEHOLD,Sunday,2,4,2012,NA,NA,NA,NA,0,0,1,747,3349.58,4.996125560538121,313
2012-04-23,CA_1,CA,FOODS,Monday,3,4,2012,NA,NA,NA,NA,0,0,0,2254,5619.819999999999,2.691338787653387,524
2012-04-23,CA_1,CA,HOBBIES,Monday,3,4,2012,NA,NA,NA,NA,0,0,0,265,737.8400000000005,3.7489733840304242,102
2012-04-23,CA_1,CA,HOUSEHOLD,Monday,3,4,2012,NA,NA,NA,NA,0,0,0,449,2060.5000000000036,5.2784492588369325,253
2012-04-24,CA_1,CA,FOODS,Tuesday,4,4,2012,NA,NA,NA,NA,0,0,0,2265,5546.730000000001,2.658326560768367,517
2012-04-24,CA_1,CA,HOBBIES,Tuesday,4,4,2012,NA,NA,NA,NA,0,0,0,282,850.9699999999999,3.731700554528658,104
2012-04-24,CA_1,CA,HOUSEHOLD,Tuesday,4,4,2012,NA,NA,NA,NA,0,0,0,485,2177.5300000000025,5.192414174972303,263
2012-04-25,CA_1,CA,FOODS,Wednesday,5,4,2012,NA,NA,NA,NA,0,0,0,2167,5203.709999999999,2.6199613451874657,539
2012-04-25,CA_1,CA,HOBBIES,Wednesday,5,4,2012,NA,NA,NA,NA,0,0,0,293,916.8900000000003,3.7489799635701315,107
2012-04-25,CA_1,CA,HOUSEHOLD,Wednesday,5,4,2012,NA,NA,NA,NA,0,0,0,391,1834.8300000000038,5.339762187871564,231
2012-04-26,CA_1,CA,FOODS,Thursday,6,4,2012,NA,NA,NA,NA,0,0,0,2228,5401.409999999996,2.639466966966954,523
2012-04-26,CA_1,CA,HOBBIES,Thursday,6,4,2012,NA,NA,NA,NA,0,0,0,313,939.2100000000007,3.700053763440866,118
2012-04-26,CA_1,CA,HOUSEHOLD,Thursday,6,4,2012,NA,NA,NA,NA,0,0,0,462,2086.850000000003,5.194639289678122,242
2012-04-27,CA_1,CA,FOODS,Friday,7,4,2012,NA,NA,NA,NA,0,0,0,2798,6781.8699999999935,2.5880883735505993,566
2012-04-27,CA_1,CA,HOBBIES,Friday,7,4,2012,NA,NA,NA,NA,0,0,0,500,1309.1500000000012,3.1957744565217294,127
2012-04-27,CA_1,CA,HOUSEHOLD,Friday,7,4,2012,NA,NA,NA,NA,0,0,0,522,2450.730000000001,5.186968716289095,276
2012-04-28,CA_1,CA,FOODS,Saturday,1,4,2012,NA,NA,NA,NA,0,0,1,3551,8223.839999999995,2.4486596617119325,610
2012-04-28,CA_1,CA,HOBBIES,Saturday,1,4,2012,NA,NA,NA,NA,0,0,1,572,1534.2500000000007,3.145573770491793,145
2012-04-28,CA_1,CA,HOUSEHOLD,Saturday,1,4,2012,NA,NA,NA,NA,0,0,1,631,3095.2199999999966,5.279930139720556,312
2012-04-29,CA_1,CA,FOODS,Sunday,2,4,2012,NA,NA,NA,NA,0,0,1,3721,8814.109999999986,2.4903868900936286,624
2012-04-29,CA_1,CA,HOBBIES,Sunday,2,4,2012,NA,NA,NA,NA,0,0,1,436,1689.6900000000007,3.9498447204968805,158
2012-04-29,CA_1,CA,HOUSEHOLD,Sunday,2,4,2012,NA,NA,NA,NA,0,0,1,699,3301.3499999999963,5.168361581920909,320
2012-04-30,CA_1,CA,FOODS,Monday,3,4,2012,NA,NA,NA,NA,0,0,0,2547,6200.939999999994,2.6079100439634635,551
2012-04-30,CA_1,CA,HOBBIES,Monday,3,4,2012,NA,NA,NA,NA,0,0,0,299,912.71000000000015,3.7580145719490043,116
2012-04-30,CA_1,CA,HOUSEHOLD,Monday,3,4,2012,NA,NA,NA,NA,0,0,0,507,2200.5000000000027,5.051916932907332,251
2012-05-01,CA_1,CA,FOODS,Tuesday,4,5,2012,NA,NA,NA,NA,1,0,0,2714,6977.089999999987,2.710013012361729,601
2012-05-01,CA_1,CA,HOBBIES,Tuesday,4,5,2012,NA,NA,NA,NA,1,0,0,403,1008.9700000000009,3.341966205837173,118
2012-05-01,CA_1,CA,HOUSEHOLD,Tuesday,4,5,2012,NA,NA,NA,NA,1,0,0,488,2178.1500000000015,5.141158469945341,256
2012-05-02,CA_1,CA,FOODS,Wednesday,5,5,2012,NA,NA,NA,NA,1,0,0,2588,6217.669999999993,2.581563965170785,563
2012-05-02,CA_1,CA,HOBBIES,Wednesday,5,5,2012,NA,NA,NA,NA,1,0,0,504,1189.5300000000007,3.0947304582210173,128
2012-05-02,CA_1,CA,HOUSEHOLD,Wednesday,5,5,2012,NA,NA,NA,NA,1,0,0,422,1860.1900000000028,5.194419953596273,243
2012-05-03,CA_1,CA,FOODS,Thursday,6,5,2012,NA,NA,NA,NA,1,0,0,2864,6817.579999999994,2.5525382731169475,559
2012-05-03,CA_1,CA,HOBBIES,Thursday,6,5,2012,NA,NA,NA,NA,1,0,0,624,1341.4800000000005,2.799488966318227,129
2012-05-03,CA_1,CA,HOUSEHOLD,Thursday,6,5,2012,NA,NA,NA,NA,1,0,0,493,2221.330000000002,5.225740944017548,265
2012-05-04,CA_1,CA,FOODS,Friday,7,5,2012,NA,NA,NA,NA,1,0,0,3153,7619.679999999992,2.5587019230769132,578
2012-05-04,CA_1,CA,HOBBIES,Friday,7,5,2012,NA,NA,NA,NA,1,0,0,431,1198.5200000000002,3.4611280487804796,141
2012-05-04,CA_1,CA,HOUSEHOLD,Friday,7,5,2012,NA,NA,NA,NA,1,0,0,584,2386.8999999999996,4.907985829959502,279
2012-05-05,CA_1,CA,FOODS,Saturday,1,5,2012,Cinco De Mayo,Cultural,NA,NA,1,1,1,3399,8169.749999999989,2.549965526385562,594
2012-05-05,CA_1,CA,HOBBIES,Saturday,1,5,2012,Cinco De Mayo,Cultural,NA,NA,1,1,1,505,1558.4400000000003,3.470109439124477,143
2012-05-05,CA_1,CA,HOUSEHOLD,Saturday,1,5,2012,Cinco De Mayo,Cultural,NA,NA,1,1,1,553,2392.580000000003,5.103708677685942,270
2012-05-06,CA_1,CA,FOODS,Sunday,2,5,2012,NA,NA,NA,NA,1,0,1,4314,10050.43999999999,2.45184418356456,595
2012-05-06,CA_1,CA,HOBBIES,Sunday,2,5,2012,NA,NA,NA,NA,1,0,1,618,1649.170000000001,3.1583555018137757,160
2012-05-06,CA_1,CA,HOUSEHOLD,Sunday,2,5,2012,NA,NA,NA,NA,1,0,1,763,3385.6899999999982,4.934391111111109,323
2012-05-07,CA_1,CA,FOODS,Monday,3,5,2012,NA,NA,NA,NA,1,0,0,3578,8730.859999999988,2.5643193319837927,592
2012-05-07,CA_1,CA,HOBBIES,Monday,3,5,2012,NA,NA,NA,NA,1,0,0,246,915.8400000000001,4.16334669338678,116
2012-05-07,CA_1,CA,HOUSEHOLD,Monday,3,5,2012,NA,NA,NA,NA,1,0,0,502,2430.6700000000005,5.266615553121567,274
2012-05-08,CA_1,CA,FOODS,Tuesday,4,5,2012,NA,NA,NA,NA,1,0,0,2841,6669.529999999995,2.5161107711138193,539
2012-05-08,CA_1,CA,HOBBIES,Tuesday,4,5,2012,NA,NA,NA,NA,1,0,0,312,1049.3200000000002,3.952738738738737,126
2012-05-08,CA_1,CA,HOUSEHOLD,Tuesday,4,5,2012,NA,NA,NA,NA,1,0,0,424,2055.6600000000044,5.37056321839079,239
2012-05-09,CA_1,CA,FOODS,Wednesday,5,5,2012,NA,NA,NA,NA,1,0,0,2946,7175.569999999994,2.596802741358747,556
2012-05-09,CA_1,CA,HOBBIES,Wednesday,5,5,2012,NA,NA,NA,NA,1,0,0,158,788.95,4.577446808510647,104
2012-05-09,CA_1,CA,HOUSEHOLD,Wednesday,5,5,2012,NA,NA,NA,NA,1,0,0,397,1848.0800000000038,5.279565217391289,231
2012-05-10,CA_1,CA,FOODS,Thursday,6,5,2012,NA,NA,NA,NA,1,0,0,2947,7305.139999999994,2.6117201078813186,576
2012-05-10,CA_1,CA,HOBBIES,Thursday,6,5,2012,NA,NA,NA,NA,1,0,0,345,1146.2200000000005,3.754858569051574,113
2012-05-10,CA_1,CA,HOUSEHOLD,Thursday,6,5,2012,NA,NA,NA,NA,1,0,0,443,1979.1000000000047,5.195166093928969,255
2012-05-11,CA_1,CA,FOODS,Friday,7,5,2012,NA,NA,NA,NA,0,0,0,3515,8081.599999999992,2.4354396308638697,580
2012-05-11,CA_1,CA,HOBBIES,Friday,7,5,2012,NA,NA,NA,NA,0,0,0,288,1015.2700000000003,3.9848884758364336,119
2012-05-11,CA_1,CA,HOUSEHOLD,Friday,7,5,2012,NA,NA,NA,NA,0,0,0,490,2340.910000000002,5.307748049052389,278
2012-05-12,CA_1,CA,FOODS,Saturday,1,5,2012,NA,NA,NA,NA,0,0,1,4519,11119.219999999988,2.556413934426221,610
2012-05-12,CA_1,CA,HOBBIES,Saturday,1,5,2012,NA,NA,NA,NA,0,0,1,312,1228.0300000000004,4.064926739926735,141
2012-05-12,CA_1,CA,HOUSEHOLD,Saturday,1,5,2012,NA,NA,NA,NA,0,0,1,715,3197.449999999997,4.985920810313077,317
2012-05-13,CA_1,CA,FOODS,Sunday,2,5,2012,Mother's day,Cultural,NA,NA,0,1,1,3435,8152.459999999991,2.511253270538971,584
2012-05-13,CA_1,CA,HOBBIES,Sunday,2,5,2012,Mother's day,Cultural,NA,NA,0,1,1,346,1306.2400000000016,4.011022146507655,134
2012-05-13,CA_1,CA,HOUSEHOLD,Sunday,2,5,2012,Mother's day,Cultural,NA,NA,0,1,1,609,2828.309999999998,5.164856293359764,288
2012-05-14,CA_1,CA,FOODS,Monday,3,5,2012,NA,NA,NA,NA,0,0,0,2739,6633.349999999994,2.607265550994615,543
2012-05-14,CA_1,CA,HOBBIES,Monday,3,5,2012,NA,NA,NA,NA,0,0,0,212,701.7200000000003,4.059550102249496,98
2012-05-14,CA_1,CA,HOUSEHOLD,Monday,3,5,2012,NA,NA,NA,NA,0,0,0,446,1949.660000000004,5.173027624309379,229
2012-05-15,CA_1,CA,FOODS,Tuesday,4,5,2012,NA,NA,NA,NA,0,0,0,2710,6642.789999999994,2.621659207161111,553
2012-05-15,CA_1,CA,HOBBIES,Tuesday,4,5,2012,NA,NA,NA,NA,0,0,0,228,1068.630000000001,4.496474226804121,118
2012-05-15,CA_1,CA,HOUSEHOLD,Tuesday,4,5,2012,NA,NA,NA,NA,0,0,0,491,2237.850000000002,5.198366013071886,261
2012-05-16,CA_1,CA,FOODS,Wednesday,5,5,2012,NA,NA,NA,NA,0,0,0,2799,6555.589999999994,2.525281733746117,540
2012-05-16,CA_1,CA,HOBBIES,Wednesday,5,5,2012,NA,NA,NA,NA,0,0,0,354,1048.0600000000002,3.5286184210526326,121
2012-05-16,CA_1,CA,HOUSEHOLD,Wednesday,5,5,2012,NA,NA,NA,NA,0,0,0,417,1788.9000000000028,5.093558352402731,231
2012-05-17,CA_1,CA,FOODS,Thursday,6,5,2012,NA,NA,NA,NA,0,0,0,2630,6299.999999999992,2.5773868852458874,551
2012-05-17,CA_1,CA,HOBBIES,Thursday,6,5,2012,NA,NA,NA,NA,0,0,0,254,993.1700000000003,4.154780114722752,106
2012-05-17,CA_1,CA,HOUSEHOLD,Thursday,6,5,2012,NA,NA,NA,NA,0,0,0,455,1880.4900000000036,5.045083612040123,246
2012-05-18,CA_1,CA,FOODS,Friday,7,5,2012,NA,NA,NA,NA,0,0,0,3261,7577.9699999999975,2.491575211575202,569
2012-05-18,CA_1,CA,HOBBIES,Friday,7,5,2012,NA,NA,NA,NA,0,0,0,352,1190.3600000000008,3.758314238952526,116
2012-05-18,CA_1,CA,HOUSEHOLD,Friday,7,5,2012,NA,NA,NA,NA,0,0,0,494,2158.1500000000033,5.1551372118550916,271
2012-05-19,CA_1,CA,FOODS,Saturday,1,5,2012,NA,NA,NA,NA,0,0,1,3941,9282.379999999988,2.4763171355498605,614
2012-05-19,CA_1,CA,HOBBIES,Saturday,1,5,2012,NA,NA,NA,NA,0,0,1,320,1317.2400000000002,4.2254661791590395,148
2012-05-19,CA_1,CA,HOUSEHOLD,Saturday,1,5,2012,NA,NA,NA,NA,0,0,1,643,2797.0799999999977,5.018762183235867,307
2012-05-20,CA_1,CA,FOODS,Sunday,2,5,2012,NA,NA,NA,NA,0,0,1,4367,10541.12999999999,2.5235362502642062,610
2012-05-20,CA_1,CA,HOBBIES,Sunday,2,5,2012,NA,NA,NA,NA,0,0,1,341,1481.3700000000003,4.2709999999999875,146
2012-05-20,CA_1,CA,HOUSEHOLD,Sunday,2,5,2012,NA,NA,NA,NA,0,0,1,769,3516.439999999997,5.061753303964765,324
2012-05-21,CA_1,CA,FOODS,Monday,3,5,2012,NA,NA,NA,NA,0,0,0,2725,6635.009999999995,2.6176845106113276,542
2012-05-21,CA_1,CA,HOBBIES,Monday,3,5,2012,NA,NA,NA,NA,0,0,0,281,1123.3000000000006,4.175056179775275,122
2012-05-21,CA_1,CA,HOUSEHOLD,Monday,3,5,2012,NA,NA,NA,NA,0,0,0,577,2476.7900000000004,5.014284274193538,275
2012-05-22,CA_1,CA,FOODS,Tuesday,4,5,2012,NA,NA,NA,NA,0,0,0,2144,5164.199999999999,2.6435703363914227,502
2012-05-22,CA_1,CA,HOBBIES,Tuesday,4,5,2012,NA,NA,NA,NA,0,0,0,174,845.4900000000004,4.584298056155509,86
2012-05-22,CA_1,CA,HOUSEHOLD,Tuesday,4,5,2012,NA,NA,NA,NA,0,0,0,395,1681.180000000003,5.205214866434363,224
2012-05-23,CA_1,CA,FOODS,Wednesday,5,5,2012,NA,NA,NA,NA,0,0,0,2205,5389.989999999994,2.658676248108912,535
2012-05-23,CA_1,CA,HOBBIES,Wednesday,5,5,2012,NA,NA,NA,NA,0,0,0,215,872.2200000000001,4.332148760330582,106
2012-05-23,CA_1,CA,HOUSEHOLD,Wednesday,5,5,2012,NA,NA,NA,NA,0,0,0,432,1955.3800000000049,5.1822517321016015,256
2012-05-24,CA_1,CA,FOODS,Thursday,6,5,2012,NA,NA,NA,NA,0,0,0,2560,6204.909999999996,2.615035105315933,543
2012-05-24,CA_1,CA,HOBBIES,Thursday,6,5,2012,NA,NA,NA,NA,0,0,0,247,914.7700000000002,4.051569767441866,106
2012-05-24,CA_1,CA,HOUSEHOLD,Thursday,6,5,2012,NA,NA,NA,NA,0,0,0,465,1989.490000000004,5.092505494505481,245
2012-05-25,CA_1,CA,FOODS,Friday,7,5,2012,NA,NA,NA,NA,0,0,0,3248,8072.679999999992,2.615408303546867,585
2012-05-25,CA_1,CA,HOBBIES,Friday,7,5,2012,NA,NA,NA,NA,0,0,0,352,1282.7200000000012,3.985199999999989,127
2012-05-25,CA_1,CA,HOUSEHOLD,Friday,7,5,2012,NA,NA,NA,NA,0,0,0,520,2351.1100000000006,5.139872204472835,271
2012-05-26,CA_1,CA,FOODS,Saturday,1,5,2012,NA,NA,NA,NA,0,0,1,3645,8546.19999999999,2.478707025411049,609
2012-05-26,CA_1,CA,HOBBIES,Saturday,1,5,2012,NA,NA,NA,NA,0,0,1,382,1377.0300000000004,3.8260386473429824,137
2012-05-26,CA_1,CA,HOUSEHOLD,Saturday,1,5,2012,NA,NA,NA,NA,0,0,1,673,2847.069999999998,4.941883786316778,298
2012-05-27,CA_1,CA,FOODS,Sunday,2,5,2012,NA,NA,NA,NA,0,0,1,3437,8294.359999999999,2.5454096638655352,607
2012-05-27,CA_1,CA,HOBBIES,Sunday,2,5,2012,NA,NA,NA,NA,0,0,1,413,1321.3700000000001,3.6921028037383077,147
2012-05-27,CA_1,CA,HOUSEHOLD,Sunday,2,5,2012,NA,NA,NA,NA,0,0,1,722,3201.559999999995,4.949720720720723,304
2012-05-28,CA_1,CA,FOODS,Monday,3,5,2012,MemorialDay,National,NA,NA,0,1,0,2975,7502.659999999992,2.6534669041258434,584
2012-05-28,CA_1,CA,HOBBIES,Monday,3,5,2012,MemorialDay,National,NA,NA,0,1,0,500,1461.320000000001,3.380081081081072,136
2012-05-28,CA_1,CA,HOUSEHOLD,Monday,3,5,2012,MemorialDay,National,NA,NA,0,1,0,595,2631.1699999999987,5.059284994964746,294
2012-05-29,CA_1,CA,FOODS,Tuesday,4,5,2012,NA,NA,NA,NA,0,0,0,2312,5580.109999999998,2.6166385630498414,562
2012-05-29,CA_1,CA,HOBBIES,Tuesday,4,5,2012,NA,NA,NA,NA,0,0,0,529,1134.4399999999998,2.9296124031007693,131
2012-05-29,CA_1,CA,HOUSEHOLD,Tuesday,4,5,2012,NA,NA,NA,NA,0,0,0,436,1902.0400000000038,5.140928899082556,256
2012-05-30,CA_1,CA,FOODS,Wednesday,5,5,2012,NA,NA,NA,NA,0,0,0,2122,5221.259999999997,2.6593445181427855,537
2012-05-30,CA_1,CA,HOBBIES,Wednesday,5,5,2012,NA,NA,NA,NA,0,0,0,440,1060.7800000000004,3.1837372262773704,131
2012-05-30,CA_1,CA,HOUSEHOLD,Wednesday,5,5,2012,NA,NA,NA,NA,0,0,0,415,1868.4000000000037,5.226170703575536,240
2012-05-31,CA_1,CA,FOODS,Thursday,6,5,2012,NA,NA,NA,NA,0,0,0,2545,5932.449999999994,2.5269898648648517,563
2012-05-31,CA_1,CA,HOBBIES,Thursday,6,5,2012,NA,NA,NA,NA,0,0,0,489,1214.8900000000008,3.183035230352294,127
2012-05-31,CA_1,CA,HOUSEHOLD,Thursday,6,5,2012,NA,NA,NA,NA,0,0,0,512,2216.2300000000046,5.113265524625257,270
2012-06-01,CA_1,CA,FOODS,Friday,7,6,2012,NA,NA,NA,NA,1,0,0,3423,8047.539999999991,2.479423127811578,622
2012-06-01,CA_1,CA,HOBBIES,Friday,7,6,2012,NA,NA,NA,NA,1,0,0,496,1557.3900000000012,3.5869701086956414,136
2012-06-01,CA_1,CA,HOUSEHOLD,Friday,7,6,2012,NA,NA,NA,NA,1,0,0,656,2921.9599999999987,5.0532945736434085,316
2012-06-02,CA_1,CA,FOODS,Saturday,1,6,2012,NA,NA,NA,NA,1,0,1,4243,10154.06,2.492072902942461,668
2012-06-02,CA_1,CA,HOBBIES,Saturday,1,6,2012,NA,NA,NA,NA,1,0,1,498,1468.3300000000008,3.444041379310335,151
2012-06-02,CA_1,CA,HOUSEHOLD,Saturday,1,6,2012,NA,NA,NA,NA,1,0,1,911,3806.9599999999964,4.718167877320424,368
2012-06-03,CA_1,CA,FOODS,Sunday,2,6,2012,NA,NA,NA,NA,1,0,1,3943,9628.289999999979,2.5545029239765964,647
2012-06-03,CA_1,CA,HOBBIES,Sunday,2,6,2012,NA,NA,NA,NA,1,0,1,503,1407.5300000000009,3.319077134986216,155
2012-06-03,CA_1,CA,HOUSEHOLD,Sunday,2,6,2012,NA,NA,NA,NA,1,0,1,890,3969.7899999999963,4.905307125307137,365
2012-06-04,CA_1,CA,FOODS,Monday,3,6,2012,NA,NA,NA,NA,1,0,0,2942,7557.729999999999,2.694242241639035,602
2012-06-04,CA_1,CA,HOBBIES,Monday,3,6,2012,NA,NA,NA,NA,1,0,0,463,1360.1500000000005,3.491131805157582,143
2012-06-04,CA_1,CA,HOUSEHOLD,Monday,3,6,2012,NA,NA,NA,NA,1,0,0,588,2725.7899999999986,5.204463562753038,296
2012-06-05,CA_1,CA,FOODS,Tuesday,4,6,2012,NA,NA,NA,NA,1,0,0,2888,6841.379999999997,2.5263413888039024,598
2012-06-05,CA_1,CA,HOBBIES,Tuesday,4,6,2012,NA,NA,NA,NA,1,0,0,326,1221.4800000000007,4.025817223198584,135
2012-06-05,CA_1,CA,HOUSEHOLD,Tuesday,4,6,2012,NA,NA,NA,NA,1,0,0,558,2508.1200000000013,5.0956147540983565,278
2012-06-06,CA_1,CA,FOODS,Wednesday,5,6,2012,NA,NA,NA,NA,1,0,0,2619,6846.309999999996,2.7417361111111003,574
2012-06-06,CA_1,CA,HOBBIES,Wednesday,5,6,2012,NA,NA,NA,NA,1,0,0,455,963.2900000000004,3.0458392101551475,124
2012-06-06,CA_1,CA,HOUSEHOLD,Wednesday,5,6,2012,NA,NA,NA,NA,1,0,0,484,2123.9200000000037,5.131049180327857,265
2012-06-07,CA_1,CA,FOODS,Thursday,6,6,2012,NA,NA,NA,NA,1,0,0,2873,7119.829999999996,2.6014820497084865,593
2012-06-07,CA_1,CA,HOBBIES,Thursday,6,6,2012,NA,NA,NA,NA,1,0,0,357,945.4900000000001,3.530892857142856,119
2012-06-07,CA_1,CA,HOUSEHOLD,Thursday,6,6,2012,NA,NA,NA,NA,1,0,0,494,2199.460000000003,5.14202586206896,262
2012-06-08,CA_1,CA,FOODS,Friday,7,6,2012,NA,NA,NA,NA,1,0,0,3455,8350.759999999986,2.5413234142521417,603
2012-06-08,CA_1,CA,HOBBIES,Friday,7,6,2012,NA,NA,NA,NA,1,0,0,503,1313.260000000001,3.256445047489815,144
2012-06-08,CA_1,CA,HOUSEHOLD,Friday,7,6,2012,NA,NA,NA,NA,1,0,0,490,2110.2300000000046,5.07886214442012,272
2012-06-09,CA_1,CA,FOODS,Saturday,1,6,2012,NA,NA,NA,NA,1,0,1,3720,9144.029999999984,2.5688935230618135,626
2012-06-09,CA_1,CA,HOBBIES,Saturday,1,6,2012,NA,NA,NA,NA,1,0,1,541,1655.5600000000004,3.486418300653584,156
2012-06-09,CA_1,CA,HOUSEHOLD,Saturday,1,6,2012,NA,NA,NA,NA,1,0,1,685,3207.5499999999965,5.014838411819025,302
2012-06-10,CA_1,CA,FOODS,Sunday,2,6,2012,NA,NA,NA,NA,1,0,1,4110,9758.839999999984,2.503131855831646,625
2012-06-10,CA_1,CA,HOBBIES,Sunday,2,6,2012,NA,NA,NA,NA,1,0,1,540,1543.3000000000006,3.3363671874999894,152
2012-06-10,CA_1,CA,HOUSEHOLD,Sunday,2,6,2012,NA,NA,NA,NA,1,0,1,834,3377.1999999999966,4.628286189683867,332
2012-06-11,CA_1,CA,FOODS,Monday,3,6,2012,NA,NA,NA,NA,0,0,0,3200,7724.929999999989,2.5751542952460267,585
2012-06-11,CA_1,CA,HOBBIES,Monday,3,6,2012,NA,NA,NA,NA,0,0,0,470,1347.8600000000006,3.44751043115437,131
2012-06-11,CA_1,CA,HOUSEHOLD,Monday,3,6,2012,NA,NA,NA,NA,0,0,0,640,2485.17,4.772821969696967,284
2012-06-12,CA_1,CA,FOODS,Tuesday,4,6,2012,NBAFinalsStart,Sporting,NA,NA,0,1,0,2907,6769.469999999996,2.5275774902196693,566
2012-06-12,CA_1,CA,HOBBIES,Tuesday,4,6,2012,NBAFinalsStart,Sporting,NA,NA,0,1,0,340,949.2000000000003,3.616198347107436,115
2012-06-12,CA_1,CA,HOUSEHOLD,Tuesday,4,6,2012,NBAFinalsStart,Sporting,NA,NA,0,1,0,598,2495.2600000000016,4.897057086614169,282
2012-06-13,CA_1,CA,FOODS,Wednesday,5,6,2012,NA,NA,NA,NA,0,0,0,2772,6406.72999999999,2.498557993730396,564
2012-06-13,CA_1,CA,HOBBIES,Wednesday,5,6,2012,NA,NA,NA,NA,0,0,0,444,1112.2200000000005,3.2704992867332283,123
2012-06-13,CA_1,CA,HOUSEHOLD,Wednesday,5,6,2012,NA,NA,NA,NA,0,0,0,518,2076.9500000000035,4.933224446786078,269
2012-06-14,CA_1,CA,FOODS,Thursday,6,6,2012,NA,NA,NA,NA,0,0,0,2806,6558.7999999999975,2.5193753884400136,570
2012-06-14,CA_1,CA,HOBBIES,Thursday,6,6,2012,NA,NA,NA,NA,0,0,0,349,949.8500000000006,3.598421052631577,121
2012-06-14,CA_1,CA,HOUSEHOLD,Thursday,6,6,2012,NA,NA,NA,NA,0,0,0,683,2837.39,4.814684601113172,305
2012-06-15,CA_1,CA,FOODS,Friday,7,6,2012,NA,NA,NA,NA,0,0,0,3485,8280.729999999985,2.5141359626362125,613
2012-06-15,CA_1,CA,HOBBIES,Friday,7,6,2012,NA,NA,NA,NA,0,0,0,379,1365.1300000000003,3.9140967741935357,139
2012-06-15,CA_1,CA,HOUSEHOLD,Friday,7,6,2012,NA,NA,NA,NA,0,0,0,819,3230.0799999999967,4.584902789518175,336
2012-06-16,CA_1,CA,FOODS,Saturday,1,6,2012,NA,NA,NA,NA,0,0,1,4185,9613.439999999982,2.4199781085814243,602
2012-06-16,CA_1,CA,HOBBIES,Saturday,1,6,2012,NA,NA,NA,NA,0,0,1,574,1663.7900000000009,3.3661662531017282,149
2012-06-16,CA_1,CA,HOUSEHOLD,Saturday,1,6,2012,NA,NA,NA,NA,0,0,1,828,3271.6899999999987,4.596014975041601,327
2012-06-17,CA_1,CA,FOODS,Sunday,2,6,2012,Father's day,Cultural,NA,NA,0,1,1,3518,8148.059999999988,2.4622049451949914,580
2012-06-17,CA_1,CA,HOBBIES,Sunday,2,6,2012,Father's day,Cultural,NA,NA,0,1,1,361,1124.4700000000018,3.668561872909698,144
2012-06-17,CA_1,CA,HOUSEHOLD,Sunday,2,6,2012,Father's day,Cultural,NA,NA,0,1,1,739,3130.3799999999983,4.826233303650938,317
2012-06-18,CA_1,CA,FOODS,Monday,3,6,2012,NA,NA,NA,NA,0,0,0,2719,6550.96999999999,2.5750604710375433,562
2012-06-18,CA_1,CA,HOBBIES,Monday,3,6,2012,NA,NA,NA,NA,0,0,0,383,1323.840000000001,3.8707165605095417,136
2012-06-18,CA_1,CA,HOUSEHOLD,Monday,3,6,2012,NA,NA,NA,NA,0,0,0,638,2564.45,4.797990338164244,304
2012-06-19,CA_1,CA,FOODS,Tuesday,4,6,2012,NA,NA,NA,NA,0,0,0,2610,6249.619999999999,2.5767326079788875,562
2012-06-19,CA_1,CA,HOBBIES,Tuesday,4,6,2012,NA,NA,NA,NA,0,0,0,265,921.7100000000006,4.053105360443619,105
2012-06-19,CA_1,CA,HOUSEHOLD,Tuesday,4,6,2012,NA,NA,NA,NA,0,0,0,611,2302.450000000003,4.646914175506261,275
2012-06-20,CA_1,CA,FOODS,Wednesday,5,6,2012,NA,NA,NA,NA,0,0,0,2439,5811.249999999996,2.59524669909658,546
2012-06-20,CA_1,CA,HOBBIES,Wednesday,5,6,2012,NA,NA,NA,NA,0,0,0,365,1146.1600000000005,3.6689792663476783,119
2012-06-20,CA_1,CA,HOUSEHOLD,Wednesday,5,6,2012,NA,NA,NA,NA,0,0,0,623,2449.3399999999992,4.704811957569907,287
2012-06-21,CA_1,CA,FOODS,Thursday,6,6,2012,NBAFinalsEnd,Sporting,NA,NA,0,1,0,2498,6137.789999999996,2.6163496407800086,560
2012-06-21,CA_1,CA,HOBBIES,Thursday,6,6,2012,NBAFinalsEnd,Sporting,NA,NA,0,1,0,473,1319.5100000000007,3.3637159253945392,157
2012-06-21,CA_1,CA,HOUSEHOLD,Thursday,6,6,2012,NBAFinalsEnd,Sporting,NA,NA,0,1,0,609,2311.340000000004,4.727373046874995,286
2012-06-22,CA_1,CA,FOODS,Friday,7,6,2012,NA,NA,NA,NA,0,0,0,3494,9082.069999999994,2.707695462701863,578
2012-06-22,CA_1,CA,HOBBIES,Friday,7,6,2012,NA,NA,NA,NA,0,0,0,591,1701.1600000000014,3.3515985576922986,140
2012-06-22,CA_1,CA,HOUSEHOLD,Friday,7,6,2012,NA,NA,NA,NA,0,0,0,675,2698.4499999999994,4.735110701107008,292
2012-06-23,CA_1,CA,FOODS,Saturday,1,6,2012,NA,NA,NA,NA,0,0,1,3436,8045.039999999985,2.4829749478079215,589
2012-06-23,CA_1,CA,HOBBIES,Saturday,1,6,2012,NA,NA,NA,NA,0,0,1,560,1697.830000000001,3.548946015424155,167
2012-06-23,CA_1,CA,HOUSEHOLD,Saturday,1,6,2012,NA,NA,NA,NA,0,0,1,895,3618.7499999999964,4.580372720063447,338
2012-06-24,CA_1,CA,FOODS,Sunday,2,6,2012,NA,NA,NA,NA,0,0,1,3962,9299.599999999984,2.4637520240573574,624
2012-06-24,CA_1,CA,HOBBIES,Sunday,2,6,2012,NA,NA,NA,NA,0,0,1,379,1262.7600000000011,3.878587479935784,141
2012-06-24,CA_1,CA,HOUSEHOLD,Sunday,2,6,2012,NA,NA,NA,NA,0,0,1,885,3670.999999999997,4.675777598710726,348
2012-06-25,CA_1,CA,FOODS,Monday,3,6,2012,NA,NA,NA,NA,0,0,0,2670,6560.40999999999,2.6265147106369064,562
2012-06-25,CA_1,CA,HOBBIES,Monday,3,6,2012,NA,NA,NA,NA,0,0,0,332,1068.34,3.9348479729729626,125
2012-06-25,CA_1,CA,HOUSEHOLD,Monday,3,6,2012,NA,NA,NA,NA,0,0,0,652,2679.300000000001,4.813383458646615,292
2012-06-26,CA_1,CA,FOODS,Tuesday,4,6,2012,NA,NA,NA,NA,0,0,0,2311,5537.339999999998,2.611173285198543,526
2012-06-26,CA_1,CA,HOBBIES,Tuesday,4,6,2012,NA,NA,NA,NA,0,0,0,307,1043.8300000000002,4.0353754266211475,106
2012-06-26,CA_1,CA,HOUSEHOLD,Tuesday,4,6,2012,NA,NA,NA,NA,0,0,0,563,2264.3500000000026,4.784207870837528,276
2012-06-27,CA_1,CA,FOODS,Wednesday,5,6,2012,NA,NA,NA,NA,0,0,0,2195,5077.039999999998,2.5708527422990124,518
2012-06-27,CA_1,CA,HOBBIES,Wednesday,5,6,2012,NA,NA,NA,NA,0,0,0,416,1235.2400000000011,3.6074962292609247,138
2012-06-27,CA_1,CA,HOUSEHOLD,Wednesday,5,6,2012,NA,NA,NA,NA,0,0,0,642,2283.1100000000015,4.573175487465176,269
2012-06-28,CA_1,CA,FOODS,Thursday,6,6,2012,NA,NA,NA,NA,0,0,0,2660,5899.509999999997,2.4228327974276427,535
2012-06-28,CA_1,CA,HOBBIES,Thursday,6,6,2012,NA,NA,NA,NA,0,0,0,359,1154.2500000000005,3.8915483870967615,124
2012-06-28,CA_1,CA,HOUSEHOLD,Thursday,6,6,2012,NA,NA,NA,NA,0,0,0,536,2018.0900000000038,4.812362525458235,258
2012-06-29,CA_1,CA,FOODS,Friday,7,6,2012,NA,NA,NA,NA,0,0,0,3090,7242.369999999987,2.5022705314009532,556
2012-06-29,CA_1,CA,HOBBIES,Friday,7,6,2012,NA,NA,NA,NA,0,0,0,446,1501.1500000000012,3.8031664212076466,152
2012-06-29,CA_1,CA,HOUSEHOLD,Friday,7,6,2012,NA,NA,NA,NA,0,0,0,744,2926.7200000000016,4.65814285714286,328
2012-06-30,CA_1,CA,FOODS,Saturday,1,6,2012,NA,NA,NA,NA,0,0,1,3783,8900.729999999989,2.4690276774969804,614
2012-06-30,CA_1,CA,HOBBIES,Saturday,1,6,2012,NA,NA,NA,NA,0,0,1,628,1863.500000000001,3.4304014167650427,176
2012-06-30,CA_1,CA,HOUSEHOLD,Saturday,1,6,2012,NA,NA,NA,NA,0,0,1,945,3990.999999999997,4.7169349845201305,363
2012-07-01,CA_1,CA,FOODS,Sunday,2,7,2012,NA,NA,NA,NA,1,0,1,4125,9895.129999999985,2.502568888888878,611
2012-07-01,CA_1,CA,HOBBIES,Sunday,2,7,2012,NA,NA,NA,NA,1,0,1,402,1554.3600000000017,4.251981566820264,146
2012-07-01,CA_1,CA,HOUSEHOLD,Sunday,2,7,2012,NA,NA,NA,NA,1,0,1,1021,4107.009999999996,4.537148067104315,360
2012-07-02,CA_1,CA,FOODS,Monday,3,7,2012,NA,NA,NA,NA,1,0,0,3093,7592.449999999985,2.6033466022177865,562
2012-07-02,CA_1,CA,HOBBIES,Monday,3,7,2012,NA,NA,NA,NA,1,0,0,353,1525.2300000000007,4.4679999999999875,133
2012-07-02,CA_1,CA,HOUSEHOLD,Monday,3,7,2012,NA,NA,NA,NA,1,0,0,709,2972.5999999999985,4.795863013698625,324
2012-07-03,CA_1,CA,FOODS,Tuesday,4,7,2012,NA,NA,NA,NA,1,0,0,3401,8122.429999999979,2.528764074365007,568
2012-07-03,CA_1,CA,HOBBIES,Tuesday,4,7,2012,NA,NA,NA,NA,1,0,0,428,1577.790000000001,4.149715099715086,121
2012-07-03,CA_1,CA,HOUSEHOLD,Tuesday,4,7,2012,NA,NA,NA,NA,1,0,0,780,2970.9199999999946,4.581929974380874,319
2012-07-04,CA_1,CA,FOODS,Wednesday,5,7,2012,IndependenceDay,National,NA,NA,1,1,0,2744,6701.269999999997,2.613852611940288,514
2012-07-04,CA_1,CA,HOBBIES,Wednesday,5,7,2012,IndependenceDay,National,NA,NA,1,1,0,199,903.5400000000005,4.779999999999987,106
2012-07-04,CA_1,CA,HOUSEHOLD,Wednesday,5,7,2012,IndependenceDay,National,NA,NA,1,1,0,554,2238.810000000002,4.892363636363628,274
2012-07-05,CA_1,CA,FOODS,Thursday,6,7,2012,NA,NA,NA,NA,1,0,0,2539,6235.789999999992,2.620106987629543,534
2012-07-05,CA_1,CA,HOBBIES,Thursday,6,7,2012,NA,NA,NA,NA,1,0,0,246,943.8400000000006,4.448719397363452,110
2012-07-05,CA_1,CA,HOUSEHOLD,Thursday,6,7,2012,NA,NA,NA,NA,1,0,0,670,2609.4600000000005,4.663318223028103,277
2012-07-06,CA_1,CA,FOODS,Friday,7,7,2012,NA,NA,NA,NA,1,0,0,3280,7766.419999999992,2.501695098835626,573
2012-07-06,CA_1,CA,HOBBIES,Friday,7,7,2012,NA,NA,NA,NA,1,0,0,363,1671.2300000000014,4.624959999999989,133
2012-07-06,CA_1,CA,HOUSEHOLD,Friday,7,7,2012,NA,NA,NA,NA,1,0,0,783,3045.9199999999955,4.59967060810811,309
2012-07-07,CA_1,CA,FOODS,Saturday,1,7,2012,NA,NA,NA,NA,1,0,1,3604,8702.499999999989,2.5333874188716825,586
2012-07-07,CA_1,CA,HOBBIES,Saturday,1,7,2012,NA,NA,NA,NA,1,0,1,376,1528.820000000001,4.413474842767282,142
2012-07-07,CA_1,CA,HOUSEHOLD,Saturday,1,7,2012,NA,NA,NA,NA,1,0,1,804,3344.8099999999986,4.673660185967878,336
2012-07-08,CA_1,CA,FOODS,Sunday,2,7,2012,NA,NA,NA,NA,1,0,1,4070,9739.849999999993,2.51777454056476,596
2012-07-08,CA_1,CA,HOBBIES,Sunday,2,7,2012,NA,NA,NA,NA,1,0,1,463,1498.5300000000016,3.832162921348305,153
2012-07-08,CA_1,CA,HOUSEHOLD,Sunday,2,7,2012,NA,NA,NA,NA,1,0,1,948,3738.9499999999953,4.515441967717148,362
2012-07-09,CA_1,CA,FOODS,Monday,3,7,2012,NA,NA,NA,NA,1,0,0,3311,8191.449999999982,2.59270357430797,578
2012-07-09,CA_1,CA,HOBBIES,Monday,3,7,2012,NA,NA,NA,NA,1,0,0,280,1122.1200000000006,4.510713012477702,121
2012-07-09,CA_1,CA,HOUSEHOLD,Monday,3,7,2012,NA,NA,NA,NA,1,0,0,689,2736.8600000000006,4.691571815718151,297
2012-07-10,CA_1,CA,FOODS,Tuesday,4,7,2012,NA,NA,NA,NA,1,0,0,2902,7228.720000000002,2.6351101720494925,577
2012-07-10,CA_1,CA,HOBBIES,Tuesday,4,7,2012,NA,NA,NA,NA,1,0,0,452,978.2700000000004,3.351253333333323,104
2012-07-10,CA_1,CA,HOUSEHOLD,Tuesday,4,7,2012,NA,NA,NA,NA,1,0,0,593,2356.1000000000017,4.836896217264786,277
2012-07-11,CA_1,CA,FOODS,Wednesday,5,7,2012,NA,NA,NA,NA,0,0,0,2599,6457.65999999999,2.663238562091488,527
2012-07-11,CA_1,CA,HOBBIES,Wednesday,5,7,2012,NA,NA,NA,NA,0,0,0,456,1223.800000000001,3.6201763907733944,121
2012-07-11,CA_1,CA,HOUSEHOLD,Wednesday,5,7,2012,NA,NA,NA,NA,0,0,0,623,2443.33,4.787956064947464,291
2012-07-12,CA_1,CA,FOODS,Thursday,6,7,2012,NA,NA,NA,NA,0,0,0,2710,6643.059999999992,2.6210147719974186,584
2012-07-12,CA_1,CA,HOBBIES,Thursday,6,7,2012,NA,NA,NA,NA,0,0,0,469,1500.0900000000017,3.767626886145394,142
2012-07-12,CA_1,CA,HOUSEHOLD,Thursday,6,7,2012,NA,NA,NA,NA,0,0,0,599,2248.2900000000013,4.718404255319141,280
2012-07-13,CA_1,CA,FOODS,Friday,7,7,2012,NA,NA,NA,NA,0,0,0,3133,7982.049999999992,2.6753305084745636,581
2012-07-13,CA_1,CA,HOBBIES,Friday,7,7,2012,NA,NA,NA,NA,0,0,0,418,1640.2800000000007,4.310762331838553,151
2012-07-13,CA_1,CA,HOUSEHOLD,Friday,7,7,2012,NA,NA,NA,NA,0,0,0,771,3034.069999999996,4.623224137931037,326
2012-07-14,CA_1,CA,FOODS,Saturday,1,7,2012,NA,NA,NA,NA,0,0,1,3543,8874.579999999985,2.6169844506754885,612
2012-07-14,CA_1,CA,HOBBIES,Saturday,1,7,2012,NA,NA,NA,NA,0,0,1,473,1662.1500000000012,4.03293706293705,161
2012-07-14,CA_1,CA,HOUSEHOLD,Saturday,1,7,2012,NA,NA,NA,NA,0,0,1,896,3420.499999999999,4.482953125000008,338
2012-07-15,CA_1,CA,FOODS,Sunday,2,7,2012,NA,NA,NA,NA,0,0,1,3651,9420.629999999983,2.678888063397709,605
2012-07-15,CA_1,CA,HOBBIES,Sunday,2,7,2012,NA,NA,NA,NA,0,0,1,407,1268.4100000000008,3.976919642857131,138
2012-07-15,CA_1,CA,HOUSEHOLD,Sunday,2,7,2012,NA,NA,NA,NA,0,0,1,896,3601.949999999995,4.610141955835968,350
2012-07-16,CA_1,CA,FOODS,Monday,3,7,2012,NA,NA,NA,NA,0,0,0,2539,6316.41999999999,2.6741728312037507,557
2012-07-16,CA_1,CA,HOBBIES,Monday,3,7,2012,NA,NA,NA,NA,0,0,0,365,1342.550000000001,4.205778816199364,126
2012-07-16,CA_1,CA,HOUSEHOLD,Monday,3,7,2012,NA,NA,NA,NA,0,0,0,679,2640.509999999999,4.7271428571428595,281
2012-07-17,CA_1,CA,FOODS,Tuesday,4,7,2012,NA,NA,NA,NA,0,0,0,2499,6039.159999999989,2.596071062521337,564
2012-07-17,CA_1,CA,HOBBIES,Tuesday,4,7,2012,NA,NA,NA,NA,0,0,0,433,1435.9200000000005,3.8935754985754856,134
2012-07-17,CA_1,CA,HOUSEHOLD,Tuesday,4,7,2012,NA,NA,NA,NA,0,0,0,561,2162.590000000004,4.7941552062868285,265
2012-07-18,CA_1,CA,FOODS,Wednesday,5,7,2012,NA,NA,NA,NA,0,0,0,2468,5702.649999999998,2.525997956403255,524
2012-07-18,CA_1,CA,HOBBIES,Wednesday,5,7,2012,NA,NA,NA,NA,0,0,0,292,1245.210000000001,4.59343362831857,130
2012-07-18,CA_1,CA,HOUSEHOLD,Wednesday,5,7,2012,NA,NA,NA,NA,0,0,0,525,2165.0200000000023,4.970958762886587,277
2012-07-19,CA_1,CA,FOODS,Thursday,6,7,2012,NA,NA,NA,NA,0,0,0,2511,6150.719999999993,2.6408277027026896,543
2012-07-19,CA_1,CA,HOBBIES,Thursday,6,7,2012,NA,NA,NA,NA,0,0,0,420,1102.2100000000007,3.6601137980085223,120
2012-07-19,CA_1,CA,HOUSEHOLD,Thursday,6,7,2012,NA,NA,NA,NA,0,0,0,560,2369.9800000000023,4.987793380140414,285
2012-07-20,CA_1,CA,FOODS,Friday,7,7,2012,Ramadan starts,Religious,NA,NA,0,1,0,3337,7812.149999999988,2.4911611185086437,574
2012-07-20,CA_1,CA,HOBBIES,Friday,7,7,2012,Ramadan starts,Religious,NA,NA,0,1,0,493,1462.2600000000004,3.684297082228106,142
2012-07-20,CA_1,CA,HOUSEHOLD,Friday,7,7,2012,Ramadan starts,Religious,NA,NA,0,1,0,658,2685.949999999999,4.843392193308553,304
2012-07-21,CA_1,CA,FOODS,Saturday,1,7,2012,NA,NA,NA,NA,0,0,1,3713,8751.539999999992,2.4853818004391184,606
2012-07-21,CA_1,CA,HOBBIES,Saturday,1,7,2012,NA,NA,NA,NA,0,0,1,472,1528.9100000000005,3.8786011080332283,155
2012-07-21,CA_1,CA,HOUSEHOLD,Saturday,1,7,2012,NA,NA,NA,NA,0,0,1,826,3402.189999999998,4.724005016722408,354
2012-07-22,CA_1,CA,FOODS,Sunday,2,7,2012,NA,NA,NA,NA,0,0,1,3753,9445.069999999982,2.6236831875607276,629
2012-07-22,CA_1,CA,HOBBIES,Sunday,2,7,2012,NA,NA,NA,NA,0,0,1,569,1822.7700000000013,3.7617813267813167,160
2012-07-22,CA_1,CA,HOUSEHOLD,Sunday,2,7,2012,NA,NA,NA,NA,0,0,1,979,4005.0899999999983,4.660722801788387,361
2012-07-23,CA_1,CA,FOODS,Monday,3,7,2012,NA,NA,NA,NA,0,0,0,2522,6281.709999999988,2.661319538670271,566
2012-07-23,CA_1,CA,HOBBIES,Monday,3,7,2012,NA,NA,NA,NA,0,0,0,393,1234.2500000000005,4.0017378048780365,142
2012-07-23,CA_1,CA,HOUSEHOLD,Monday,3,7,2012,NA,NA,NA,NA,0,0,0,645,2747.96,4.912114125350794,300
2012-07-24,CA_1,CA,FOODS,Tuesday,4,7,2012,NA,NA,NA,NA,0,0,0,2411,5785.319999999994,2.615613730929248,519
2012-07-24,CA_1,CA,HOBBIES,Tuesday,4,7,2012,NA,NA,NA,NA,0,0,0,239,1168.390000000001,4.944855491329463,125
2012-07-24,CA_1,CA,HOUSEHOLD,Tuesday,4,7,2012,NA,NA,NA,NA,0,0,0,605,2456.560000000001,4.882242194891199,272
2012-07-25,CA_1,CA,FOODS,Wednesday,5,7,2012,NA,NA,NA,NA,0,0,0,2329,5522.609999999995,2.5935470085469947,513
2012-07-25,CA_1,CA,HOBBIES,Wednesday,5,7,2012,NA,NA,NA,NA,0,0,0,243,1038.4800000000002,4.697408088235277,104
2012-07-25,CA_1,CA,HOUSEHOLD,Wednesday,5,7,2012,NA,NA,NA,NA,0,0,0,610,2503.1000000000013,4.844203454894431,292
2012-07-26,CA_1,CA,FOODS,Thursday,6,7,2012,NA,NA,NA,NA,0,0,0,2680,6046.799999999994,2.4791449459631147,526
2012-07-26,CA_1,CA,HOBBIES,Thursday,6,7,2012,NA,NA,NA,NA,0,0,0,306,1373.1900000000005,4.66428330522764,118
2012-07-26,CA_1,CA,HOUSEHOLD,Thursday,6,7,2012,NA,NA,NA,NA,0,0,0,589,2709.3699999999994,5.127097415506952,307
2012-07-27,CA_1,CA,FOODS,Friday,7,7,2012,NA,NA,NA,NA,0,0,0,2823,6643.479999999991,2.547749999999987,535
2012-07-27,CA_1,CA,HOBBIES,Friday,7,7,2012,NA,NA,NA,NA,0,0,0,291,1323.7600000000007,4.727657342657328,124
2012-07-27,CA_1,CA,HOUSEHOLD,Friday,7,7,2012,NA,NA,NA,NA,0,0,0,636,2656.720000000001,4.919199237368921,311
2012-07-28,CA_1,CA,FOODS,Saturday,1,7,2012,NA,NA,NA,NA,0,0,1,2849,6846.089999999997,2.568752282410215,559
2012-07-28,CA_1,CA,HOBBIES,Saturday,1,7,2012,NA,NA,NA,NA,0,0,1,401,1475.9400000000003,4.237405247813399,120
2012-07-28,CA_1,CA,HOUSEHOLD,Saturday,1,7,2012,NA,NA,NA,NA,0,0,1,721,3171.8399999999992,4.90973142345569,328
2012-07-29,CA_1,CA,FOODS,Sunday,2,7,2012,NA,NA,NA,NA,0,0,1,3148,7284.039999999996,2.4914760972882193,567
2012-07-29,CA_1,CA,HOBBIES,Sunday,2,7,2012,NA,NA,NA,NA,0,0,1,249,1249.960000000001,4.888500948766587,127
2012-07-29,CA_1,CA,HOUSEHOLD,Sunday,2,7,2012,NA,NA,NA,NA,0,0,1,764,3160.6699999999973,4.764458653026434,315
2012-07-30,CA_1,CA,FOODS,Monday,3,7,2012,NA,NA,NA,NA,0,0,0,2450,6059.830000000003,2.6707061660351257,543
2012-07-30,CA_1,CA,HOBBIES,Monday,3,7,2012,NA,NA,NA,NA,0,0,0,405,1523.0900000000008,4.238067349926782,127
2012-07-30,CA_1,CA,HOUSEHOLD,Monday,3,7,2012,NA,NA,NA,NA,0,0,0,551,2268.620000000003,4.982359999999991,275
2012-07-31,CA_1,CA,FOODS,Tuesday,4,7,2012,NA,NA,NA,NA,0,0,0,2452,5958.669999999999,2.653047980669645,551
2012-07-31,CA_1,CA,HOBBIES,Tuesday,4,7,2012,NA,NA,NA,NA,0,0,0,323,1102.7400000000005,4.098306451612888,108
2012-07-31,CA_1,CA,HOUSEHOLD,Tuesday,4,7,2012,NA,NA,NA,NA,0,0,0,626,2538.55,4.8539052132701395,295
2012-08-01,CA_1,CA,FOODS,Wednesday,5,8,2012,NA,NA,NA,NA,1,0,0,2762,6719.399999999995,2.616080996884721,548
2012-08-01,CA_1,CA,HOBBIES,Wednesday,5,8,2012,NA,NA,NA,NA,1,0,0,397,1332.6300000000008,4.0700745156482725,131
2012-08-01,CA_1,CA,HOUSEHOLD,Wednesday,5,8,2012,NA,NA,NA,NA,1,0,0,660,2654.27,4.7919925857275185,305
2012-08-02,CA_1,CA,FOODS,Thursday,6,8,2012,NA,NA,NA,NA,1,0,0,3156,7414.419999999993,2.5078426966292033,592
2012-08-02,CA_1,CA,HOBBIES,Thursday,6,8,2012,NA,NA,NA,NA,1,0,0,450,1481.9800000000002,3.936484268125843,124
2012-08-02,CA_1,CA,HOUSEHOLD,Thursday,6,8,2012,NA,NA,NA,NA,1,0,0,701,2771.239999999998,4.729163669064752,313
2012-08-03,CA_1,CA,FOODS,Friday,7,8,2012,NA,NA,NA,NA,1,0,0,3327,8034.47999999999,2.5508257616247887,581
2012-08-03,CA_1,CA,HOBBIES,Friday,7,8,2012,NA,NA,NA,NA,1,0,0,392,1411.8900000000015,4.089376854599391,123
2012-08-03,CA_1,CA,HOUSEHOLD,Friday,7,8,2012,NA,NA,NA,NA,1,0,0,751,2973.669999999997,4.711381692573406,317
2012-08-04,CA_1,CA,FOODS,Saturday,1,8,2012,NA,NA,NA,NA,1,0,1,3870,9134.579999999989,2.4907033639143634,623
2012-08-04,CA_1,CA,HOBBIES,Saturday,1,8,2012,NA,NA,NA,NA,1,0,1,421,1943.4500000000014,4.705843195266256,155
2012-08-04,CA_1,CA,HOUSEHOLD,Saturday,1,8,2012,NA,NA,NA,NA,1,0,1,852,3401.6200000000003,4.72004850444625,342
2012-08-05,CA_1,CA,FOODS,Sunday,2,8,2012,NA,NA,NA,NA,1,0,1,4253,10469.15999999998,2.5785874005590093,606
2012-08-05,CA_1,CA,HOBBIES,Sunday,2,8,2012,NA,NA,NA,NA,1,0,1,288,1654.9900000000014,5.172482394366183,130
2012-08-05,CA_1,CA,HOUSEHOLD,Sunday,2,8,2012,NA,NA,NA,NA,1,0,1,997,4206.519999999995,4.6658753709198875,376
2012-08-06,CA_1,CA,FOODS,Monday,3,8,2012,NA,NA,NA,NA,1,0,0,3440,8157.299999999989,2.51370447450571,600
2012-08-06,CA_1,CA,HOBBIES,Monday,3,8,2012,NA,NA,NA,NA,1,0,0,234,1126.3700000000013,4.9621928166351434,115
2012-08-06,CA_1,CA,HOUSEHOLD,Monday,3,8,2012,NA,NA,NA,NA,1,0,0,704,2849.589999999999,4.786420302760469,308
2012-08-07,CA_1,CA,FOODS,Tuesday,4,8,2012,NA,NA,NA,NA,1,0,0,2904,7078.559999999994,2.6085294989623367,535
2012-08-07,CA_1,CA,HOBBIES,Tuesday,4,8,2012,NA,NA,NA,NA,1,0,0,336,1338.170000000001,4.4996650717703215,119
2012-08-07,CA_1,CA,HOUSEHOLD,Tuesday,4,8,2012,NA,NA,NA,NA,1,0,0,615,2555.480000000002,4.940472589792063,284
2012-08-08,CA_1,CA,FOODS,Wednesday,5,8,2012,NA,NA,NA,NA,1,0,0,3037,7356.119999999993,2.594832618025743,546
2012-08-08,CA_1,CA,HOBBIES,Wednesday,5,8,2012,NA,NA,NA,NA,1,0,0,271,1152.3800000000008,4.678395061728379,114
2012-08-08,CA_1,CA,HOUSEHOLD,Wednesday,5,8,2012,NA,NA,NA,NA,1,0,0,616,2391.6299999999997,4.773944866920149,291
2012-08-09,CA_1,CA,FOODS,Thursday,6,8,2012,NA,NA,NA,NA,1,0,0,2986,7192.290000000001,2.5682732558139416,550
2012-08-09,CA_1,CA,HOBBIES,Thursday,6,8,2012,NA,NA,NA,NA,1,0,0,259,1080.3700000000006,4.609116607773836,103
2012-08-09,CA_1,CA,HOUSEHOLD,Thursday,6,8,2012,NA,NA,NA,NA,1,0,0,565,2278.7600000000016,4.941945259042031,269
2012-08-10,CA_1,CA,FOODS,Friday,7,8,2012,NA,NA,NA,NA,1,0,0,3596,8283.649999999987,2.4616860897594717,567
2012-08-10,CA_1,CA,HOBBIES,Friday,7,8,2012,NA,NA,NA,NA,1,0,0,261,1243.5900000000013,4.921096892138923,124
2012-08-10,CA_1,CA,HOUSEHOLD,Friday,7,8,2012,NA,NA,NA,NA,1,0,0,704,2899.29,4.827105500450863,322
2012-08-11,CA_1,CA,FOODS,Saturday,1,8,2012,NA,NA,NA,NA,0,0,1,4265,10057.88999999998,2.4829961423060327,604
2012-08-11,CA_1,CA,HOBBIES,Saturday,1,8,2012,NA,NA,NA,NA,0,0,1,432,1650.1400000000012,4.25395415472778,144
2012-08-11,CA_1,CA,HOUSEHOLD,Saturday,1,8,2012,NA,NA,NA,NA,0,0,1,832,3612.6599999999958,4.891950617283961,348
2012-08-12,CA_1,CA,FOODS,Sunday,2,8,2012,NA,NA,NA,NA,0,0,1,3958,9472.17999999999,2.5138854524627607,598
2012-08-12,CA_1,CA,HOBBIES,Sunday,2,8,2012,NA,NA,NA,NA,0,0,1,429,1482.9800000000014,4.090872093023244,151
2012-08-12,CA_1,CA,HOUSEHOLD,Sunday,2,8,2012,NA,NA,NA,NA,0,0,1,897,3662.5799999999967,4.678228924980673,335
2012-08-13,CA_1,CA,FOODS,Monday,3,8,2012,NA,NA,NA,NA,0,0,0,3005,6857.769999999996,2.466363898500566,542
2012-08-13,CA_1,CA,HOBBIES,Monday,3,8,2012,NA,NA,NA,NA,0,0,0,263,1151.2700000000007,4.684096601073329,114
2012-08-13,CA_1,CA,HOUSEHOLD,Monday,3,8,2012,NA,NA,NA,NA,0,0,0,596,2581.200000000001,5.089223394055607,284
2012-08-14,CA_1,CA,FOODS,Tuesday,4,8,2012,NA,NA,NA,NA,0,0,0,2865,6629.649999999985,2.5035219747140127,548
2012-08-14,CA_1,CA,HOBBIES,Tuesday,4,8,2012,NA,NA,NA,NA,0,0,0,256,1167.4600000000005,4.76840867992765,113
2012-08-14,CA_1,CA,HOUSEHOLD,Tuesday,4,8,2012,NA,NA,NA,NA,0,0,0,641,2696.4300000000007,4.918568755846582,303
2012-08-15,CA_1,CA,FOODS,Wednesday,5,8,2012,NA,NA,NA,NA,0,0,0,2624,6499.999999999997,2.636797279792734,541
2012-08-15,CA_1,CA,HOBBIES,Wednesday,5,8,2012,NA,NA,NA,NA,0,0,0,281,1200.5900000000008,4.5710664335664175,119
2012-08-15,CA_1,CA,HOUSEHOLD,Wednesday,5,8,2012,NA,NA,NA,NA,0,0,0,566,2304.900000000002,4.935819265143986,290
2012-08-16,CA_1,CA,FOODS,Thursday,6,8,2012,NA,NA,NA,NA,0,0,0,2968,6832.309999999989,2.494874668239446,582
2012-08-16,CA_1,CA,HOBBIES,Thursday,6,8,2012,NA,NA,NA,NA,0,0,0,324,1256.5000000000005,4.449329983249566,137
2012-08-16,CA_1,CA,HOUSEHOLD,Thursday,6,8,2012,NA,NA,NA,NA,0,0,0,610,2632,4.9884976076555,296
2012-08-17,CA_1,CA,FOODS,Friday,7,8,2012,NA,NA,NA,NA,0,0,0,3352,7870.799999999988,2.4910485797716913,590
2012-08-17,CA_1,CA,HOBBIES,Friday,7,8,2012,NA,NA,NA,NA,0,0,0,343,1356.1900000000019,4.337205882352925,141
2012-08-17,CA_1,CA,HOUSEHOLD,Friday,7,8,2012,NA,NA,NA,NA,0,0,0,671,2782.159999999998,4.875718181818184,302
2012-08-18,CA_1,CA,FOODS,Saturday,1,8,2012,NA,NA,NA,NA,0,0,1,4507,10938.109999999984,2.537835135686587,613
2012-08-18,CA_1,CA,HOBBIES,Saturday,1,8,2012,NA,NA,NA,NA,0,0,1,473,1780.520000000001,4.15093793103447,158
2012-08-18,CA_1,CA,HOUSEHOLD,Saturday,1,8,2012,NA,NA,NA,NA,0,0,1,918,3870.459999999999,4.793058103975543,343
2012-08-19,CA_1,CA,FOODS,Sunday,2,8,2012,Eid al-Fitr,Religious,NA,NA,0,1,1,4470,11106.769999999991,2.5841462409886633,622
2012-08-19,CA_1,CA,HOBBIES,Sunday,2,8,2012,Eid al-Fitr,Religious,NA,NA,0,1,1,404,1615.7200000000014,4.466499999999987,154
2012-08-19,CA_1,CA,HOUSEHOLD,Sunday,2,8,2012,Eid al-Fitr,Religious,NA,NA,0,1,1,1060,4222.270000000001,4.5868461538461665,363
2012-08-20,CA_1,CA,FOODS,Monday,3,8,2012,NA,NA,NA,NA,0,0,0,2853,7313.57999999999,2.707797074954284,578
2012-08-20,CA_1,CA,HOBBIES,Monday,3,8,2012,NA,NA,NA,NA,0,0,0,316,1252.2500000000002,4.417417218543029,122
2012-08-20,CA_1,CA,HOUSEHOLD,Monday,3,8,2012,NA,NA,NA,NA,0,0,0,727,3106.219999999999,4.906476274165206,322
2012-08-21,CA_1,CA,FOODS,Tuesday,4,8,2012,NA,NA,NA,NA,0,0,0,2663,6375.519999999995,2.591990430621996,535
2012-08-21,CA_1,CA,HOBBIES,Tuesday,4,8,2012,NA,NA,NA,NA,0,0,0,239,1062.4200000000008,4.836548507462671,113
2012-08-21,CA_1,CA,HOUSEHOLD,Tuesday,4,8,2012,NA,NA,NA,NA,0,0,0,662,2578.8199999999974,4.734819819819821,285
2012-08-22,CA_1,CA,FOODS,Wednesday,5,8,2012,NA,NA,NA,NA,0,0,0,2403,5693.899999999999,2.584482637670979,559
2012-08-22,CA_1,CA,HOBBIES,Wednesday,5,8,2012,NA,NA,NA,NA,0,0,0,274,1140.3900000000008,4.698484848484832,123
2012-08-22,CA_1,CA,HOUSEHOLD,Wednesday,5,8,2012,NA,NA,NA,NA,0,0,0,578,2214.700000000003,4.8023694390715574,277
2012-08-23,CA_1,CA,FOODS,Thursday,6,8,2012,NA,NA,NA,NA,0,0,0,2357,5448.189999999998,2.5473133802816736,524
2012-08-23,CA_1,CA,HOBBIES,Thursday,6,8,2012,NA,NA,NA,NA,0,0,0,284,1423.000000000001,4.9855653710247205,128
2012-08-23,CA_1,CA,HOUSEHOLD,Thursday,6,8,2012,NA,NA,NA,NA,0,0,0,567,2408.5200000000004,5.025421568627448,280
2012-08-24,CA_1,CA,FOODS,Friday,7,8,2012,NA,NA,NA,NA,0,0,0,2710,6456.860000000001,2.566600441501092,546
2012-08-24,CA_1,CA,HOBBIES,Friday,7,8,2012,NA,NA,NA,NA,0,0,0,321,1331.4800000000012,4.607541806020055,133
2012-08-24,CA_1,CA,HOUSEHOLD,Friday,7,8,2012,NA,NA,NA,NA,0,0,0,655,2789.479999999999,4.938347260909938,311
2012-08-25,CA_1,CA,FOODS,Saturday,1,8,2012,NA,NA,NA,NA,0,0,1,3790,9028.399999999989,2.507466442953009,625
2012-08-25,CA_1,CA,HOBBIES,Saturday,1,8,2012,NA,NA,NA,NA,0,0,1,407,1595.650000000001,4.340895522388046,147
2012-08-25,CA_1,CA,HOUSEHOLD,Saturday,1,8,2012,NA,NA,NA,NA,0,0,1,885,3567.149999999997,4.715762578616362,350
2012-08-26,CA_1,CA,FOODS,Sunday,2,8,2012,NA,NA,NA,NA,0,0,1,3823,9489.059999999996,2.6061731315042467,602
2012-08-26,CA_1,CA,HOBBIES,Sunday,2,8,2012,NA,NA,NA,NA,0,0,1,425,1552.560000000001,4.201666666666652,145
2012-08-26,CA_1,CA,HOUSEHOLD,Sunday,2,8,2012,NA,NA,NA,NA,0,0,1,1035,4199.999999999999,4.612836778332155,369
2012-08-27,CA_1,CA,FOODS,Monday,3,8,2012,NA,NA,NA,NA,0,0,0,2503,6256.239999999995,2.688381270902996,520
2012-08-27,CA_1,CA,HOBBIES,Monday,3,8,2012,NA,NA,NA,NA,0,0,0,327,1094.4700000000003,4.215451664025343,106
2012-08-27,CA_1,CA,HOUSEHOLD,Monday,3,8,2012,NA,NA,NA,NA,0,0,0,593,2434.0900000000015,4.971986754966883,273
2012-08-28,CA_1,CA,FOODS,Tuesday,4,8,2012,NA,NA,NA,NA,0,0,0,2351,5765.410000000001,2.6551409443269782,520
2012-08-28,CA_1,CA,HOBBIES,Tuesday,4,8,2012,NA,NA,NA,NA,0,0,0,271,1094.6700000000003,4.581759581881519,107
2012-08-28,CA_1,CA,HOUSEHOLD,Tuesday,4,8,2012,NA,NA,NA,NA,0,0,0,522,2165.740000000004,4.977251755265788,262
2012-08-29,CA_1,CA,FOODS,Wednesday,5,8,2012,NA,NA,NA,NA,0,0,0,2155,5201.709999999994,2.664754036800584,499
2012-08-29,CA_1,CA,HOBBIES,Wednesday,5,8,2012,NA,NA,NA,NA,0,0,0,206,1152.4200000000005,5.157242718446582,101
2012-08-29,CA_1,CA,HOUSEHOLD,Wednesday,5,8,2012,NA,NA,NA,NA,0,0,0,518,2116.880000000003,4.9991658291457215,260
2012-08-30,CA_1,CA,FOODS,Thursday,6,8,2012,NA,NA,NA,NA,0,0,0,2403,5866.079999999995,2.661203478260854,535
2012-08-30,CA_1,CA,HOBBIES,Thursday,6,8,2012,NA,NA,NA,NA,0,0,0,314,1279.1000000000008,4.521938250428801,141
2012-08-30,CA_1,CA,HOUSEHOLD,Thursday,6,8,2012,NA,NA,NA,NA,0,0,0,525,2273.7600000000016,5.1003051881993855,279
2012-08-31,CA_1,CA,FOODS,Friday,7,8,2012,NA,NA,NA,NA,0,0,0,3007,7211.65999999999,2.5736750145602683,580
2012-08-31,CA_1,CA,HOBBIES,Friday,7,8,2012,NA,NA,NA,NA,0,0,0,409,1591.8800000000008,4.350388059701482,149
2012-08-31,CA_1,CA,HOUSEHOLD,Friday,7,8,2012,NA,NA,NA,NA,0,0,0,679,2695.800000000001,4.8215,296
2012-09-01,CA_1,CA,FOODS,Saturday,1,9,2012,NA,NA,NA,NA,1,0,1,4527,11164.829999999984,2.5675892490767254,662
2012-09-01,CA_1,CA,HOBBIES,Saturday,1,9,2012,NA,NA,NA,NA,1,0,1,440,1837.0200000000013,4.510716332378211,152
2012-09-01,CA_1,CA,HOUSEHOLD,Saturday,1,9,2012,NA,NA,NA,NA,1,0,1,927,3756.419999999998,4.683552036199109,340
2012-09-02,CA_1,CA,FOODS,Sunday,2,9,2012,NA,NA,NA,NA,1,0,1,4128,9919.71999999999,2.51879566083683,620
2012-09-02,CA_1,CA,HOBBIES,Sunday,2,9,2012,NA,NA,NA,NA,1,0,1,367,1645.1500000000017,4.775193548387084,157
2012-09-02,CA_1,CA,HOUSEHOLD,Sunday,2,9,2012,NA,NA,NA,NA,1,0,1,908,3574.4599999999978,4.635613496932526,343
2012-09-03,CA_1,CA,FOODS,Monday,3,9,2012,LaborDay,National,NA,NA,1,1,0,3933,9401.359999999982,2.5206917223887357,605
2012-09-03,CA_1,CA,HOBBIES,Monday,3,9,2012,LaborDay,National,NA,NA,1,1,0,377,1554.1000000000013,4.492389937106907,151
2012-09-03,CA_1,CA,HOUSEHOLD,Monday,3,9,2012,LaborDay,National,NA,NA,1,1,0,847,3534.6699999999983,4.74852445870089,339
2012-09-04,CA_1,CA,FOODS,Tuesday,4,9,2012,NA,NA,NA,NA,1,0,0,2900,6784.4799999999905,2.5305127436281736,574
2012-09-04,CA_1,CA,HOBBIES,Tuesday,4,9,2012,NA,NA,NA,NA,1,0,0,319,1130.0400000000009,4.271950819672115,119
2012-09-04,CA_1,CA,HOUSEHOLD,Tuesday,4,9,2012,NA,NA,NA,NA,1,0,0,702,2605.349999999999,4.682754126846226,290
2012-09-05,CA_1,CA,FOODS,Wednesday,5,9,2012,NA,NA,NA,NA,1,0,0,2602,6550.08,2.6889248366012937,551
2012-09-05,CA_1,CA,HOBBIES,Wednesday,5,9,2012,NA,NA,NA,NA,1,0,0,210,1058.5600000000004,4.897066929133842,112
2012-09-05,CA_1,CA,HOUSEHOLD,Wednesday,5,9,2012,NA,NA,NA,NA,1,0,0,557,2121.3800000000024,4.831756097560969,271
2012-09-06,CA_1,CA,FOODS,Thursday,6,9,2012,NA,NA,NA,NA,1,0,0,2423,5991.499999999997,2.670964942728203,551
2012-09-06,CA_1,CA,HOBBIES,Thursday,6,9,2012,NA,NA,NA,NA,1,0,0,195,915.3700000000008,4.930976095617512,103
2012-09-06,CA_1,CA,HOUSEHOLD,Thursday,6,9,2012,NA,NA,NA,NA,1,0,0,624,2353.9800000000027,4.750695970695972,271
2012-09-07,CA_1,CA,FOODS,Friday,7,9,2012,NA,NA,NA,NA,1,0,0,3143,7700.299999999989,2.5970452628619496,595
2012-09-07,CA_1,CA,HOBBIES,Friday,7,9,2012,NA,NA,NA,NA,1,0,0,316,1340.180000000001,4.60147157190634,128
2012-09-07,CA_1,CA,HOUSEHOLD,Friday,7,9,2012,NA,NA,NA,NA,1,0,0,615,2362.480000000003,4.806167441860462,279
2012-09-08,CA_1,CA,FOODS,Saturday,1,9,2012,NA,NA,NA,NA,1,0,1,3693,8936.019999999986,2.551882036221234,618
2012-09-08,CA_1,CA,HOBBIES,Saturday,1,9,2012,NA,NA,NA,NA,1,0,1,346,1334.6000000000015,4.445146579804549,142
2012-09-08,CA_1,CA,HOUSEHOLD,Saturday,1,9,2012,NA,NA,NA,NA,1,0,1,805,3260.859999999998,4.775610155610166,324
2012-09-09,CA_1,CA,FOODS,Sunday,2,9,2012,NA,NA,NA,NA,1,0,1,4247,10942.61999999998,2.6706570131834795,631
2012-09-09,CA_1,CA,HOBBIES,Sunday,2,9,2012,NA,NA,NA,NA,1,0,1,434,1661.6400000000006,4.339146164978279,153
2012-09-09,CA_1,CA,HOUSEHOLD,Sunday,2,9,2012,NA,NA,NA,NA,1,0,1,1023,4232.309999999994,4.628998559077823,375
2012-09-10,CA_1,CA,FOODS,Monday,3,9,2012,NA,NA,NA,NA,1,0,0,2803,6981.029999999999,2.650240369799682,569
2012-09-10,CA_1,CA,HOBBIES,Monday,3,9,2012,NA,NA,NA,NA,1,0,0,264,973.59,4.517215411558651,103
2012-09-10,CA_1,CA,HOUSEHOLD,Monday,3,9,2012,NA,NA,NA,NA,1,0,0,647,2420.1000000000017,4.731262488646683,286
2012-09-11,CA_1,CA,FOODS,Tuesday,4,9,2012,NA,NA,NA,NA,0,0,0,2461,5988.279999999995,2.6272117687307435,549
2012-09-11,CA_1,CA,HOBBIES,Tuesday,4,9,2012,NA,NA,NA,NA,0,0,0,255,965.6500000000004,4.602956204379546,117
2012-09-11,CA_1,CA,HOUSEHOLD,Tuesday,4,9,2012,NA,NA,NA,NA,0,0,0,548,2111.470000000004,4.8800585937499985,264
2012-09-12,CA_1,CA,FOODS,Wednesday,5,9,2012,NA,NA,NA,NA,0,0,0,2271,5486.009999999998,2.6184336475706873,524
2012-09-12,CA_1,CA,HOBBIES,Wednesday,5,9,2012,NA,NA,NA,NA,0,0,0,228,1117.970000000001,4.940799999999982,113
2012-09-12,CA_1,CA,HOUSEHOLD,Wednesday,5,9,2012,NA,NA,NA,NA,0,0,0,545,2137.670000000003,4.867067594433391,279
2012-09-13,CA_1,CA,FOODS,Thursday,6,9,2012,NA,NA,NA,NA,0,0,0,2447,6139.859999999997,2.695706484641623,528
2012-09-13,CA_1,CA,HOBBIES,Thursday,6,9,2012,NA,NA,NA,NA,0,0,0,326,1156.0400000000006,4.2253451043338535,113
2012-09-13,CA_1,CA,HOUSEHOLD,Thursday,6,9,2012,NA,NA,NA,NA,0,0,0,575,2157.0300000000034,4.829932432432421,279
2012-09-14,CA_1,CA,FOODS,Friday,7,9,2012,NA,NA,NA,NA,0,0,0,3049,7157.759999999986,2.512307692307681,550
2012-09-14,CA_1,CA,HOBBIES,Friday,7,9,2012,NA,NA,NA,NA,0,0,0,336,1268.9400000000003,4.374145161290308,126
2012-09-14,CA_1,CA,HOUSEHOLD,Friday,7,9,2012,NA,NA,NA,NA,0,0,0,712,2966.7699999999973,4.878617021276601,324
2012-09-15,CA_1,CA,FOODS,Saturday,1,9,2012,NA,NA,NA,NA,0,0,1,3689,9035.539999999988,2.559491483584289,651
2012-09-15,CA_1,CA,HOBBIES,Saturday,1,9,2012,NA,NA,NA,NA,0,0,1,428,1658.400000000002,4.403449781659376,153
2012-09-15,CA_1,CA,HOUSEHOLD,Saturday,1,9,2012,NA,NA,NA,NA,0,0,1,894,3595.6999999999966,4.656437308868508,326
2012-09-16,CA_1,CA,FOODS,Sunday,2,9,2012,NA,NA,NA,NA,0,0,1,3951,9774.359999999971,2.591968195436723,625
2012-09-16,CA_1,CA,HOBBIES,Sunday,2,9,2012,NA,NA,NA,NA,0,0,1,366,1588.200000000001,4.596634615384603,154
2012-09-16,CA_1,CA,HOUSEHOLD,Sunday,2,9,2012,NA,NA,NA,NA,0,0,1,907,3775.619999999992,4.69680061823803,353
2012-09-17,CA_1,CA,FOODS,Monday,3,9,2012,NA,NA,NA,NA,0,0,0,2487,5910.870000000003,2.6002501690331172,542
2012-09-17,CA_1,CA,HOBBIES,Monday,3,9,2012,NA,NA,NA,NA,0,0,0,251,1013.5600000000007,4.741904761904747,117
2012-09-17,CA_1,CA,HOUSEHOLD,Monday,3,9,2012,NA,NA,NA,NA,0,0,0,626,2593.419999999999,4.8586397748592844,300
2012-09-18,CA_1,CA,FOODS,Tuesday,4,9,2012,NA,NA,NA,NA,0,0,0,2358,5604.519999999999,2.585195590327156,559
2012-09-18,CA_1,CA,HOBBIES,Tuesday,4,9,2012,NA,NA,NA,NA,0,0,0,268,1012.410000000001,4.522179261862903,111
2012-09-18,CA_1,CA,HOUSEHOLD,Tuesday,4,9,2012,NA,NA,NA,NA,0,0,0,664,2760.1099999999997,4.8369154676258965,292
2012-09-19,CA_1,CA,FOODS,Wednesday,5,9,2012,NA,NA,NA,NA,0,0,0,2089,4850.690000000004,2.589876638396287,508
2012-09-19,CA_1,CA,HOBBIES,Wednesday,5,9,2012,NA,NA,NA,NA,0,0,0,320,990.5700000000007,4.126968749999985,92
2012-09-19,CA_1,CA,HOUSEHOLD,Wednesday,5,9,2012,NA,NA,NA,NA,0,0,0,571,2340.320000000001,4.900887174541947,274
2012-09-20,CA_1,CA,FOODS,Thursday,6,9,2012,NA,NA,NA,NA,0,0,0,2321,5306.420000000001,2.534614280588433,547
2012-09-20,CA_1,CA,HOBBIES,Thursday,6,9,2012,NA,NA,NA,NA,0,0,0,265,1123.960000000001,4.664642857142841,117
2012-09-20,CA_1,CA,HOUSEHOLD,Thursday,6,9,2012,NA,NA,NA,NA,0,0,0,516,2075.510000000004,4.993051881993888,273
2012-09-21,CA_1,CA,FOODS,Friday,7,9,2012,NA,NA,NA,NA,0,0,0,2847,6871.999999999991,2.5852572298325596,575
2012-09-21,CA_1,CA,HOBBIES,Friday,7,9,2012,NA,NA,NA,NA,0,0,0,333,1242.520000000001,4.307331189710598,123
2012-09-21,CA_1,CA,HOUSEHOLD,Friday,7,9,2012,NA,NA,NA,NA,0,0,0,738,3074.5399999999977,4.81880106571936,352
2012-09-22,CA_1,CA,FOODS,Saturday,1,9,2012,NA,NA,NA,NA,0,0,1,3646,8562.73999999999,2.497911001236086,615
2012-09-22,CA_1,CA,HOBBIES,Saturday,1,9,2012,NA,NA,NA,NA,0,0,1,538,1800.6000000000015,3.9592317380352533,157
2012-09-22,CA_1,CA,HOUSEHOLD,Saturday,1,9,2012,NA,NA,NA,NA,0,0,1,937,3763.839999999993,4.607536121673012,363
2012-09-23,CA_1,CA,FOODS,Sunday,2,9,2012,NA,NA,NA,NA,0,0,1,3914,9020.739999999996,2.4368345323740916,619
2012-09-23,CA_1,CA,HOBBIES,Sunday,2,9,2012,NA,NA,NA,NA,0,0,1,403,1657.9200000000012,4.581405082212244,147
2012-09-23,CA_1,CA,HOUSEHOLD,Sunday,2,9,2012,NA,NA,NA,NA,0,0,1,1032,4083.089999999998,4.563764954257576,352
2012-09-24,CA_1,CA,FOODS,Monday,3,9,2012,NA,NA,NA,NA,0,0,0,2230,5460.390000000005,2.6588122464035275,533
2012-09-24,CA_1,CA,HOBBIES,Monday,3,9,2012,NA,NA,NA,NA,0,0,0,280,1338.4200000000008,4.962574955908272,126
2012-09-24,CA_1,CA,HOUSEHOLD,Monday,3,9,2012,NA,NA,NA,NA,0,0,0,596,2403.720000000001,4.886233269598462,291
2012-09-25,CA_1,CA,FOODS,Tuesday,4,9,2012,NA,NA,NA,NA,0,0,0,2167,5178.439999999998,2.624402255639084,521
2012-09-25,CA_1,CA,HOBBIES,Tuesday,4,9,2012,NA,NA,NA,NA,0,0,0,265,1094.4200000000012,4.685273368606687,111
2012-09-25,CA_1,CA,HOUSEHOLD,Tuesday,4,9,2012,NA,NA,NA,NA,0,0,0,507,2159.4200000000033,5.110890481064477,271
2012-09-26,CA_1,CA,FOODS,Wednesday,5,9,2012,NA,NA,NA,NA,0,0,0,2099,4828.419999999999,2.5845599069406604,534
2012-09-26,CA_1,CA,HOBBIES,Wednesday,5,9,2012,NA,NA,NA,NA,0,0,0,263,1029.3200000000004,4.542169312169296,109
2012-09-26,CA_1,CA,HOUSEHOLD,Wednesday,5,9,2012,NA,NA,NA,NA,0,0,0,476,2064.0600000000036,5.118925619834701,249
2012-09-27,CA_1,CA,FOODS,Thursday,6,9,2012,NA,NA,NA,NA,0,0,0,1989,4891.440000000002,2.70284569138275,508
2012-09-27,CA_1,CA,HOBBIES,Thursday,6,9,2012,NA,NA,NA,NA,0,0,0,215,1080.4100000000008,5.086159844054561,115
2012-09-27,CA_1,CA,HOUSEHOLD,Thursday,6,9,2012,NA,NA,NA,NA,0,0,0,472,1842.3400000000047,4.962340206185557,243
2012-09-28,CA_1,CA,FOODS,Friday,7,9,2012,NA,NA,NA,NA,0,0,0,2749,6510.949999999992,2.557223093818623,576
2012-09-28,CA_1,CA,HOBBIES,Friday,7,9,2012,NA,NA,NA,NA,0,0,0,421,1374.7500000000005,4.082991573033697,122
2012-09-28,CA_1,CA,HOUSEHOLD,Friday,7,9,2012,NA,NA,NA,NA,0,0,0,667,2621.4400000000014,4.809063063063064,298
2012-09-29,CA_1,CA,FOODS,Saturday,1,9,2012,NA,NA,NA,NA,0,0,1,3543,8272.179999999988,2.4796091370558235,617
2012-09-29,CA_1,CA,HOBBIES,Saturday,1,9,2012,NA,NA,NA,NA,0,0,1,336,1525.0800000000006,4.712383333333317,150
2012-09-29,CA_1,CA,HOUSEHOLD,Saturday,1,9,2012,NA,NA,NA,NA,0,0,1,843,3497.259999999992,4.738649517684897,342
2012-09-30,CA_1,CA,FOODS,Sunday,2,9,2012,NA,NA,NA,NA,0,0,1,3819,9278.509999999986,2.558343223356268,620
2012-09-30,CA_1,CA,HOBBIES,Sunday,2,9,2012,NA,NA,NA,NA,0,0,1,362,1515.3100000000006,4.660574162679412,149
2012-09-30,CA_1,CA,HOUSEHOLD,Sunday,2,9,2012,NA,NA,NA,NA,0,0,1,910,3834.0399999999972,4.780857142857158,323
2012-10-01,CA_1,CA,FOODS,Monday,3,10,2012,NA,NA,NA,NA,1,0,0,2884,7200.0999999999885,2.6600210653024243,575
2012-10-01,CA_1,CA,HOBBIES,Monday,3,10,2012,NA,NA,NA,NA,1,0,0,410,1332.210000000001,3.925951704545443,120
2012-10-01,CA_1,CA,HOUSEHOLD,Monday,3,10,2012,NA,NA,NA,NA,1,0,0,663,2681.309999999998,4.82435127978817,273
2012-10-02,CA_1,CA,FOODS,Tuesday,4,10,2012,NA,NA,NA,NA,1,0,0,2951,6785.399999999992,2.488770443925219,541
2012-10-02,CA_1,CA,HOBBIES,Tuesday,4,10,2012,NA,NA,NA,NA,1,0,0,293,1354.570000000001,4.895426621160396,121
2012-10-02,CA_1,CA,HOUSEHOLD,Tuesday,4,10,2012,NA,NA,NA,NA,1,0,0,578,2360.850000000001,4.950875842155914,282
2012-10-03,CA_1,CA,FOODS,Wednesday,5,10,2012,NA,NA,NA,NA,1,0,0,2751,6418.029999999996,2.5263053576958665,536
2012-10-03,CA_1,CA,HOBBIES,Wednesday,5,10,2012,NA,NA,NA,NA,1,0,0,279,1233.280000000001,4.786737213403865,126
2012-10-03,CA_1,CA,HOUSEHOLD,Wednesday,5,10,2012,NA,NA,NA,NA,1,0,0,616,2300.390000000003,4.701407407407398,279
2012-10-04,CA_1,CA,FOODS,Thursday,6,10,2012,NA,NA,NA,NA,1,0,0,2513,6092.409999999986,2.6154432086282258,560
2012-10-04,CA_1,CA,HOBBIES,Thursday,6,10,2012,NA,NA,NA,NA,1,0,0,296,1156.9800000000012,4.475587248322132,114
2012-10-04,CA_1,CA,HOUSEHOLD,Thursday,6,10,2012,NA,NA,NA,NA,1,0,0,486,1893.2300000000052,4.9183640081799505,251
2012-10-05,CA_1,CA,FOODS,Friday,7,10,2012,NA,NA,NA,NA,1,0,0,2654,6531.149999999992,2.6354785691266382,565
2012-10-05,CA_1,CA,HOBBIES,Friday,7,10,2012,NA,NA,NA,NA,1,0,0,337,1222.0500000000009,4.351907790143072,122
2012-10-05,CA_1,CA,HOUSEHOLD,Friday,7,10,2012,NA,NA,NA,NA,1,0,0,662,2588.4299999999994,4.808577817531309,287
2012-10-06,CA_1,CA,FOODS,Saturday,1,10,2012,NA,NA,NA,NA,1,0,1,3817,8935.91999999999,2.4730217028380523,639
2012-10-06,CA_1,CA,HOBBIES,Saturday,1,10,2012,NA,NA,NA,NA,1,0,1,365,1441.300000000001,4.532003205128191,155
2012-10-06,CA_1,CA,HOUSEHOLD,Saturday,1,10,2012,NA,NA,NA,NA,1,0,1,856,3369.6899999999964,4.672738752959762,332
2012-10-07,CA_1,CA,FOODS,Sunday,2,10,2012,NA,NA,NA,NA,1,0,1,4251,9805.95999999998,2.4403614457831226,618
2012-10-07,CA_1,CA,HOBBIES,Sunday,2,10,2012,NA,NA,NA,NA,1,0,1,403,1670.180000000001,4.553048048048035,151
2012-10-07,CA_1,CA,HOUSEHOLD,Sunday,2,10,2012,NA,NA,NA,NA,1,0,1,929,3834.8199999999947,4.684546147978647,361
2012-10-08,CA_1,CA,FOODS,Monday,3,10,2012,ColumbusDay,National,NA,NA,1,1,0,3046,7488.079999999986,2.624228226501858,582
2012-10-08,CA_1,CA,HOBBIES,Monday,3,10,2012,ColumbusDay,National,NA,NA,1,1,0,302,1481.1800000000017,5.041141868512097,138
2012-10-08,CA_1,CA,HOUSEHOLD,Monday,3,10,2012,ColumbusDay,National,NA,NA,1,1,0,721,3176.5899999999933,4.973791593695281,322
2012-10-09,CA_1,CA,FOODS,Tuesday,4,10,2012,NA,NA,NA,NA,1,0,0,2643,6547.479999999991,2.662757624398059,543
2012-10-09,CA_1,CA,HOBBIES,Tuesday,4,10,2012,NA,NA,NA,NA,1,0,0,259,962.8500000000007,4.542178571428554,113
2012-10-09,CA_1,CA,HOUSEHOLD,Tuesday,4,10,2012,NA,NA,NA,NA,1,0,0,529,2154.0300000000016,4.968722772277221,262
2012-10-10,CA_1,CA,FOODS,Wednesday,5,10,2012,NA,NA,NA,NA,1,0,0,2349,5709.8099999999995,2.6679775280898714,516
2012-10-10,CA_1,CA,HOBBIES,Wednesday,5,10,2012,NA,NA,NA,NA,1,0,0,268,1073.7600000000007,4.667632508833906,116
2012-10-10,CA_1,CA,HOUSEHOLD,Wednesday,5,10,2012,NA,NA,NA,NA,1,0,0,489,1924.690000000004,4.925285714285707,252
2012-10-11,CA_1,CA,FOODS,Thursday,6,10,2012,NA,NA,NA,NA,0,0,0,2205,5237.960000000003,2.636747877445537,511
2012-10-11,CA_1,CA,HOBBIES,Thursday,6,10,2012,NA,NA,NA,NA,0,0,0,325,1242.3900000000006,4.425032362459534,121
2012-10-11,CA_1,CA,HOUSEHOLD,Thursday,6,10,2012,NA,NA,NA,NA,0,0,0,499,2156.000000000003,5.079617373319535,275
2012-10-12,CA_1,CA,FOODS,Friday,7,10,2012,NA,NA,NA,NA,0,0,0,2743,6307.1999999999925,2.5082217377763807,547
2012-10-12,CA_1,CA,HOBBIES,Friday,7,10,2012,NA,NA,NA,NA,0,0,0,374,1353.6800000000017,4.253923076923064,138
2012-10-12,CA_1,CA,HOUSEHOLD,Friday,7,10,2012,NA,NA,NA,NA,0,0,0,613,2529.2299999999996,4.916065420560747,286
2012-10-13,CA_1,CA,FOODS,Saturday,1,10,2012,NA,NA,NA,NA,0,0,1,3063,7294.689999999984,2.5597201599086095,576
2012-10-13,CA_1,CA,HOBBIES,Saturday,1,10,2012,NA,NA,NA,NA,0,0,1,366,1749.910000000002,4.951041666666653,156
2012-10-13,CA_1,CA,HOUSEHOLD,Saturday,1,10,2012,NA,NA,NA,NA,0,0,1,797,3292.449999999995,4.785937241948806,329
2012-10-14,CA_1,CA,FOODS,Sunday,2,10,2012,NA,NA,NA,NA,0,0,1,3344,7965.549999999993,2.5428094354624866,586
2012-10-14,CA_1,CA,HOBBIES,Sunday,2,10,2012,NA,NA,NA,NA,0,0,1,470,1659.6800000000028,4.181936813186803,156
2012-10-14,CA_1,CA,HOUSEHOLD,Sunday,2,10,2012,NA,NA,NA,NA,0,0,1,959,3786.509999999993,4.557574183976271,354
2012-10-15,CA_1,CA,FOODS,Monday,3,10,2012,NA,NA,NA,NA,0,0,0,2392,5887.009999999993,2.671641634648953,544
2012-10-15,CA_1,CA,HOBBIES,Monday,3,10,2012,NA,NA,NA,NA,0,0,0,333,1104.340000000001,4.1737073170731565,132
2012-10-15,CA_1,CA,HOUSEHOLD,Monday,3,10,2012,NA,NA,NA,NA,0,0,0,623,2491.5600000000004,4.839514652014652,274
2012-10-16,CA_1,CA,FOODS,Tuesday,4,10,2012,NA,NA,NA,NA,0,0,0,2043,4796.680000000005,2.604822974036179,516
2012-10-16,CA_1,CA,HOBBIES,Tuesday,4,10,2012,NA,NA,NA,NA,0,0,0,276,969.1900000000007,4.3897762478485225,109
2012-10-16,CA_1,CA,HOUSEHOLD,Tuesday,4,10,2012,NA,NA,NA,NA,0,0,0,551,2149.540000000003,4.838895292987506,253
2012-10-17,CA_1,CA,FOODS,Wednesday,5,10,2012,NA,NA,NA,NA,0,0,0,2105,4682.24,2.524301972685871,484
2012-10-17,CA_1,CA,HOBBIES,Wednesday,5,10,2012,NA,NA,NA,NA,0,0,0,291,1110.230000000001,4.439258010118027,112
2012-10-17,CA_1,CA,HOUSEHOLD,Wednesday,5,10,2012,NA,NA,NA,NA,0,0,0,542,2014.9300000000046,4.851826258637704,272
2012-10-18,CA_1,CA,FOODS,Thursday,6,10,2012,NA,NA,NA,NA,0,0,0,1939,4633.420000000006,2.670105562322358,491
2012-10-18,CA_1,CA,HOBBIES,Thursday,6,10,2012,NA,NA,NA,NA,0,0,0,337,1097.0700000000008,4.189687499999986,111
2012-10-18,CA_1,CA,HOUSEHOLD,Thursday,6,10,2012,NA,NA,NA,NA,0,0,0,508,2102.550000000003,4.989723360655727,275
2012-10-19,CA_1,CA,FOODS,Friday,7,10,2012,NA,NA,NA,NA,0,0,0,2419,5758.949999999992,2.619010238907837,504
2012-10-19,CA_1,CA,HOBBIES,Friday,7,10,2012,NA,NA,NA,NA,0,0,0,275,1220.9000000000017,4.82591872791518,123
2012-10-19,CA_1,CA,HOUSEHOLD,Friday,7,10,2012,NA,NA,NA,NA,0,0,0,632,2656.129999999999,4.921955514365152,296
2012-10-20,CA_1,CA,FOODS,Saturday,1,10,2012,NA,NA,NA,NA,0,0,1,2946,7330.759999999986,2.634683056872024,593
2012-10-20,CA_1,CA,HOBBIES,Saturday,1,10,2012,NA,NA,NA,NA,0,0,1,405,1688.8200000000015,4.517647951441565,160
2012-10-20,CA_1,CA,HOUSEHOLD,Saturday,1,10,2012,NA,NA,NA,NA,0,0,1,875,3620.2799999999957,4.733862928348922,334
2012-10-21,CA_1,CA,FOODS,Sunday,2,10,2012,NA,NA,NA,NA,0,0,1,3216,7736.08999999999,2.576360914534554,565
2012-10-21,CA_1,CA,HOBBIES,Sunday,2,10,2012,NA,NA,NA,NA,0,0,1,404,1589.4300000000019,4.365517241379297,151
2012-10-21,CA_1,CA,HOUSEHOLD,Sunday,2,10,2012,NA,NA,NA,NA,0,0,1,934,3988.6499999999933,4.752341867469892,349
2012-10-22,CA_1,CA,FOODS,Monday,3,10,2012,NA,NA,NA,NA,0,0,0,2182,5079.769999999997,2.607448865749334,516
2012-10-22,CA_1,CA,HOBBIES,Monday,3,10,2012,NA,NA,NA,NA,0,0,0,291,1158.2500000000011,4.581337792642127,107
2012-10-22,CA_1,CA,HOUSEHOLD,Monday,3,10,2012,NA,NA,NA,NA,0,0,0,562,2169.360000000004,4.887321937321935,252
2012-10-23,CA_1,CA,FOODS,Tuesday,4,10,2012,NA,NA,NA,NA,0,0,0,1965,4608.310000000001,2.6314862165401363,485
2012-10-23,CA_1,CA,HOBBIES,Tuesday,4,10,2012,NA,NA,NA,NA,0,0,0,364,1399.1900000000012,4.441628959276006,115
2012-10-23,CA_1,CA,HOUSEHOLD,Tuesday,4,10,2012,NA,NA,NA,NA,0,0,0,516,2097.770000000003,4.934573412698404,251
2012-10-24,CA_1,CA,FOODS,Wednesday,5,10,2012,NA,NA,NA,NA,0,0,0,1823,4009.5000000000045,2.5777679324894396,476
2012-10-24,CA_1,CA,HOBBIES,Wednesday,5,10,2012,NA,NA,NA,NA,0,0,0,350,1017.8400000000009,4.016411042944773,112
2012-10-24,CA_1,CA,HOUSEHOLD,Wednesday,5,10,2012,NA,NA,NA,NA,0,0,0,393,1636.550000000003,5.112709466811738,217
2012-10-25,CA_1,CA,FOODS,Thursday,6,10,2012,NA,NA,NA,NA,0,0,0,1988,4590.680000000003,2.599353551476443,505
2012-10-25,CA_1,CA,HOBBIES,Thursday,6,10,2012,NA,NA,NA,NA,0,0,0,235,1091.9200000000008,4.988566108007431,112
2012-10-25,CA_1,CA,HOUSEHOLD,Thursday,6,10,2012,NA,NA,NA,NA,0,0,0,541,2191.260000000004,4.92086190009794,263
2012-10-26,CA_1,CA,FOODS,Friday,7,10,2012,EidAlAdha,Religious,NA,NA,0,1,0,2521,5516.799999999998,2.433483742534827,530
2012-10-26,CA_1,CA,HOBBIES,Friday,7,10,2012,EidAlAdha,Religious,NA,NA,0,1,0,269,1243.5200000000007,4.942139130434768,108
2012-10-26,CA_1,CA,HOUSEHOLD,Friday,7,10,2012,EidAlAdha,Religious,NA,NA,0,1,0,571,2247.5200000000023,4.88620889748549,280
2012-10-27,CA_1,CA,FOODS,Saturday,1,10,2012,NA,NA,NA,NA,0,0,1,3195,7519.7499999999945,2.518214384127848,593
2012-10-27,CA_1,CA,HOBBIES,Saturday,1,10,2012,NA,NA,NA,NA,0,0,1,338,1520.310000000002,4.790907617504041,135
2012-10-27,CA_1,CA,HOUSEHOLD,Saturday,1,10,2012,NA,NA,NA,NA,0,0,1,764,3310.0899999999965,4.899983022071314,329
2012-10-28,CA_1,CA,FOODS,Sunday,2,10,2012,NA,NA,NA,NA,0,0,1,3284,7534.569999999995,2.47151044456346,577
2012-10-28,CA_1,CA,HOBBIES,Sunday,2,10,2012,NA,NA,NA,NA,0,0,1,547,1638.2700000000013,3.7406188118811765,153
2012-10-28,CA_1,CA,HOUSEHOLD,Sunday,2,10,2012,NA,NA,NA,NA,0,0,1,796,3152.6499999999965,4.693347039473688,323
2012-10-29,CA_1,CA,FOODS,Monday,3,10,2012,NA,NA,NA,NA,0,0,0,2391,5350.609999999997,2.505870389520839,517
2012-10-29,CA_1,CA,HOBBIES,Monday,3,10,2012,NA,NA,NA,NA,0,0,0,265,1221.660000000001,4.827358156028354,115
2012-10-29,CA_1,CA,HOUSEHOLD,Monday,3,10,2012,NA,NA,NA,NA,0,0,0,556,2289.9100000000026,4.926337890624993,275
2012-10-30,CA_1,CA,FOODS,Tuesday,4,10,2012,NA,NA,NA,NA,0,0,0,2201,5168.2800000000025,2.602291970802906,488
2012-10-30,CA_1,CA,HOBBIES,Tuesday,4,10,2012,NA,NA,NA,NA,0,0,0,243,1210.2600000000011,5.056957328385883,118
2012-10-30,CA_1,CA,HOUSEHOLD,Tuesday,4,10,2012,NA,NA,NA,NA,0,0,0,482,2023.660000000004,5.085799595141695,237
2012-10-31,CA_1,CA,FOODS,Wednesday,5,10,2012,Halloween,Cultural,NA,NA,0,1,0,1682,3847.7200000000066,2.6330448291167188,456
2012-10-31,CA_1,CA,HOBBIES,Wednesday,5,10,2012,Halloween,Cultural,NA,NA,0,1,0,213,755.0100000000006,4.533867924528287,97
2012-10-31,CA_1,CA,HOUSEHOLD,Wednesday,5,10,2012,Halloween,Cultural,NA,NA,0,1,0,424,1729.3700000000028,5.052898395721914,232
2012-11-01,CA_1,CA,FOODS,Thursday,6,11,2012,NA,NA,NA,NA,1,0,0,2275,5336.169999999996,2.5778724928366605,510
2012-11-01,CA_1,CA,HOBBIES,Thursday,6,11,2012,NA,NA,NA,NA,1,0,0,310,1163.2500000000007,4.464365733113661,117
2012-11-01,CA_1,CA,HOUSEHOLD,Thursday,6,11,2012,NA,NA,NA,NA,1,0,0,591,2479.6699999999996,4.975615023474182,269
2012-11-02,CA_1,CA,FOODS,Friday,7,11,2012,NA,NA,NA,NA,1,0,0,2734,6142.580000000003,2.4651300532748244,570
2012-11-02,CA_1,CA,HOBBIES,Friday,7,11,2012,NA,NA,NA,NA,1,0,0,434,1504.150000000002,4.084821173104425,149
2012-11-02,CA_1,CA,HOUSEHOLD,Friday,7,11,2012,NA,NA,NA,NA,1,0,0,746,3104.32,4.824808836023799,312
2012-11-03,CA_1,CA,FOODS,Saturday,1,11,2012,NA,NA,NA,NA,1,0,1,3488,8254.379999999996,2.5244802867383385,614
2012-11-03,CA_1,CA,HOBBIES,Saturday,1,11,2012,NA,NA,NA,NA,1,0,1,381,1939.9400000000016,5.111493710691811,159
2012-11-03,CA_1,CA,HOUSEHOLD,Saturday,1,11,2012,NA,NA,NA,NA,1,0,1,970,4061.3199999999956,4.730857771261008,353
2012-11-04,CA_1,CA,FOODS,Sunday,2,11,2012,NA,NA,NA,NA,1,0,1,3679,8827.239999999985,2.538252379790078,614
2012-11-04,CA_1,CA,HOBBIES,Sunday,2,11,2012,NA,NA,NA,NA,1,0,1,413,1799.3700000000013,4.607451851851842,152
2012-11-04,CA_1,CA,HOUSEHOLD,Sunday,2,11,2012,NA,NA,NA,NA,1,0,1,1004,4060.929999999993,4.622460881934579,345
2012-11-05,CA_1,CA,FOODS,Monday,3,11,2012,NA,NA,NA,NA,1,0,0,2807,6584.119999999993,2.540666870602615,570
2012-11-05,CA_1,CA,HOBBIES,Monday,3,11,2012,NA,NA,NA,NA,1,0,0,218,1222.700000000001,5.259980657640215,115
2012-11-05,CA_1,CA,HOUSEHOLD,Monday,3,11,2012,NA,NA,NA,NA,1,0,0,613,2530.54,4.932235510579583,273
2012-11-06,CA_1,CA,FOODS,Tuesday,4,11,2012,NA,NA,NA,NA,1,0,0,2227,5315.299999999995,2.6343581327498016,517
2012-11-06,CA_1,CA,HOBBIES,Tuesday,4,11,2012,NA,NA,NA,NA,1,0,0,292,1051.9100000000005,4.502224080267545,108
2012-11-06,CA_1,CA,HOUSEHOLD,Tuesday,4,11,2012,NA,NA,NA,NA,1,0,0,484,2125.9400000000037,5.1372301425661835,249
2012-11-07,CA_1,CA,FOODS,Wednesday,5,11,2012,NA,NA,NA,NA,1,0,0,2485,5901.339999999993,2.581093539703885,545
2012-11-07,CA_1,CA,HOBBIES,Wednesday,5,11,2012,NA,NA,NA,NA,1,0,0,248,970.1200000000008,4.61524822695034,98
2012-11-07,CA_1,CA,HOUSEHOLD,Wednesday,5,11,2012,NA,NA,NA,NA,1,0,0,493,2073.0700000000047,5.039378757515024,242
2012-11-08,CA_1,CA,FOODS,Thursday,6,11,2012,NA,NA,NA,NA,1,0,0,2396,5846.189999999998,2.636476756378873,567
2012-11-08,CA_1,CA,HOBBIES,Thursday,6,11,2012,NA,NA,NA,NA,1,0,0,279,1132.320000000001,4.656696269982224,130
2012-11-08,CA_1,CA,HOUSEHOLD,Thursday,6,11,2012,NA,NA,NA,NA,1,0,0,481,2057.420000000004,5.110570846075428,247
2012-11-09,CA_1,CA,FOODS,Friday,7,11,2012,NA,NA,NA,NA,1,0,0,3011,7463.339999999989,2.6073397717295737,626
2012-11-09,CA_1,CA,HOBBIES,Friday,7,11,2012,NA,NA,NA,NA,1,0,0,317,1369.0300000000016,4.736699669966984,125
2012-11-09,CA_1,CA,HOUSEHOLD,Friday,7,11,2012,NA,NA,NA,NA,1,0,0,566,2398.620000000003,5.056831395348837,281
2012-11-10,CA_1,CA,FOODS,Saturday,1,11,2012,NA,NA,NA,NA,1,0,1,3722,8992.97999999998,2.5353227771010824,650
2012-11-10,CA_1,CA,HOBBIES,Saturday,1,11,2012,NA,NA,NA,NA,1,0,1,464,1909.570000000002,4.453394109396901,165
2012-11-10,CA_1,CA,HOUSEHOLD,Saturday,1,11,2012,NA,NA,NA,NA,1,0,1,889,3917.6699999999973,4.90144961240311,346
2012-11-11,CA_1,CA,FOODS,Sunday,2,11,2012,VeteransDay,National,NA,NA,0,1,1,3549,8446.979999999989,2.5110630811761623,603
2012-11-11,CA_1,CA,HOBBIES,Sunday,2,11,2012,VeteransDay,National,NA,NA,0,1,1,355,1452.8100000000009,4.560321543408348,147
2012-11-11,CA_1,CA,HOUSEHOLD,Sunday,2,11,2012,VeteransDay,National,NA,NA,0,1,1,877,3756.6299999999956,4.776107226107235,337
2012-11-12,CA_1,CA,FOODS,Monday,3,11,2012,NA,NA,NA,NA,0,0,0,2646,6570.5399999999945,2.667985865724367,566
2012-11-12,CA_1,CA,HOBBIES,Monday,3,11,2012,NA,NA,NA,NA,0,0,0,249,1343.8100000000009,5.083010948905096,115
2012-11-12,CA_1,CA,HOUSEHOLD,Monday,3,11,2012,NA,NA,NA,NA,0,0,0,610,2585.0800000000017,4.976447985004683,290
2012-11-13,CA_1,CA,FOODS,Tuesday,4,11,2012,NA,NA,NA,NA,0,0,0,2167,5167.649999999999,2.6086937104577443,513
2012-11-13,CA_1,CA,HOBBIES,Tuesday,4,11,2012,NA,NA,NA,NA,0,0,0,239,1127.940000000001,4.892999999999983,113
2012-11-13,CA_1,CA,HOUSEHOLD,Tuesday,4,11,2012,NA,NA,NA,NA,0,0,0,480,1909.040000000004,4.973621730382288,233
2012-11-14,CA_1,CA,FOODS,Wednesday,5,11,2012,NA,NA,NA,NA,0,0,0,1870,4572.170000000003,2.6936594504579325,501
2012-11-14,CA_1,CA,HOBBIES,Wednesday,5,11,2012,NA,NA,NA,NA,0,0,0,176,819.1700000000002,4.994788732394351,93
2012-11-14,CA_1,CA,HOUSEHOLD,Wednesday,5,11,2012,NA,NA,NA,NA,0,0,0,449,1788.1900000000028,5.0709053069718975,235
2012-11-15,CA_1,CA,FOODS,Thursday,6,11,2012,NA,NA,NA,NA,0,0,0,2032,4951.01,2.6687317265902633,534
2012-11-15,CA_1,CA,HOBBIES,Thursday,6,11,2012,NA,NA,NA,NA,0,0,0,201,1075.5500000000006,5.0607114624505725,109
2012-11-15,CA_1,CA,HOUSEHOLD,Thursday,6,11,2012,NA,NA,NA,NA,0,0,0,545,2182.820000000003,4.884947267497598,249
2012-11-16,CA_1,CA,FOODS,Friday,7,11,2012,NA,NA,NA,NA,0,0,0,2662,6112.429999999994,2.506790399999985,570
2012-11-16,CA_1,CA,HOBBIES,Friday,7,11,2012,NA,NA,NA,NA,0,0,0,310,1330.8100000000015,4.603164128595587,133
2012-11-16,CA_1,CA,HOUSEHOLD,Friday,7,11,2012,NA,NA,NA,NA,0,0,0,594,2408.8800000000015,4.855536881419234,270
2012-11-17,CA_1,CA,FOODS,Saturday,1,11,2012,NA,NA,NA,NA,0,0,1,3476,8291.819999999992,2.520502306509471,607
2012-11-17,CA_1,CA,HOBBIES,Saturday,1,11,2012,NA,NA,NA,NA,0,0,1,498,1764.2900000000018,4.141438172043001,170
2012-11-17,CA_1,CA,HOUSEHOLD,Saturday,1,11,2012,NA,NA,NA,NA,0,0,1,843,3487.5299999999997,4.755183164458309,309
2012-11-18,CA_1,CA,FOODS,Sunday,2,11,2012,NA,NA,NA,NA,0,0,1,3228,7713.3399999999865,2.5422786885245805,601
2012-11-18,CA_1,CA,HOBBIES,Sunday,2,11,2012,NA,NA,NA,NA,0,0,1,376,1604.4800000000014,4.533594470046068,141
2012-11-18,CA_1,CA,HOUSEHOLD,Sunday,2,11,2012,NA,NA,NA,NA,0,0,1,837,3550.889999999997,4.813515873015886,326
2012-11-19,CA_1,CA,FOODS,Monday,3,11,2012,NA,NA,NA,NA,0,0,0,2523,5943.209999999995,2.5740060040026536,558
2012-11-19,CA_1,CA,HOBBIES,Monday,3,11,2012,NA,NA,NA,NA,0,0,0,316,1328.0700000000015,4.561501650165005,126
2012-11-19,CA_1,CA,HOUSEHOLD,Monday,3,11,2012,NA,NA,NA,NA,0,0,0,546,2338.660000000002,5.029509803921567,275
2012-11-20,CA_1,CA,FOODS,Tuesday,4,11,2012,NA,NA,NA,NA,0,0,0,2720,6447.619999999998,2.557483649953274,542
2012-11-20,CA_1,CA,HOBBIES,Tuesday,4,11,2012,NA,NA,NA,NA,0,0,0,295,1269.9500000000007,4.684873524451923,118
2012-11-20,CA_1,CA,HOUSEHOLD,Tuesday,4,11,2012,NA,NA,NA,NA,0,0,0,570,2312.2600000000025,4.952325141776934,261
2012-11-21,CA_1,CA,FOODS,Wednesday,5,11,2012,NA,NA,NA,NA,0,0,0,3057,6902.249999999986,2.4430575945793196,548
2012-11-21,CA_1,CA,HOBBIES,Wednesday,5,11,2012,NA,NA,NA,NA,0,0,0,243,1250.1600000000005,5.077788104089203,121
2012-11-21,CA_1,CA,HOUSEHOLD,Wednesday,5,11,2012,NA,NA,NA,NA,0,0,0,543,2382.6100000000015,5.061798631476047,269
2012-11-22,CA_1,CA,FOODS,Thursday,6,11,2012,Thanksgiving,National,NA,NA,0,1,0,1673,3505.890000000004,2.5079219677692817,348
2012-11-22,CA_1,CA,HOBBIES,Thursday,6,11,2012,Thanksgiving,National,NA,NA,0,1,0,97,484.26000000000033,5.10373601789708,66
2012-11-22,CA_1,CA,HOUSEHOLD,Thursday,6,11,2012,Thanksgiving,National,NA,NA,0,1,0,284,1189.6900000000026,5.304659746251426,166
2012-11-23,CA_1,CA,FOODS,Friday,7,11,2012,NA,NA,NA,NA,0,0,0,1725,3727.830000000005,2.5495633561643682,422
2012-11-23,CA_1,CA,HOBBIES,Friday,7,11,2012,NA,NA,NA,NA,0,0,0,204,903.0500000000003,4.868607843137238,110
2012-11-23,CA_1,CA,HOUSEHOLD,Friday,7,11,2012,NA,NA,NA,NA,0,0,0,440,1985.5600000000047,5.175320041972707,236
2012-11-24,CA_1,CA,FOODS,Saturday,1,11,2012,NA,NA,NA,NA,0,0,1,2171,5088.779999999996,2.602317389692234,510
2012-11-24,CA_1,CA,HOBBIES,Saturday,1,11,2012,NA,NA,NA,NA,0,0,1,259,1177.1800000000014,4.806976320582862,126
2012-11-24,CA_1,CA,HOUSEHOLD,Saturday,1,11,2012,NA,NA,NA,NA,0,0,1,534,2357.7700000000036,5.073611650485433,253
2012-11-25,CA_1,CA,FOODS,Sunday,2,11,2012,NA,NA,NA,NA,0,0,1,2579,6179.209999999993,2.6170784313725353,555
2012-11-25,CA_1,CA,HOBBIES,Sunday,2,11,2012,NA,NA,NA,NA,0,0,1,317,1345.7600000000007,4.753383584589601,136
2012-11-25,CA_1,CA,HOUSEHOLD,Sunday,2,11,2012,NA,NA,NA,NA,0,0,1,743,3195.8399999999997,4.907291311754688,318
2012-11-26,CA_1,CA,FOODS,Monday,3,11,2012,NA,NA,NA,NA,0,0,0,2136,5170.94,2.6468098859315434,542
2012-11-26,CA_1,CA,HOBBIES,Monday,3,11,2012,NA,NA,NA,NA,0,0,0,315,1122.8400000000006,4.4228246753246605,115
2012-11-26,CA_1,CA,HOUSEHOLD,Monday,3,11,2012,NA,NA,NA,NA,0,0,0,480,2024.2200000000034,5.0765283400809595,241
2012-11-27,CA_1,CA,FOODS,Tuesday,4,11,2012,NA,NA,NA,NA,0,0,0,1938,4693.280000000004,2.6715038508309528,507
2012-11-27,CA_1,CA,HOBBIES,Tuesday,4,11,2012,NA,NA,NA,NA,0,0,0,232,1184.0700000000008,5.000710280373815,113
2012-11-27,CA_1,CA,HOUSEHOLD,Tuesday,4,11,2012,NA,NA,NA,NA,0,0,0,487,1993.7400000000034,5.014979674796738,252
2012-11-28,CA_1,CA,FOODS,Wednesday,5,11,2012,NA,NA,NA,NA,0,0,0,1815,4022.2500000000077,2.552349680170558,506
2012-11-28,CA_1,CA,HOBBIES,Wednesday,5,11,2012,NA,NA,NA,NA,0,0,0,248,1170.2800000000007,4.946918918918904,109
2012-11-28,CA_1,CA,HOUSEHOLD,Wednesday,5,11,2012,NA,NA,NA,NA,0,0,0,393,1670.0800000000024,5.151695464362838,216
2012-11-29,CA_1,CA,FOODS,Thursday,6,11,2012,NA,NA,NA,NA,0,0,0,1658,3886.5100000000048,2.663760683760665,471
2012-11-29,CA_1,CA,HOBBIES,Thursday,6,11,2012,NA,NA,NA,NA,0,0,0,181,951.3000000000005,5.128052738336698,104
2012-11-29,CA_1,CA,HOUSEHOLD,Thursday,6,11,2012,NA,NA,NA,NA,0,0,0,438,1824.5600000000031,5.088415529905548,234
2012-11-30,CA_1,CA,FOODS,Friday,7,11,2012,NA,NA,NA,NA,0,0,0,2242,5306.22,2.5943554260742743,532
2012-11-30,CA_1,CA,HOBBIES,Friday,7,11,2012,NA,NA,NA,NA,0,0,0,228,1142.600000000001,5.020538461538447,124
2012-11-30,CA_1,CA,HOUSEHOLD,Friday,7,11,2012,NA,NA,NA,NA,0,0,0,609,2686.519999999999,5.03357075913777,291
2012-12-01,CA_1,CA,FOODS,Saturday,1,12,2012,NA,NA,NA,NA,1,0,1,3720,8717.529999999984,2.475516990291249,638
2012-12-01,CA_1,CA,HOBBIES,Saturday,1,12,2012,NA,NA,NA,NA,1,0,1,433,1769.5700000000015,4.484802919708017,164
2012-12-01,CA_1,CA,HOUSEHOLD,Saturday,1,12,2012,NA,NA,NA,NA,1,0,1,932,3939.059999999998,4.756953592814375,349
2012-12-02,CA_1,CA,FOODS,Sunday,2,12,2012,NA,NA,NA,NA,1,0,1,3097,7433.049999999987,2.5638772624434223,599
2012-12-02,CA_1,CA,HOBBIES,Sunday,2,12,2012,NA,NA,NA,NA,1,0,1,308,1433.940000000001,4.934797979797964,130
2012-12-02,CA_1,CA,HOUSEHOLD,Sunday,2,12,2012,NA,NA,NA,NA,1,0,1,692,3093.1699999999983,5.0287096774193545,298
2012-12-03,CA_1,CA,FOODS,Monday,3,12,2012,NA,NA,NA,NA,1,0,0,2847,6908.619999999992,2.5945993347444656,578
2012-12-03,CA_1,CA,HOBBIES,Monday,3,12,2012,NA,NA,NA,NA,1,0,0,333,1189.0800000000013,4.419103999999986,124
2012-12-03,CA_1,CA,HOUSEHOLD,Monday,3,12,2012,NA,NA,NA,NA,1,0,0,624,2584.389999999999,4.988772563176896,269
2012-12-04,CA_1,CA,FOODS,Tuesday,4,12,2012,NA,NA,NA,NA,1,0,0,2189,5163.569999999992,2.5922845468053306,535
2012-12-04,CA_1,CA,HOBBIES,Tuesday,4,12,2012,NA,NA,NA,NA,1,0,0,282,1451.770000000001,5.067845884413296,127
2012-12-04,CA_1,CA,HOUSEHOLD,Tuesday,4,12,2012,NA,NA,NA,NA,1,0,0,512,2144.680000000004,5.012920792079199,255
2012-12-05,CA_1,CA,FOODS,Wednesday,5,12,2012,NA,NA,NA,NA,1,0,0,2188,5204.44,2.6272054998141776,535
2012-12-05,CA_1,CA,HOBBIES,Wednesday,5,12,2012,NA,NA,NA,NA,1,0,0,204,1186.1600000000003,5.23996023856857,117
2012-12-05,CA_1,CA,HOUSEHOLD,Wednesday,5,12,2012,NA,NA,NA,NA,1,0,0,442,1899.600000000003,5.0722060353798035,234
2012-12-06,CA_1,CA,FOODS,Thursday,6,12,2012,NA,NA,NA,NA,1,0,0,2372,5523.07,2.562967607105522,539
2012-12-06,CA_1,CA,HOBBIES,Thursday,6,12,2012,NA,NA,NA,NA,1,0,0,281,1377.3700000000013,4.939637305699467,118
2012-12-06,CA_1,CA,HOUSEHOLD,Thursday,6,12,2012,NA,NA,NA,NA,1,0,0,488,2127.830000000005,5.1147745901639246,265
2012-12-07,CA_1,CA,FOODS,Friday,7,12,2012,NA,NA,NA,NA,1,0,0,2879,6912.619999999999,2.5645109183368087,574
2012-12-07,CA_1,CA,HOBBIES,Friday,7,12,2012,NA,NA,NA,NA,1,0,0,281,1366.0900000000006,4.960787119856874,138
2012-12-07,CA_1,CA,HOUSEHOLD,Friday,7,12,2012,NA,NA,NA,NA,1,0,0,602,2551.4999999999995,4.995815668202762,270
2012-12-08,CA_1,CA,FOODS,Saturday,1,12,2012,NA,NA,NA,NA,1,0,1,3678,8315.929999999991,2.4091882008776073,618
2012-12-08,CA_1,CA,HOBBIES,Saturday,1,12,2012,NA,NA,NA,NA,1,0,1,412,1995.2200000000014,4.881651515151501,168
2012-12-08,CA_1,CA,HOUSEHOLD,Saturday,1,12,2012,NA,NA,NA,NA,1,0,1,759,3173.5599999999995,4.828435940099836,311
2012-12-09,CA_1,CA,FOODS,Sunday,2,12,2012,NA,NA,NA,NA,1,0,1,3622,8593.729999999985,2.5156610754809923,610
2012-12-09,CA_1,CA,HOBBIES,Sunday,2,12,2012,NA,NA,NA,NA,1,0,1,303,1525.200000000001,5.127972027972013,147
2012-12-09,CA_1,CA,HOUSEHOLD,Sunday,2,12,2012,NA,NA,NA,NA,1,0,1,777,3213.409999999996,4.795016583747931,325
2012-12-10,CA_1,CA,FOODS,Monday,3,12,2012,NA,NA,NA,NA,1,0,0,2869,6899.91999999999,2.5833062819356623,584
2012-12-10,CA_1,CA,HOBBIES,Monday,3,12,2012,NA,NA,NA,NA,1,0,0,277,1492.3900000000008,5.181654929577449,125
2012-12-10,CA_1,CA,HOUSEHOLD,Monday,3,12,2012,NA,NA,NA,NA,1,0,0,536,2285.6400000000035,5.099332679097151,271
2012-12-11,CA_1,CA,FOODS,Tuesday,4,12,2012,NA,NA,NA,NA,0,0,0,2275,5736.539999999995,2.7093419633225277,536
2012-12-11,CA_1,CA,HOBBIES,Tuesday,4,12,2012,NA,NA,NA,NA,0,0,0,237,1100.9700000000007,4.841761467889893,108
2012-12-11,CA_1,CA,HOUSEHOLD,Tuesday,4,12,2012,NA,NA,NA,NA,0,0,0,492,2090.7600000000034,5.0426166328600335,260
2012-12-12,CA_1,CA,FOODS,Wednesday,5,12,2012,NA,NA,NA,NA,0,0,0,2169,5101.700000000001,2.60198141263939,521
2012-12-12,CA_1,CA,HOBBIES,Wednesday,5,12,2012,NA,NA,NA,NA,0,0,0,282,1274.3600000000013,4.797212543553993,124
2012-12-12,CA_1,CA,HOUSEHOLD,Wednesday,5,12,2012,NA,NA,NA,NA,0,0,0,405,1732.3800000000037,5.170287846481867,221
2012-12-13,CA_1,CA,FOODS,Thursday,6,12,2012,NA,NA,NA,NA,0,0,0,2100,5105.640000000001,2.659363984674316,532
2012-12-13,CA_1,CA,HOBBIES,Thursday,6,12,2012,NA,NA,NA,NA,0,0,0,252,1025.4800000000007,4.708953068592041,114
2012-12-13,CA_1,CA,HOUSEHOLD,Thursday,6,12,2012,NA,NA,NA,NA,0,0,0,504,2038.660000000005,4.9459432048681435,272
2012-12-14,CA_1,CA,FOODS,Friday,7,12,2012,NA,NA,NA,NA,0,0,0,2614,6169.56999999999,2.5562382343394834,575
2012-12-14,CA_1,CA,HOBBIES,Friday,7,12,2012,NA,NA,NA,NA,0,0,0,262,1279.5800000000013,5.058115942028972,126
2012-12-14,CA_1,CA,HOUSEHOLD,Friday,7,12,2012,NA,NA,NA,NA,0,0,0,591,2510.2400000000016,4.969933396764983,294
2012-12-15,CA_1,CA,FOODS,Saturday,1,12,2012,NA,NA,NA,NA,0,0,1,3305,7945.02999999999,2.5397073825503216,625
2012-12-15,CA_1,CA,HOBBIES,Saturday,1,12,2012,NA,NA,NA,NA,0,0,1,408,2061.0200000000023,4.996304675716429,161
2012-12-15,CA_1,CA,HOUSEHOLD,Saturday,1,12,2012,NA,NA,NA,NA,0,0,1,762,3180.079999999998,4.844235880398675,317
2012-12-16,CA_1,CA,FOODS,Sunday,2,12,2012,Chanukah End,Religious,NA,NA,0,1,1,3269,7646.999999999983,2.5138657035847896,576
2012-12-16,CA_1,CA,HOBBIES,Sunday,2,12,2012,Chanukah End,Religious,NA,NA,0,1,1,379,1742.5700000000013,4.8355275590551035,160
2012-12-16,CA_1,CA,HOUSEHOLD,Sunday,2,12,2012,Chanukah End,Religious,NA,NA,0,1,1,894,3930.499999999997,4.934318354912423,340
2012-12-17,CA_1,CA,FOODS,Monday,3,12,2012,NA,NA,NA,NA,0,0,0,2378,5761.669999999996,2.638045217391288,548
2012-12-17,CA_1,CA,HOBBIES,Monday,3,12,2012,NA,NA,NA,NA,0,0,0,260,1138.8899999999999,4.82275045537339,127
2012-12-17,CA_1,CA,HOUSEHOLD,Monday,3,12,2012,NA,NA,NA,NA,0,0,0,550,2348.930000000003,5.0373825503355665,266
2012-12-18,CA_1,CA,FOODS,Tuesday,4,12,2012,NA,NA,NA,NA,0,0,0,2397,5850.819999999999,2.6338042729152145,540
2012-12-18,CA_1,CA,HOBBIES,Tuesday,4,12,2012,NA,NA,NA,NA,0,0,0,332,1477.2200000000014,4.659322580645149,128
2012-12-18,CA_1,CA,HOUSEHOLD,Tuesday,4,12,2012,NA,NA,NA,NA,0,0,0,548,2404.2900000000022,5.033294908741589,266
2012-12-19,CA_1,CA,FOODS,Wednesday,5,12,2012,NA,NA,NA,NA,0,0,0,2212,5107.729999999999,2.5682940108892756,502
2012-12-19,CA_1,CA,HOBBIES,Wednesday,5,12,2012,NA,NA,NA,NA,0,0,0,255,1024.950000000001,4.7533876811594045,119
2012-12-19,CA_1,CA,HOUSEHOLD,Wednesday,5,12,2012,NA,NA,NA,NA,0,0,0,501,2240.7900000000022,5.189860696517413,255
2012-12-20,CA_1,CA,FOODS,Thursday,6,12,2012,NA,NA,NA,NA,0,0,0,2529,6096.219999999995,2.603387043735597,533
2012-12-20,CA_1,CA,HOBBIES,Thursday,6,12,2012,NA,NA,NA,NA,0,0,0,243,1289.3700000000013,5.094613935969851,128
2012-12-20,CA_1,CA,HOUSEHOLD,Thursday,6,12,2012,NA,NA,NA,NA,0,0,0,494,2238.0200000000023,5.189319796954307,268
2012-12-21,CA_1,CA,FOODS,Friday,7,12,2012,NA,NA,NA,NA,0,0,0,2824,6655.199999999993,2.5361832981609753,552
2012-12-21,CA_1,CA,HOBBIES,Friday,7,12,2012,NA,NA,NA,NA,0,0,0,376,1461.480000000002,4.3686769230769125,142
2012-12-21,CA_1,CA,HOUSEHOLD,Friday,7,12,2012,NA,NA,NA,NA,0,0,0,548,2521.600000000003,5.189550342130987,284
2012-12-22,CA_1,CA,FOODS,Saturday,1,12,2012,NA,NA,NA,NA,0,0,1,3524,7927.279999999989,2.4150763072304087,573
2012-12-22,CA_1,CA,HOBBIES,Saturday,1,12,2012,NA,NA,NA,NA,0,0,1,382,1897.2700000000025,4.988524332810034,161
2012-12-22,CA_1,CA,HOUSEHOLD,Saturday,1,12,2012,NA,NA,NA,NA,0,0,1,622,2669.0600000000027,5.022191780821917,286
2012-12-23,CA_1,CA,FOODS,Sunday,2,12,2012,NA,NA,NA,NA,0,0,1,3309,7484.5899999999865,2.4381556195965253,538
2012-12-23,CA_1,CA,HOBBIES,Sunday,2,12,2012,NA,NA,NA,NA,0,0,1,271,1285.9100000000014,4.927436363636346,137
2012-12-23,CA_1,CA,HOUSEHOLD,Sunday,2,12,2012,NA,NA,NA,NA,0,0,1,591,2728.069999999999,5.16656826568266,266
2012-12-24,CA_1,CA,FOODS,Monday,3,12,2012,NA,NA,NA,NA,0,0,0,2731,6283.389999999988,2.512247497725187,480
2012-12-24,CA_1,CA,HOBBIES,Monday,3,12,2012,NA,NA,NA,NA,0,0,0,198,1009.8700000000003,5.0959288537549225,108
2012-12-24,CA_1,CA,HOUSEHOLD,Monday,3,12,2012,NA,NA,NA,NA,0,0,0,441,1750.1300000000042,5.007958762886588,230
2012-12-25,CA_1,CA,FOODS,Tuesday,4,12,2012,Christmas,National,NA,NA,0,1,0,0,0,3.300133843212242,0
2012-12-25,CA_1,CA,HOBBIES,Tuesday,4,12,2012,Christmas,National,NA,NA,0,1,0,0,0,5.2297836538461535,0
2012-12-25,CA_1,CA,HOUSEHOLD,Tuesday,4,12,2012,Christmas,National,NA,NA,0,1,0,0,0,5.52300395256915,0
2012-12-26,CA_1,CA,FOODS,Wednesday,5,12,2012,NA,NA,NA,NA,0,0,0,2045,4771.380000000001,2.6180076335877707,471
2012-12-26,CA_1,CA,HOBBIES,Wednesday,5,12,2012,NA,NA,NA,NA,0,0,0,247,1206.7400000000007,4.984494584837532,109
2012-12-26,CA_1,CA,HOUSEHOLD,Wednesday,5,12,2012,NA,NA,NA,NA,0,0,0,570,2175.340000000004,4.82912639405204,253
2012-12-27,CA_1,CA,FOODS,Thursday,6,12,2012,NA,NA,NA,NA,0,0,0,2079,5067.129999999998,2.676283758082902,496
2012-12-27,CA_1,CA,HOBBIES,Thursday,6,12,2012,NA,NA,NA,NA,0,0,0,232,1191.65,5.0352720450281225,115
2012-12-27,CA_1,CA,HOUSEHOLD,Thursday,6,12,2012,NA,NA,NA,NA,0,0,0,662,2722.3100000000004,4.872200873362444,276
2012-12-28,CA_1,CA,FOODS,Friday,7,12,2012,NA,NA,NA,NA,0,0,0,2415,5796.879999999988,2.592137457044656,551
2012-12-28,CA_1,CA,HOBBIES,Friday,7,12,2012,NA,NA,NA,NA,0,0,0,283,1616.730000000001,5.227073170731693,125
2012-12-28,CA_1,CA,HOUSEHOLD,Friday,7,12,2012,NA,NA,NA,NA,0,0,0,680,2740.0800000000004,4.791830863121184,292
2012-12-29,CA_1,CA,FOODS,Saturday,1,12,2012,NA,NA,NA,NA,0,0,1,2781,6738.349999999985,2.59742592592591,588
2012-12-29,CA_1,CA,HOBBIES,Saturday,1,12,2012,NA,NA,NA,NA,0,0,1,329,1425.400000000001,4.747147487844395,128
2012-12-29,CA_1,CA,HOUSEHOLD,Saturday,1,12,2012,NA,NA,NA,NA,0,0,1,868,3580.5599999999977,4.738990053557777,321
2012-12-30,CA_1,CA,FOODS,Sunday,2,12,2012,NA,NA,NA,NA,0,0,1,3111,7203.179999999991,2.5034262614998477,571
2012-12-30,CA_1,CA,HOBBIES,Sunday,2,12,2012,NA,NA,NA,NA,0,0,1,358,1679.050000000001,4.68177018633539,130
2012-12-30,CA_1,CA,HOUSEHOLD,Sunday,2,12,2012,NA,NA,NA,NA,0,0,1,895,3111.389999999997,4.3896454948301376,301
2012-12-31,CA_1,CA,FOODS,Monday,3,12,2012,NA,NA,NA,NA,0,0,0,2974,7056.469999999987,2.5367689635205384,567
2012-12-31,CA_1,CA,HOBBIES,Monday,3,12,2012,NA,NA,NA,NA,0,0,0,266,1348.0800000000013,5.057321739130421,107
2012-12-31,CA_1,CA,HOUSEHOLD,Monday,3,12,2012,NA,NA,NA,NA,0,0,0,549,1909.110000000004,4.706289719626161,239
2013-01-01,CA_1,CA,FOODS,Tuesday,4,1,2013,NewYear,National,NA,NA,1,1,0,1888,4494.020000000005,2.6634318555008036,499
2013-01-01,CA_1,CA,HOBBIES,Tuesday,4,1,2013,NewYear,National,NA,NA,1,1,0,146,774.2500000000005,5.087879417879401,81
2013-01-01,CA_1,CA,HOUSEHOLD,Tuesday,4,1,2013,NewYear,National,NA,NA,1,1,0,518,1932.0900000000042,4.854899713467041,231
2013-01-02,CA_1,CA,FOODS,Wednesday,5,1,2013,NA,NA,NA,NA,1,0,0,2508,6103.929999999986,2.6229005059021726,590
2013-01-02,CA_1,CA,HOBBIES,Wednesday,5,1,2013,NA,NA,NA,NA,1,0,0,272,1330.8900000000003,4.847582608695637,113
2013-01-02,CA_1,CA,HOUSEHOLD,Wednesday,5,1,2013,NA,NA,NA,NA,1,0,0,752,2716.859999999999,4.556451876019578,286
2013-01-03,CA_1,CA,FOODS,Thursday,6,1,2013,NA,NA,NA,NA,1,0,0,2813,6375.439999999991,2.4859510869565047,548
2013-01-03,CA_1,CA,HOBBIES,Thursday,6,1,2013,NA,NA,NA,NA,1,0,0,288,1359.1600000000005,4.846457627118631,114
2013-01-03,CA_1,CA,HOUSEHOLD,Thursday,6,1,2013,NA,NA,NA,NA,1,0,0,856,2670.1099999999983,4.1952702702702735,284
2013-01-04,CA_1,CA,FOODS,Friday,7,1,2013,NA,NA,NA,NA,1,0,0,2962,6914.459999999991,2.5206382978723254,578
2013-01-04,CA_1,CA,HOBBIES,Friday,7,1,2013,NA,NA,NA,NA,1,0,0,319,1629.300000000001,5.094003267973843,123
2013-01-04,CA_1,CA,HOUSEHOLD,Friday,7,1,2013,NA,NA,NA,NA,1,0,0,853,2873.409999999999,4.328096330275234,305
2013-01-05,CA_1,CA,FOODS,Saturday,1,1,2013,NA,NA,NA,NA,1,0,1,3320,7811.859999999983,2.510694148936153,609
2013-01-05,CA_1,CA,HOBBIES,Saturday,1,1,2013,NA,NA,NA,NA,1,0,1,364,1886.810000000001,4.927566718995276,143
2013-01-05,CA_1,CA,HOUSEHOLD,Saturday,1,1,2013,NA,NA,NA,NA,1,0,1,989,3440.009999999999,4.281431549687287,313
2013-01-06,CA_1,CA,FOODS,Sunday,2,1,2013,NA,NA,NA,NA,1,0,1,3557,8899.269999999982,2.6218781344031954,618
2013-01-06,CA_1,CA,HOBBIES,Sunday,2,1,2013,NA,NA,NA,NA,1,0,1,315,1571.5500000000009,4.9134056761268665,132
2013-01-06,CA_1,CA,HOUSEHOLD,Sunday,2,1,2013,NA,NA,NA,NA,1,0,1,983,3516.6599999999976,4.3750934256055425,301
2013-01-07,CA_1,CA,FOODS,Monday,3,1,2013,OrthodoxChristmas,Religious,NA,NA,1,1,0,2847,6771.379999999997,2.561568389057737,606
2013-01-07,CA_1,CA,HOBBIES,Monday,3,1,2013,OrthodoxChristmas,Religious,NA,NA,1,1,0,197,1099.2200000000003,5.236866267465052,112
2013-01-07,CA_1,CA,HOUSEHOLD,Monday,3,1,2013,OrthodoxChristmas,Religious,NA,NA,1,1,0,694,2482.6200000000013,4.567971500419111,264
2013-01-08,CA_1,CA,FOODS,Tuesday,4,1,2013,NA,NA,NA,NA,1,0,0,2449,5806.239999999995,2.5708534512070567,557
2013-01-08,CA_1,CA,HOBBIES,Tuesday,4,1,2013,NA,NA,NA,NA,1,0,0,240,1155.010000000001,4.9379602888086485,102
2013-01-08,CA_1,CA,HOUSEHOLD,Tuesday,4,1,2013,NA,NA,NA,NA,1,0,0,590,1991.0200000000043,4.5862142857142825,233
2013-01-09,CA_1,CA,FOODS,Wednesday,5,1,2013,NA,NA,NA,NA,1,0,0,2118,5219.589999999997,2.6650966275104038,528
2013-01-09,CA_1,CA,HOBBIES,Wednesday,5,1,2013,NA,NA,NA,NA,1,0,0,251,1123.4300000000005,4.7316129032257885,109
2013-01-09,CA_1,CA,HOUSEHOLD,Wednesday,5,1,2013,NA,NA,NA,NA,1,0,0,411,1738.1600000000037,5.139354838709669,213
2013-01-10,CA_1,CA,FOODS,Thursday,6,1,2013,NA,NA,NA,NA,1,0,0,2543,5976.929999999989,2.5533509933774647,572
2013-01-10,CA_1,CA,HOBBIES,Thursday,6,1,2013,NA,NA,NA,NA,1,0,0,318,1260.9800000000002,4.470162337662323,118
2013-01-10,CA_1,CA,HOUSEHOLD,Thursday,6,1,2013,NA,NA,NA,NA,1,0,0,447,1830.680000000004,5.029378185524966,229
2013-01-11,CA_1,CA,FOODS,Friday,7,1,2013,NA,NA,NA,NA,0,0,0,2837,6900.949999999987,2.5950182038834786,590
2013-01-11,CA_1,CA,HOBBIES,Friday,7,1,2013,NA,NA,NA,NA,0,0,0,373,1663.5000000000005,4.701424287856062,122
2013-01-11,CA_1,CA,HOUSEHOLD,Friday,7,1,2013,NA,NA,NA,NA,0,0,0,597,2507.600000000003,5.040258541089565,277
2013-01-12,CA_1,CA,FOODS,Saturday,1,1,2013,NA,NA,NA,NA,0,0,1,3694,8712.929999999982,2.487979601748406,634
2013-01-12,CA_1,CA,HOBBIES,Saturday,1,1,2013,NA,NA,NA,NA,0,0,1,349,1761.670000000001,4.958055105348449,149
2013-01-12,CA_1,CA,HOUSEHOLD,Saturday,1,1,2013,NA,NA,NA,NA,0,0,1,738,3137.5299999999997,4.914537114261894,306
2013-01-13,CA_1,CA,FOODS,Sunday,2,1,2013,NA,NA,NA,NA,0,0,1,3351,8114.419999999988,2.5610356581017135,595
2013-01-13,CA_1,CA,HOBBIES,Sunday,2,1,2013,NA,NA,NA,NA,0,0,1,329,1651.2000000000014,5.018414023372275,147
2013-01-13,CA_1,CA,HOUSEHOLD,Sunday,2,1,2013,NA,NA,NA,NA,0,0,1,785,3217.159999999998,4.826599190283407,317
2013-01-14,CA_1,CA,FOODS,Monday,3,1,2013,NA,NA,NA,NA,0,0,0,2295,5715.359999999997,2.677931158121172,564
2013-01-14,CA_1,CA,HOBBIES,Monday,3,1,2013,NA,NA,NA,NA,0,0,0,228,1020.7100000000002,4.838207024029559,104
2013-01-14,CA_1,CA,HOUSEHOLD,Monday,3,1,2013,NA,NA,NA,NA,0,0,0,525,2084.6300000000033,4.963191899710701,255
2013-01-15,CA_1,CA,FOODS,Tuesday,4,1,2013,NA,NA,NA,NA,0,0,0,2194,5375.550000000006,2.6668867576539834,541
2013-01-15,CA_1,CA,HOBBIES,Tuesday,4,1,2013,NA,NA,NA,NA,0,0,0,249,1100.3100000000004,4.770754039497292,109
2013-01-15,CA_1,CA,HOUSEHOLD,Tuesday,4,1,2013,NA,NA,NA,NA,0,0,0,448,1921.3100000000045,5.139117948717939,240
2013-01-16,CA_1,CA,FOODS,Wednesday,5,1,2013,NA,NA,NA,NA,0,0,0,1992,4790.380000000001,2.675616384403289,511
2013-01-16,CA_1,CA,HOBBIES,Wednesday,5,1,2013,NA,NA,NA,NA,0,0,0,260,1217.9600000000003,4.816606822262104,120
2013-01-16,CA_1,CA,HOUSEHOLD,Wednesday,5,1,2013,NA,NA,NA,NA,0,0,0,479,1851.6300000000026,4.930445544554446,236
2013-01-17,CA_1,CA,FOODS,Thursday,6,1,2013,NA,NA,NA,NA,0,0,0,2150,5169.279999999998,2.6282271364317675,540
2013-01-17,CA_1,CA,HOBBIES,Thursday,6,1,2013,NA,NA,NA,NA,0,0,0,242,1082.7500000000005,4.860599999999983,109
2013-01-17,CA_1,CA,HOUSEHOLD,Thursday,6,1,2013,NA,NA,NA,NA,0,0,0,499,1975.6500000000044,4.952361660079044,254
2013-01-18,CA_1,CA,FOODS,Friday,7,1,2013,NA,NA,NA,NA,0,0,0,2619,6127.279999999992,2.5434206272227433,584
2013-01-18,CA_1,CA,HOBBIES,Friday,7,1,2013,NA,NA,NA,NA,0,0,0,314,1523.0600000000009,4.786858552631564,123
2013-01-18,CA_1,CA,HOUSEHOLD,Friday,7,1,2013,NA,NA,NA,NA,0,0,0,765,2991.029999999999,4.693668300653598,308
2013-01-19,CA_1,CA,FOODS,Saturday,1,1,2013,NA,NA,NA,NA,0,0,1,3533,8563.729999999989,2.5409093211752647,645
2013-01-19,CA_1,CA,HOBBIES,Saturday,1,1,2013,NA,NA,NA,NA,0,0,1,330,1596.510000000001,4.861719532554245,150
2013-01-19,CA_1,CA,HOUSEHOLD,Saturday,1,1,2013,NA,NA,NA,NA,0,0,1,938,3641.1299999999983,4.570080409356734,340
2013-01-20,CA_1,CA,FOODS,Sunday,2,1,2013,NA,NA,NA,NA,0,0,1,2966,7350.999999999987,2.622072072072057,585
2013-01-20,CA_1,CA,HOBBIES,Sunday,2,1,2013,NA,NA,NA,NA,0,0,1,357,1446.99,4.683390624999989,136
2013-01-20,CA_1,CA,HOUSEHOLD,Sunday,2,1,2013,NA,NA,NA,NA,0,0,1,761,2948.3399999999983,4.681500405515011,298
2013-01-21,CA_1,CA,FOODS,Monday,3,1,2013,MartinLutherKingDay,National,NA,NA,0,1,0,2537,5946.859999999992,2.559548472775546,585
2013-01-21,CA_1,CA,HOBBIES,Monday,3,1,2013,MartinLutherKingDay,National,NA,NA,0,1,0,347,1373.1900000000012,4.486947535771054,137
2013-01-21,CA_1,CA,HOUSEHOLD,Monday,3,1,2013,MartinLutherKingDay,National,NA,NA,0,1,0,682,2936.6299999999974,4.978420138888897,300
2013-01-22,CA_1,CA,FOODS,Tuesday,4,1,2013,NA,NA,NA,NA,0,0,0,1922,4629.390000000002,2.6729847144006236,496
2013-01-22,CA_1,CA,HOBBIES,Tuesday,4,1,2013,NA,NA,NA,NA,0,0,0,320,1121.8200000000004,4.298042414355615,126
2013-01-22,CA_1,CA,HOUSEHOLD,Tuesday,4,1,2013,NA,NA,NA,NA,0,0,0,522,2327.770000000001,5.149143968871594,264
2013-01-23,CA_1,CA,FOODS,Wednesday,5,1,2013,NA,NA,NA,NA,0,0,0,1807,4293.470000000007,2.669536842105242,492
2013-01-23,CA_1,CA,HOBBIES,Wednesday,5,1,2013,NA,NA,NA,NA,0,0,0,340,1085.68,4.213171874999988,119
2013-01-23,CA_1,CA,HOUSEHOLD,Wednesday,5,1,2013,NA,NA,NA,NA,0,0,0,505,1907.770000000006,4.875460717749751,244
2013-01-24,CA_1,CA,FOODS,Thursday,6,1,2013,NA,NA,NA,NA,0,0,0,1857,4425.370000000004,2.666075471698094,532
2013-01-24,CA_1,CA,HOBBIES,Thursday,6,1,2013,NA,NA,NA,NA,0,0,0,450,1287.5,3.800391363022931,128
2013-01-24,CA_1,CA,HOUSEHOLD,Thursday,6,1,2013,NA,NA,NA,NA,0,0,0,471,1956.7500000000055,5.078395560040356,250
2013-01-25,CA_1,CA,FOODS,Friday,7,1,2013,NA,NA,NA,NA,0,0,0,2264,5632.659999999996,2.681134545454526,574
2013-01-25,CA_1,CA,HOBBIES,Friday,7,1,2013,NA,NA,NA,NA,0,0,0,379,1432.870000000001,4.305924242424229,138
2013-01-25,CA_1,CA,HOUSEHOLD,Friday,7,1,2013,NA,NA,NA,NA,0,0,0,635,2648.4900000000002,4.944143897996361,307
2013-01-26,CA_1,CA,FOODS,Saturday,1,1,2013,NA,NA,NA,NA,0,0,1,3307,8112.949999999977,2.5786463349384525,630
2013-01-26,CA_1,CA,HOBBIES,Saturday,1,1,2013,NA,NA,NA,NA,0,0,1,576,2062.2200000000007,4.003660933660924,182
2013-01-26,CA_1,CA,HOUSEHOLD,Saturday,1,1,2013,NA,NA,NA,NA,0,0,1,859,3521.879999999998,4.738772338772348,344
2013-01-27,CA_1,CA,FOODS,Sunday,2,1,2013,NA,NA,NA,NA,0,0,1,3102,7740.109999999986,2.6378555240793036,633
2013-01-27,CA_1,CA,HOBBIES,Sunday,2,1,2013,NA,NA,NA,NA,0,0,1,457,1751.8100000000024,4.369051724137919,181
2013-01-27,CA_1,CA,HOUSEHOLD,Sunday,2,1,2013,NA,NA,NA,NA,0,0,1,885,3749.219999999995,4.8506498470948065,349
2013-01-28,CA_1,CA,FOODS,Monday,3,1,2013,NA,NA,NA,NA,0,0,0,2088,5017.15,2.648197161488281,542
2013-01-28,CA_1,CA,HOBBIES,Monday,3,1,2013,NA,NA,NA,NA,0,0,0,445,1340.680000000001,3.844944598337941,143
2013-01-28,CA_1,CA,HOUSEHOLD,Monday,3,1,2013,NA,NA,NA,NA,0,0,0,521,2036.950000000004,4.966176185866401,260
2013-01-29,CA_1,CA,FOODS,Tuesday,4,1,2013,NA,NA,NA,NA,0,0,0,2012,4793.350000000004,2.652683881064143,517
2013-01-29,CA_1,CA,HOBBIES,Tuesday,4,1,2013,NA,NA,NA,NA,0,0,0,418,1255.900000000001,3.894344729344718,136
2013-01-29,CA_1,CA,HOUSEHOLD,Tuesday,4,1,2013,NA,NA,NA,NA,0,0,0,439,1878.4900000000046,5.137494845360814,241
2013-01-30,CA_1,CA,FOODS,Wednesday,5,1,2013,NA,NA,NA,NA,0,0,0,1717,4158.890000000002,2.724252173913023,478
2013-01-30,CA_1,CA,HOBBIES,Wednesday,5,1,2013,NA,NA,NA,NA,0,0,0,282,1059.2500000000007,4.5545674740484285,124
2013-01-30,CA_1,CA,HOUSEHOLD,Wednesday,5,1,2013,NA,NA,NA,NA,0,0,0,390,1727.390000000004,5.2430944625407045,241
2013-01-31,CA_1,CA,FOODS,Thursday,6,1,2013,NA,NA,NA,NA,0,0,0,2116,5337.119999999999,2.731398095238074,552
2013-01-31,CA_1,CA,HOBBIES,Thursday,6,1,2013,NA,NA,NA,NA,0,0,0,370,1370.5299999999997,4.288328220858881,138
2013-01-31,CA_1,CA,HOUSEHOLD,Thursday,6,1,2013,NA,NA,NA,NA,0,0,0,498,2234.7800000000025,5.134631474103579,266
2013-02-01,CA_1,CA,FOODS,Friday,7,2,2013,NA,NA,NA,NA,1,0,0,3039,7387.979999999983,2.5917082258526625,611
2013-02-01,CA_1,CA,HOBBIES,Friday,7,2,2013,NA,NA,NA,NA,1,0,0,815,2059.520000000001,3.1128192999053863,178
2013-02-01,CA_1,CA,HOUSEHOLD,Friday,7,2,2013,NA,NA,NA,NA,1,0,0,672,2765.77,4.942370500438983,305
2013-02-02,CA_1,CA,FOODS,Saturday,1,2,2013,NA,NA,NA,NA,1,0,1,4472,10935.96999999998,2.5393515076414603,696
2013-02-02,CA_1,CA,HOBBIES,Saturday,1,2,2013,NA,NA,NA,NA,1,0,1,823,2643.0299999999993,3.574384093113474,212
2013-02-02,CA_1,CA,HOUSEHOLD,Saturday,1,2,2013,NA,NA,NA,NA,1,0,1,937,3841.6199999999963,4.696300448430498,375
2013-02-03,CA_1,CA,FOODS,Sunday,2,2,2013,SuperBowl,Sporting,NA,NA,1,1,1,3046,7518.289999999979,2.6293410962794495,591
2013-02-03,CA_1,CA,HOBBIES,Sunday,2,2,2013,SuperBowl,Sporting,NA,NA,1,1,1,288,1439.480000000001,4.940425531914879,144
2013-02-03,CA_1,CA,HOUSEHOLD,Sunday,2,2,2013,SuperBowl,Sporting,NA,NA,1,1,1,684,2889.189999999999,4.90272103004292,295
2013-02-04,CA_1,CA,FOODS,Monday,3,2,2013,NA,NA,NA,NA,1,0,0,2214,5438.849999999996,2.6804048582995774,563
2013-02-04,CA_1,CA,HOBBIES,Monday,3,2,2013,NA,NA,NA,NA,1,0,0,297,1066.1800000000003,4.386494156928201,118
2013-02-04,CA_1,CA,HOUSEHOLD,Monday,3,2,2013,NA,NA,NA,NA,1,0,0,581,2517.210000000002,5.032162162162165,284
2013-02-05,CA_1,CA,FOODS,Tuesday,4,2,2013,NA,NA,NA,NA,1,0,0,2252,5543.829999999993,2.6688366156090244,576
2013-02-05,CA_1,CA,HOBBIES,Tuesday,4,2,2013,NA,NA,NA,NA,1,0,0,227,1238.5400000000004,5.203700189753304,120
2013-02-05,CA_1,CA,HOUSEHOLD,Tuesday,4,2,2013,NA,NA,NA,NA,1,0,0,487,2172.570000000004,5.194270109235349,256
2013-02-06,CA_1,CA,FOODS,Wednesday,5,2,2013,NA,NA,NA,NA,1,0,0,2283,5719.3299999999945,2.6973271228949987,558
2013-02-06,CA_1,CA,HOBBIES,Wednesday,5,2,2013,NA,NA,NA,NA,1,0,0,339,1166.5300000000004,4.236158631415228,116
2013-02-06,CA_1,CA,HOUSEHOLD,Wednesday,5,2,2013,NA,NA,NA,NA,1,0,0,475,2124.8500000000045,5.117829145728634,256
2013-02-07,CA_1,CA,FOODS,Thursday,6,2,2013,NA,NA,NA,NA,1,0,0,2442,6087.869999999987,2.676948516876897,575
2013-02-07,CA_1,CA,HOBBIES,Thursday,6,2,2013,NA,NA,NA,NA,1,0,0,281,1734.8200000000004,5.479757785467113,123
2013-02-07,CA_1,CA,HOUSEHOLD,Thursday,6,2,2013,NA,NA,NA,NA,1,0,0,571,2499.2999999999997,5.027493061979647,266
2013-02-08,CA_1,CA,FOODS,Friday,7,2,2013,NA,NA,NA,NA,1,0,0,2849,7181.57999999998,2.663823351482138,609
2013-02-08,CA_1,CA,HOBBIES,Friday,7,2,2013,NA,NA,NA,NA,1,0,0,307,1452.1800000000005,4.8874414715718935,129
2013-02-08,CA_1,CA,HOUSEHOLD,Friday,7,2,2013,NA,NA,NA,NA,1,0,0,723,2959.139999999997,4.794932659932659,311
2013-02-09,CA_1,CA,FOODS,Saturday,1,2,2013,NA,NA,NA,NA,1,0,1,3843,9638.389999999992,2.6170004690431425,653
2013-02-09,CA_1,CA,HOBBIES,Saturday,1,2,2013,NA,NA,NA,NA,1,0,1,456,2192.0099999999998,4.818473389355729,166
2013-02-09,CA_1,CA,HOUSEHOLD,Saturday,1,2,2013,NA,NA,NA,NA,1,0,1,1047,4150.009999999996,4.51894842598795,337
2013-02-10,CA_1,CA,FOODS,Sunday,2,2,2013,NA,NA,NA,NA,1,0,1,3969,9892.519999999991,2.6001796679554134,646
2013-02-10,CA_1,CA,HOBBIES,Sunday,2,2,2013,NA,NA,NA,NA,1,0,1,523,2121.6200000000013,4.357056504599202,186
2013-02-10,CA_1,CA,HOUSEHOLD,Sunday,2,2,2013,NA,NA,NA,NA,1,0,1,1007,3969.499999999995,4.5526439972241555,349
2013-02-11,CA_1,CA,FOODS,Monday,3,2,2013,NA,NA,NA,NA,0,0,0,2885,7176.609999999981,2.6498979591836545,627
2013-02-11,CA_1,CA,HOBBIES,Monday,3,2,2013,NA,NA,NA,NA,0,0,0,485,1378.370000000001,3.7171259842519575,147
2013-02-11,CA_1,CA,HOUSEHOLD,Monday,3,2,2013,NA,NA,NA,NA,0,0,0,684,2619.4200000000005,4.719838022165387,294
2013-02-12,CA_1,CA,FOODS,Tuesday,4,2,2013,NA,NA,NA,NA,0,0,0,2165,5464.7799999999925,2.7369094269870367,534
2013-02-12,CA_1,CA,HOBBIES,Tuesday,4,2,2013,NA,NA,NA,NA,0,0,0,484,1358.5300000000009,3.6876548089591474,149
2013-02-12,CA_1,CA,HOUSEHOLD,Tuesday,4,2,2013,NA,NA,NA,NA,0,0,0,593,2472.51,4.940792792792792,266
2013-02-13,CA_1,CA,FOODS,Wednesday,5,2,2013,LentStart,Religious,NA,NA,0,1,0,2541,6291.599999999988,2.6478084896347287,576
2013-02-13,CA_1,CA,HOBBIES,Wednesday,5,2,2013,LentStart,Religious,NA,NA,0,1,0,448,1464.5300000000004,4.063994601889326,131
2013-02-13,CA_1,CA,HOUSEHOLD,Wednesday,5,2,2013,LentStart,Religious,NA,NA,0,1,0,525,2102.320000000004,4.92946513849092,261
2013-02-14,CA_1,CA,FOODS,Thursday,6,2,2013,ValentinesDay,Cultural,NA,NA,0,1,0,2045,4847.979999999998,2.6352605363984463,509
2013-02-14,CA_1,CA,HOBBIES,Thursday,6,2,2013,ValentinesDay,Cultural,NA,NA,0,1,0,336,1328.6000000000008,4.486985645933,133
2013-02-14,CA_1,CA,HOUSEHOLD,Thursday,6,2,2013,ValentinesDay,Cultural,NA,NA,0,1,0,439,1694.7300000000025,4.9448839556003925,231
2013-02-15,CA_1,CA,FOODS,Friday,7,2,2013,NA,NA,NA,NA,0,0,0,2765,6852.089999999993,2.64916846319678,592
2013-02-15,CA_1,CA,HOBBIES,Friday,7,2,2013,NA,NA,NA,NA,0,0,0,614,2029.9800000000016,3.8126166097838348,159
2013-02-15,CA_1,CA,HOUSEHOLD,Friday,7,2,2013,NA,NA,NA,NA,0,0,0,742,2953.109999999998,4.760285714285713,335
2013-02-16,CA_1,CA,FOODS,Saturday,1,2,2013,NA,NA,NA,NA,0,0,1,3350,7923.469999999981,2.525487932843639,622
2013-02-16,CA_1,CA,HOBBIES,Saturday,1,2,2013,NA,NA,NA,NA,0,0,1,636,2178.6200000000013,3.8239342403628043,181
2013-02-16,CA_1,CA,HOUSEHOLD,Saturday,1,2,2013,NA,NA,NA,NA,0,0,1,945,3833.449999999995,4.680422636103155,347
2013-02-17,CA_1,CA,FOODS,Sunday,2,2,2013,NA,NA,NA,NA,0,0,1,3282,8234.199999999988,2.6535229407029615,639
2013-02-17,CA_1,CA,HOBBIES,Sunday,2,2,2013,NA,NA,NA,NA,0,0,1,494,1766.350000000002,4.10898817345597,160
2013-02-17,CA_1,CA,HOUSEHOLD,Sunday,2,2,2013,NA,NA,NA,NA,0,0,1,1108,4198.599999999998,4.391540941328183,355
2013-02-18,CA_1,CA,FOODS,Monday,3,2,2013,PresidentsDay,National,NA,NA,0,1,0,2591,6639.279999999986,2.7351727478204526,578
2013-02-18,CA_1,CA,HOBBIES,Monday,3,2,2013,PresidentsDay,National,NA,NA,0,1,0,441,1712.8400000000015,4.417336122733599,151
2013-02-18,CA_1,CA,HOUSEHOLD,Monday,3,2,2013,PresidentsDay,National,NA,NA,0,1,0,915,3547.3299999999977,4.600255102040816,341
2013-02-19,CA_1,CA,FOODS,Tuesday,4,2,2013,NA,NA,NA,NA,0,0,0,1989,4876.109999999998,2.7076871814974313,522
2013-02-19,CA_1,CA,HOBBIES,Tuesday,4,2,2013,NA,NA,NA,NA,0,0,0,369,1217.9200000000005,4.206537890044564,123
2013-02-19,CA_1,CA,HOUSEHOLD,Tuesday,4,2,2013,NA,NA,NA,NA,0,0,0,509,1852.2600000000034,4.8127767354596545,241
2013-02-20,CA_1,CA,FOODS,Wednesday,5,2,2013,LentWeek2,Religious,NA,NA,0,1,0,2286,5702.159999999992,2.6937030411448823,575
2013-02-20,CA_1,CA,HOBBIES,Wednesday,5,2,2013,LentWeek2,Religious,NA,NA,0,1,0,446,1583.5200000000004,4.081243169398896,141
2013-02-20,CA_1,CA,HOUSEHOLD,Wednesday,5,2,2013,LentWeek2,Religious,NA,NA,0,1,0,500,1925.1900000000037,4.897490530303025,242
2013-02-21,CA_1,CA,FOODS,Thursday,6,2,2013,NA,NA,NA,NA,0,0,0,2309,5415.5299999999925,2.596095673584223,550
2013-02-21,CA_1,CA,HOBBIES,Thursday,6,2,2013,NA,NA,NA,NA,0,0,0,444,1721.4300000000023,4.272901408450693,161
2013-02-21,CA_1,CA,HOUSEHOLD,Thursday,6,2,2013,NA,NA,NA,NA,0,0,0,655,2574.5300000000016,4.757680543755309,276
2013-02-22,CA_1,CA,FOODS,Friday,7,2,2013,NA,NA,NA,NA,0,0,0,2790,6786.1899999999905,2.622379204892948,604
2013-02-22,CA_1,CA,HOBBIES,Friday,7,2,2013,NA,NA,NA,NA,0,0,0,540,2001.3400000000015,4.160229007633577,181
2013-02-22,CA_1,CA,HOUSEHOLD,Friday,7,2,2013,NA,NA,NA,NA,0,0,0,768,3026.759999999999,4.693448831587432,325
2013-02-23,CA_1,CA,FOODS,Saturday,1,2,2013,NA,NA,NA,NA,0,0,1,3208,7979.419999999987,2.630951339529782,639
2013-02-23,CA_1,CA,HOBBIES,Saturday,1,2,2013,NA,NA,NA,NA,0,0,1,618,2234.2099999999996,4.095791284403657,177
2013-02-23,CA_1,CA,HOUSEHOLD,Saturday,1,2,2013,NA,NA,NA,NA,0,0,1,1009,3939.299999999998,4.498048611111121,374
2013-02-24,CA_1,CA,FOODS,Sunday,2,2,2013,Purim End,Religious,NA,NA,0,1,1,3229,7910.759999999973,2.614555585756981,639
2013-02-24,CA_1,CA,HOBBIES,Sunday,2,2,2013,Purim End,Religious,NA,NA,0,1,1,521,2267.9399999999987,4.6226139410187566,206
2013-02-24,CA_1,CA,HOUSEHOLD,Sunday,2,2,2013,Purim End,Religious,NA,NA,0,1,1,961,3906.3299999999963,4.649331911869231,359
2013-02-25,CA_1,CA,FOODS,Monday,3,2,2013,NA,NA,NA,NA,0,0,0,2261,5657.339999999998,2.723426223651284,551
2013-02-25,CA_1,CA,HOBBIES,Monday,3,2,2013,NA,NA,NA,NA,0,0,0,531,1601.1100000000004,3.8180911330049137,150
2013-02-25,CA_1,CA,HOUSEHOLD,Monday,3,2,2013,NA,NA,NA,NA,0,0,0,624,2750.01,5.068090185676391,298
2013-02-26,CA_1,CA,FOODS,Tuesday,4,2,2013,NA,NA,NA,NA,0,0,0,2026,4802.990000000001,2.63896417445481,547
2013-02-26,CA_1,CA,HOBBIES,Tuesday,4,2,2013,NA,NA,NA,NA,0,0,0,336,1262.3600000000006,4.491898734177205,135
2013-02-26,CA_1,CA,HOUSEHOLD,Tuesday,4,2,2013,NA,NA,NA,NA,0,0,0,488,1926.0000000000045,4.972802669208767,244
2013-02-27,CA_1,CA,FOODS,Wednesday,5,2,2013,NA,NA,NA,NA,0,0,0,2036,4736.500000000002,2.5991523437499824,565
2013-02-27,CA_1,CA,HOBBIES,Wednesday,5,2,2013,NA,NA,NA,NA,0,0,0,412,1305.9200000000003,4.045502121640725,136
2013-02-27,CA_1,CA,HOUSEHOLD,Wednesday,5,2,2013,NA,NA,NA,NA,0,0,0,505,2129.340000000004,5.077600767754315,268
2013-02-28,CA_1,CA,FOODS,Thursday,6,2,2013,NA,NA,NA,NA,0,0,0,2105,4956.399999999999,2.615537533006395,543
2013-02-28,CA_1,CA,HOBBIES,Thursday,6,2,2013,NA,NA,NA,NA,0,0,0,416,1475.4400000000016,4.133146551724127,151
2013-02-28,CA_1,CA,HOUSEHOLD,Thursday,6,2,2013,NA,NA,NA,NA,0,0,0,603,2407.520000000003,4.924402173913038,304
2013-03-01,CA_1,CA,FOODS,Friday,7,3,2013,NA,NA,NA,NA,1,0,0,2699,6633.259999999988,2.6292744479495087,618
2013-03-01,CA_1,CA,HOBBIES,Friday,7,3,2013,NA,NA,NA,NA,1,0,0,573,2017.4000000000012,3.961315789473672,168
2013-03-01,CA_1,CA,HOUSEHOLD,Friday,7,3,2013,NA,NA,NA,NA,1,0,0,819,3300.8799999999974,4.697163947163953,337
2013-03-02,CA_1,CA,FOODS,Saturday,1,3,2013,NA,NA,NA,NA,1,0,1,3680,9048.279999999979,2.5822531089977927,672
2013-03-02,CA_1,CA,HOBBIES,Saturday,1,3,2013,NA,NA,NA,NA,1,0,1,695,2655.7500000000005,4.173545945945936,205
2013-03-02,CA_1,CA,HOUSEHOLD,Saturday,1,3,2013,NA,NA,NA,NA,1,0,1,1093,4504.500000000001,4.636735509660241,400
2013-03-03,CA_1,CA,FOODS,Sunday,2,3,2013,NA,NA,NA,NA,1,0,1,4006,10123.74999999999,2.639140465957917,678
2013-03-03,CA_1,CA,HOBBIES,Sunday,2,3,2013,NA,NA,NA,NA,1,0,1,451,2246.36,4.932447257383955,175
2013-03-03,CA_1,CA,HOUSEHOLD,Sunday,2,3,2013,NA,NA,NA,NA,1,0,1,1063,4311.439999999999,4.623579017264284,365
2013-03-04,CA_1,CA,FOODS,Monday,3,3,2013,NA,NA,NA,NA,1,0,0,2656,6508.049999999987,2.652928817811207,560
2013-03-04,CA_1,CA,HOBBIES,Monday,3,3,2013,NA,NA,NA,NA,1,0,0,377,1599.590000000001,4.5494977843426785,135
2013-03-04,CA_1,CA,HOUSEHOLD,Monday,3,3,2013,NA,NA,NA,NA,1,0,0,645,2674.6700000000005,4.91488392089424,290
2013-03-05,CA_1,CA,FOODS,Tuesday,4,3,2013,NA,NA,NA,NA,1,0,0,2328,5527.339999999998,2.6152281435039866,550
2013-03-05,CA_1,CA,HOBBIES,Tuesday,4,3,2013,NA,NA,NA,NA,1,0,0,282,1292.8100000000002,4.856892561983459,112
2013-03-05,CA_1,CA,HOUSEHOLD,Tuesday,4,3,2013,NA,NA,NA,NA,1,0,0,572,2400.510000000003,4.973706666666664,255
2013-03-06,CA_1,CA,FOODS,Wednesday,5,3,2013,NA,NA,NA,NA,1,0,0,2456,5984.539999999995,2.6555194585448207,594
2013-03-06,CA_1,CA,HOBBIES,Wednesday,5,3,2013,NA,NA,NA,NA,1,0,0,224,1140.42,5.1174181818181665,109
2013-03-06,CA_1,CA,HOUSEHOLD,Wednesday,5,3,2013,NA,NA,NA,NA,1,0,0,508,1872.3500000000038,4.867395736793324,237
2013-03-07,CA_1,CA,FOODS,Thursday,6,3,2013,NA,NA,NA,NA,1,0,0,2324,5460.379999999993,2.5999999999999783,546
2013-03-07,CA_1,CA,HOBBIES,Thursday,6,3,2013,NA,NA,NA,NA,1,0,0,206,1284.510000000001,5.45007532956684,110
2013-03-07,CA_1,CA,HOUSEHOLD,Thursday,6,3,2013,NA,NA,NA,NA,1,0,0,540,2121.810000000004,4.887961432506885,259
2013-03-08,CA_1,CA,FOODS,Friday,7,3,2013,NA,NA,NA,NA,1,0,0,2978,7180.579999999985,2.5912230215827172,596
2013-03-08,CA_1,CA,HOBBIES,Friday,7,3,2013,NA,NA,NA,NA,1,0,0,305,1759.2800000000013,5.234339933993384,134
2013-03-08,CA_1,CA,HOUSEHOLD,Friday,7,3,2013,NA,NA,NA,NA,1,0,0,660,2612.390000000001,4.800008539709648,297
2013-03-09,CA_1,CA,FOODS,Saturday,1,3,2013,NA,NA,NA,NA,1,0,1,3621,8747.659999999987,2.5817690417690295,654
2013-03-09,CA_1,CA,HOBBIES,Saturday,1,3,2013,NA,NA,NA,NA,1,0,1,466,2211.3599999999997,4.883101092896161,169
2013-03-09,CA_1,CA,HOUSEHOLD,Saturday,1,3,2013,NA,NA,NA,NA,1,0,1,911,3588.24,4.5715211062591,350
2013-03-10,CA_1,CA,FOODS,Sunday,2,3,2013,NA,NA,NA,NA,1,0,1,3479,8609.659999999978,2.6169044585987105,657
2013-03-10,CA_1,CA,HOBBIES,Sunday,2,3,2013,NA,NA,NA,NA,1,0,1,513,1992.6700000000023,4.298803641092316,179
2013-03-10,CA_1,CA,HOUSEHOLD,Sunday,2,3,2013,NA,NA,NA,NA,1,0,1,911,3583.59,4.614926578560947,362
2013-03-11,CA_1,CA,FOODS,Monday,3,3,2013,NA,NA,NA,NA,0,0,0,2529,6662.839999999992,2.779786535303759,587
2013-03-11,CA_1,CA,HOBBIES,Monday,3,3,2013,NA,NA,NA,NA,0,0,0,413,1333.6000000000008,4.10993036211698,130
2013-03-11,CA_1,CA,HOUSEHOLD,Monday,3,3,2013,NA,NA,NA,NA,0,0,0,696,2577.0200000000004,4.635694098088112,306
2013-03-12,CA_1,CA,FOODS,Tuesday,4,3,2013,NA,NA,NA,NA,0,0,0,2149,5313.049999999996,2.699289415247941,550
2013-03-12,CA_1,CA,HOBBIES,Tuesday,4,3,2013,NA,NA,NA,NA,0,0,0,326,1318.7800000000007,4.566775700934566,119
2013-03-12,CA_1,CA,HOUSEHOLD,Tuesday,4,3,2013,NA,NA,NA,NA,0,0,0,610,2248.5000000000027,4.738838427947594,278
2013-03-13,CA_1,CA,FOODS,Wednesday,5,3,2013,NA,NA,NA,NA,0,0,0,1985,5070.049999999999,2.768627450980368,538
2013-03-13,CA_1,CA,HOBBIES,Wednesday,5,3,2013,NA,NA,NA,NA,0,0,0,385,1283.1100000000006,4.152043165467615,125
2013-03-13,CA_1,CA,HOUSEHOLD,Wednesday,5,3,2013,NA,NA,NA,NA,0,0,0,538,2137.3100000000036,4.922014652014648,259
2013-03-14,CA_1,CA,FOODS,Thursday,6,3,2013,NA,NA,NA,NA,0,0,0,2163,5270.619999999998,2.6777994121968938,544
2013-03-14,CA_1,CA,HOBBIES,Thursday,6,3,2013,NA,NA,NA,NA,0,0,0,434,1464.5000000000011,4.069847009735733,150
2013-03-14,CA_1,CA,HOUSEHOLD,Thursday,6,3,2013,NA,NA,NA,NA,0,0,0,617,2374.530000000001,4.800903508771928,290
2013-03-15,CA_1,CA,FOODS,Friday,7,3,2013,NA,NA,NA,NA,0,0,0,2758,6932.219999999985,2.6704938650306556,601
2013-03-15,CA_1,CA,HOBBIES,Friday,7,3,2013,NA,NA,NA,NA,0,0,0,509,1762.6300000000026,3.9813846153846044,164
2013-03-15,CA_1,CA,HOUSEHOLD,Friday,7,3,2013,NA,NA,NA,NA,0,0,0,691,2809.1499999999987,4.79605597964377,325
2013-03-16,CA_1,CA,FOODS,Saturday,1,3,2013,NA,NA,NA,NA,0,0,1,3378,8633.039999999985,2.6760831168831016,633
2013-03-16,CA_1,CA,HOBBIES,Saturday,1,3,2013,NA,NA,NA,NA,0,0,1,569,2114.1600000000003,4.1429262394195785,178
2013-03-16,CA_1,CA,HOUSEHOLD,Saturday,1,3,2013,NA,NA,NA,NA,0,0,1,1027,4056.5699999999965,4.585811088295696,380
2013-03-17,CA_1,CA,FOODS,Sunday,2,3,2013,StPatricksDay,Cultural,NA,NA,0,1,1,3282,8349.589999999984,2.6884926082365204,599
2013-03-17,CA_1,CA,HOBBIES,Sunday,2,3,2013,StPatricksDay,Cultural,NA,NA,0,1,1,556,2124.930000000001,4.212643391521186,190
2013-03-17,CA_1,CA,HOUSEHOLD,Sunday,2,3,2013,StPatricksDay,Cultural,NA,NA,0,1,1,1051,4011.8,4.440436534586974,376
2013-03-18,CA_1,CA,FOODS,Monday,3,3,2013,NA,NA,NA,NA,0,0,0,2025,5119.679999999999,2.753900736719638,551
2013-03-18,CA_1,CA,HOBBIES,Monday,3,3,2013,NA,NA,NA,NA,0,0,0,322,1275.5500000000013,4.4467036450079105,127
2013-03-18,CA_1,CA,HOUSEHOLD,Monday,3,3,2013,NA,NA,NA,NA,0,0,0,686,2758.7099999999996,4.7795663052543755,301
2013-03-19,CA_1,CA,FOODS,Tuesday,4,3,2013,NA,NA,NA,NA,0,0,0,1984,4825.589999999997,2.6890933958577383,530
2013-03-19,CA_1,CA,HOBBIES,Tuesday,4,3,2013,NA,NA,NA,NA,0,0,0,469,1510.910000000001,3.934132653061213,121
2013-03-19,CA_1,CA,HOUSEHOLD,Tuesday,4,3,2013,NA,NA,NA,NA,0,0,0,497,1929.1500000000049,4.940343511450378,263
2013-03-20,CA_1,CA,FOODS,Wednesday,5,3,2013,NA,NA,NA,NA,0,0,0,2234,5584.109999999993,2.708870967741915,549
2013-03-20,CA_1,CA,HOBBIES,Wednesday,5,3,2013,NA,NA,NA,NA,0,0,0,389,1354.150000000001,4.221213872832357,133
2013-03-20,CA_1,CA,HOUSEHOLD,Wednesday,5,3,2013,NA,NA,NA,NA,0,0,0,592,2155.0200000000027,4.765998233215546,274
2013-03-21,CA_1,CA,FOODS,Thursday,6,3,2013,NA,NA,NA,NA,0,0,0,2146,5059.679999999997,2.6177661950856104,565
2013-03-21,CA_1,CA,HOBBIES,Thursday,6,3,2013,NA,NA,NA,NA,0,0,0,424,1410.050000000001,4.053916083916072,145
2013-03-21,CA_1,CA,HOUSEHOLD,Thursday,6,3,2013,NA,NA,NA,NA,0,0,0,618,2391.900000000003,4.813230088495571,302
2013-03-22,CA_1,CA,FOODS,Friday,7,3,2013,NA,NA,NA,NA,0,0,0,2789,6743.109999999987,2.6052812404986154,605
2013-03-22,CA_1,CA,HOBBIES,Friday,7,3,2013,NA,NA,NA,NA,0,0,0,477,1656.030000000001,4.194973190348514,167
2013-03-22,CA_1,CA,HOUSEHOLD,Friday,7,3,2013,NA,NA,NA,NA,0,0,0,801,3279.559999999998,4.735261106780986,332
2013-03-23,CA_1,CA,FOODS,Saturday,1,3,2013,NA,NA,NA,NA,0,0,1,3228,7955.919999999983,2.6097440732758477,624
2013-03-23,CA_1,CA,HOBBIES,Saturday,1,3,2013,NA,NA,NA,NA,0,0,1,576,1898.0300000000025,3.812454655380885,185
2013-03-23,CA_1,CA,HOUSEHOLD,Saturday,1,3,2013,NA,NA,NA,NA,0,0,1,920,3636.9900000000002,4.658477941176476,374
2013-03-24,CA_1,CA,FOODS,Sunday,2,3,2013,NA,NA,NA,NA,0,0,1,3280,8249.839999999984,2.6585987769210147,627
2013-03-24,CA_1,CA,HOBBIES,Sunday,2,3,2013,NA,NA,NA,NA,0,0,1,395,1876.7700000000018,4.770948795180713,167
2013-03-24,CA_1,CA,HOUSEHOLD,Sunday,2,3,2013,NA,NA,NA,NA,0,0,1,1118,4524.499999999995,4.555045632333775,398
2013-03-25,CA_1,CA,FOODS,Monday,3,3,2013,NA,NA,NA,NA,0,0,0,2346,5747.909999999991,2.6697467915365714,571
2013-03-25,CA_1,CA,HOBBIES,Monday,3,3,2013,NA,NA,NA,NA,0,0,0,316,1574.0400000000016,4.9013870967741795,132
2013-03-25,CA_1,CA,HOUSEHOLD,Monday,3,3,2013,NA,NA,NA,NA,0,0,0,704,2931.759999999998,4.80642378559464,324
2013-03-26,CA_1,CA,FOODS,Tuesday,4,3,2013,NA,NA,NA,NA,0,0,0,2192,5054.649999999997,2.575744603000347,567
2013-03-26,CA_1,CA,HOBBIES,Tuesday,4,3,2013,NA,NA,NA,NA,0,0,0,221,1199.0000000000007,5.122339622641495,127
2013-03-26,CA_1,CA,HOUSEHOLD,Tuesday,4,3,2013,NA,NA,NA,NA,0,0,0,697,2592.6699999999996,4.6619306930693085,299
2013-03-27,CA_1,CA,FOODS,Wednesday,5,3,2013,NA,NA,NA,NA,0,0,0,2083,5058.439999999999,2.6968347232751873,553
2013-03-27,CA_1,CA,HOBBIES,Wednesday,5,3,2013,NA,NA,NA,NA,0,0,0,266,1254.0100000000007,4.863662691652458,115
2013-03-27,CA_1,CA,HOUSEHOLD,Wednesday,5,3,2013,NA,NA,NA,NA,0,0,0,624,2609.4800000000005,4.939556907037368,287
2013-03-28,CA_1,CA,FOODS,Thursday,6,3,2013,NA,NA,NA,NA,0,0,0,2661,5836.899999999985,2.4410745614034903,577
2013-03-28,CA_1,CA,HOBBIES,Thursday,6,3,2013,NA,NA,NA,NA,0,0,0,291,1430.2400000000016,4.898766891891879,135
2013-03-28,CA_1,CA,HOUSEHOLD,Thursday,6,3,2013,NA,NA,NA,NA,0,0,0,693,2523.739999999999,4.616222961730448,305
2013-03-29,CA_1,CA,FOODS,Friday,7,3,2013,NA,NA,NA,NA,0,0,0,3274,7587.899999999987,2.495676751592341,614
2013-03-29,CA_1,CA,HOBBIES,Friday,7,3,2013,NA,NA,NA,NA,0,0,0,375,1646.0300000000018,4.656305343511438,156
2013-03-29,CA_1,CA,HOUSEHOLD,Friday,7,3,2013,NA,NA,NA,NA,0,0,0,819,3252.3799999999997,4.6992254066615065,342
2013-03-30,CA_1,CA,FOODS,Saturday,1,3,2013,NA,NA,NA,NA,0,0,1,4414,9803.01999999998,2.3681861133935795,661
2013-03-30,CA_1,CA,HOBBIES,Saturday,1,3,2013,NA,NA,NA,NA,0,0,1,465,2328.7999999999997,4.9168673050615475,172
2013-03-30,CA_1,CA,HOUSEHOLD,Saturday,1,3,2013,NA,NA,NA,NA,0,0,1,1099,4312.659999999998,4.494396325459324,392
2013-03-31,CA_1,CA,FOODS,Sunday,2,3,2013,Easter,Cultural,NA,NA,0,1,1,3191,7479.709999999986,2.5148745328350075,560
2013-03-31,CA_1,CA,HOBBIES,Sunday,2,3,2013,Easter,Cultural,NA,NA,0,1,1,343,1268.430000000001,4.499456869009574,155
2013-03-31,CA_1,CA,HOUSEHOLD,Sunday,2,3,2013,Easter,Cultural,NA,NA,0,1,1,745,2689.770000000001,4.5708247422680435,301
2013-04-01,CA_1,CA,FOODS,Monday,3,4,2013,NA,NA,NA,NA,1,0,0,2301,5360.499999999999,2.5674193548386897,564
2013-04-01,CA_1,CA,HOBBIES,Monday,3,4,2013,NA,NA,NA,NA,1,0,0,500,1600.5700000000022,3.932813299232726,156
2013-04-01,CA_1,CA,HOUSEHOLD,Monday,3,4,2013,NA,NA,NA,NA,1,0,0,744,2767.2499999999986,4.668200636942678,305
2013-04-02,CA_1,CA,FOODS,Tuesday,4,4,2013,Pesach End,Religious,NA,NA,1,1,0,2495,5925.719999999994,2.594001307616849,551
2013-04-02,CA_1,CA,HOBBIES,Tuesday,4,4,2013,Pesach End,Religious,NA,NA,1,1,0,501,1489.9500000000012,3.764579081632643,155
2013-04-02,CA_1,CA,HOUSEHOLD,Tuesday,4,4,2013,Pesach End,Religious,NA,NA,1,1,0,679,2668.249999999997,4.781502504173625,298
2013-04-03,CA_1,CA,FOODS,Wednesday,5,4,2013,NA,NA,NA,NA,1,0,0,2596,6056.699999999995,2.5619550775071023,550
2013-04-03,CA_1,CA,HOBBIES,Wednesday,5,4,2013,NA,NA,NA,NA,1,0,0,545,1629.8100000000004,3.7123975903614377,153
2013-04-03,CA_1,CA,HOUSEHOLD,Wednesday,5,4,2013,NA,NA,NA,NA,1,0,0,783,2943.770000000001,4.589000000000007,330
2013-04-04,CA_1,CA,FOODS,Thursday,6,4,2013,NA,NA,NA,NA,1,0,0,2602,6267.689999999989,2.603211096938757,581
2013-04-04,CA_1,CA,HOBBIES,Thursday,6,4,2013,NA,NA,NA,NA,1,0,0,612,1552.140000000001,3.378098987626539,161
2013-04-04,CA_1,CA,HOUSEHOLD,Thursday,6,4,2013,NA,NA,NA,NA,1,0,0,724,2731.0700000000024,4.678292282430213,323
2013-04-05,CA_1,CA,FOODS,Friday,7,4,2013,NA,NA,NA,NA,1,0,0,2992,7109.969999999984,2.5677353108955914,601
2013-04-05,CA_1,CA,HOBBIES,Friday,7,4,2013,NA,NA,NA,NA,1,0,0,580,1777.4800000000012,3.7301963048498714,152
2013-04-05,CA_1,CA,HOUSEHOLD,Friday,7,4,2013,NA,NA,NA,NA,1,0,0,816,2981.879999999999,4.529456771231834,326
2013-04-06,CA_1,CA,FOODS,Saturday,1,4,2013,NA,NA,NA,NA,1,0,1,3672,8912.589999999984,2.553881388621009,639
2013-04-06,CA_1,CA,HOBBIES,Saturday,1,4,2013,NA,NA,NA,NA,1,0,1,658,2129.430000000001,3.729168490153164,183
2013-04-06,CA_1,CA,HOUSEHOLD,Saturday,1,4,2013,NA,NA,NA,NA,1,0,1,1055,3913.4800000000014,4.408789473684219,354
2013-04-07,CA_1,CA,FOODS,Sunday,2,4,2013,NA,NA,NA,NA,1,0,1,3852,9449.199999999977,2.5776343094304677,630
2013-04-07,CA_1,CA,HOBBIES,Sunday,2,4,2013,NA,NA,NA,NA,1,0,1,569,1885.1600000000026,3.927412755715994,177
2013-04-07,CA_1,CA,HOUSEHOLD,Sunday,2,4,2013,NA,NA,NA,NA,1,0,1,1262,4520.5999999999985,4.187108076009507,397
2013-04-08,CA_1,CA,FOODS,Monday,3,4,2013,NA,NA,NA,NA,1,0,0,2620,6356.149999999988,2.6368475859892535,566
2013-04-08,CA_1,CA,HOBBIES,Monday,3,4,2013,NA,NA,NA,NA,1,0,0,409,1508.480000000001,4.265884016973113,141
2013-04-08,CA_1,CA,HOUSEHOLD,Monday,3,4,2013,NA,NA,NA,NA,1,0,0,872,3239.8499999999985,4.515521835677279,340
2013-04-09,CA_1,CA,FOODS,Tuesday,4,4,2013,NA,NA,NA,NA,1,0,0,2550,6054.919999999992,2.576541184041165,557
2013-04-09,CA_1,CA,HOBBIES,Tuesday,4,4,2013,NA,NA,NA,NA,1,0,0,475,1605.5500000000013,4.086020539152749,135
2013-04-09,CA_1,CA,HOUSEHOLD,Tuesday,4,4,2013,NA,NA,NA,NA,1,0,0,784,3042.9699999999975,4.627883268482494,318
2013-04-10,CA_1,CA,FOODS,Wednesday,5,4,2013,NA,NA,NA,NA,1,0,0,2611,6033.369999999987,2.5468296529968257,556
2013-04-10,CA_1,CA,HOBBIES,Wednesday,5,4,2013,NA,NA,NA,NA,1,0,0,401,1453.3800000000012,4.248759124087582,155
2013-04-10,CA_1,CA,HOUSEHOLD,Wednesday,5,4,2013,NA,NA,NA,NA,1,0,0,641,2305.240000000004,4.649853951890031,296
2013-04-11,CA_1,CA,FOODS,Thursday,6,4,2013,NA,NA,NA,NA,0,0,0,2513,5774.099999999998,2.5326788631166126,567
2013-04-11,CA_1,CA,HOBBIES,Thursday,6,4,2013,NA,NA,NA,NA,0,0,0,382,1300.6700000000014,4.219580838323344,153
2013-04-11,CA_1,CA,HOUSEHOLD,Thursday,6,4,2013,NA,NA,NA,NA,0,0,0,746,2673.140000000001,4.507929656274981,314
2013-04-12,CA_1,CA,FOODS,Friday,7,4,2013,NA,NA,NA,NA,0,0,0,2576,6083.409999999995,2.5809872611464804,551
2013-04-12,CA_1,CA,HOBBIES,Friday,7,4,2013,NA,NA,NA,NA,0,0,0,525,1752.8100000000013,3.9965547263681485,160
2013-04-12,CA_1,CA,HOUSEHOLD,Friday,7,4,2013,NA,NA,NA,NA,0,0,0,724,2756.8799999999997,4.703668831168835,311
2013-04-13,CA_1,CA,FOODS,Saturday,1,4,2013,NA,NA,NA,NA,0,0,1,3255,7931.109999999988,2.5978996282527733,610
2013-04-13,CA_1,CA,HOBBIES,Saturday,1,4,2013,NA,NA,NA,NA,0,0,1,502,1685.4900000000018,3.9982397959183587,163
2013-04-13,CA_1,CA,HOUSEHOLD,Saturday,1,4,2013,NA,NA,NA,NA,0,0,1,980,3702.309999999998,4.444233171408748,367
2013-04-14,CA_1,CA,FOODS,Sunday,2,4,2013,NA,NA,NA,NA,0,0,1,3214,7927.649999999984,2.6193225371119957,630
2013-04-14,CA_1,CA,HOBBIES,Sunday,2,4,2013,NA,NA,NA,NA,0,0,1,685,2026.4600000000016,3.595158562367853,184
2013-04-14,CA_1,CA,HOUSEHOLD,Sunday,2,4,2013,NA,NA,NA,NA,0,0,1,1173,4381.039999999995,4.341821584529014,398
2013-04-15,CA_1,CA,FOODS,Monday,3,4,2013,NA,NA,NA,NA,0,0,0,2310,5818.6899999999905,2.726044336681659,544
2013-04-15,CA_1,CA,HOBBIES,Monday,3,4,2013,NA,NA,NA,NA,0,0,0,346,1306.810000000001,4.41132018209407,132
2013-04-15,CA_1,CA,HOUSEHOLD,Monday,3,4,2013,NA,NA,NA,NA,0,0,0,772,3001.9999999999986,4.690069875776402,312
2013-04-16,CA_1,CA,FOODS,Tuesday,4,4,2013,NA,NA,NA,NA,0,0,0,1946,4817.130000000004,2.709764798118367,516
2013-04-16,CA_1,CA,HOBBIES,Tuesday,4,4,2013,NA,NA,NA,NA,0,0,0,474,1350.790000000001,3.796795366795358,142
2013-04-16,CA_1,CA,HOUSEHOLD,Tuesday,4,4,2013,NA,NA,NA,NA,0,0,0,596,2161.1300000000024,4.744574652777775,272
2013-04-17,CA_1,CA,FOODS,Wednesday,5,4,2013,NA,NA,NA,NA,0,0,0,2128,5185.669999999995,2.6717017349575265,540
2013-04-17,CA_1,CA,HOBBIES,Wednesday,5,4,2013,NA,NA,NA,NA,0,0,0,371,1280.8900000000008,4.2929999999999895,146
2013-04-17,CA_1,CA,HOUSEHOLD,Wednesday,5,4,2013,NA,NA,NA,NA,0,0,0,580,2500.0100000000025,5.022724046140192,281
2013-04-18,CA_1,CA,FOODS,Thursday,6,4,2013,NA,NA,NA,NA,0,0,0,2013,4900.340000000002,2.6959500959692697,529
2013-04-18,CA_1,CA,HOBBIES,Thursday,6,4,2013,NA,NA,NA,NA,0,0,0,438,1351.670000000001,3.9662082777035947,134
2013-04-18,CA_1,CA,HOUSEHOLD,Thursday,6,4,2013,NA,NA,NA,NA,0,0,0,600,2464.7400000000025,4.916862745098038,306
2013-04-19,CA_1,CA,FOODS,Friday,7,4,2013,NA,NA,NA,NA,0,0,0,2680,6410.169999999989,2.591100404103183,584
2013-04-19,CA_1,CA,HOBBIES,Friday,7,4,2013,NA,NA,NA,NA,0,0,0,460,1771.9400000000019,4.341144827586195,180
2013-04-19,CA_1,CA,HOUSEHOLD,Friday,7,4,2013,NA,NA,NA,NA,0,0,0,747,3065.920000000002,4.830747967479676,345
2013-04-20,CA_1,CA,FOODS,Saturday,1,4,2013,NA,NA,NA,NA,0,0,1,3333,8092.819999999986,2.5885259587790084,630
2013-04-20,CA_1,CA,HOBBIES,Saturday,1,4,2013,NA,NA,NA,NA,0,0,1,608,1963.5100000000011,3.790723163841799,179
2013-04-20,CA_1,CA,HOUSEHOLD,Saturday,1,4,2013,NA,NA,NA,NA,0,0,1,982,4261.519999999998,4.836128113879008,410
2013-04-21,CA_1,CA,FOODS,Sunday,2,4,2013,NA,NA,NA,NA,0,0,1,3406,8191.009999999981,2.5636987341771995,586
2013-04-21,CA_1,CA,HOBBIES,Sunday,2,4,2013,NA,NA,NA,NA,0,0,1,552,1825.800000000002,3.9487014563106677,184
2013-04-21,CA_1,CA,HOUSEHOLD,Sunday,2,4,2013,NA,NA,NA,NA,0,0,1,1073,4549.660000000002,4.736666666666677,403
2013-04-22,CA_1,CA,FOODS,Monday,3,4,2013,NA,NA,NA,NA,0,0,0,2417,6066.139999999996,2.6760299999999835,547
2013-04-22,CA_1,CA,HOBBIES,Monday,3,4,2013,NA,NA,NA,NA,0,0,0,488,1494.1600000000014,3.9255694618272714,145
2013-04-22,CA_1,CA,HOUSEHOLD,Monday,3,4,2013,NA,NA,NA,NA,0,0,0,720,3049.9599999999987,4.864782608695652,334
2013-04-23,CA_1,CA,FOODS,Tuesday,4,4,2013,NA,NA,NA,NA,0,0,0,1956,5019.739999999997,2.7869926270857373,509
2013-04-23,CA_1,CA,HOBBIES,Tuesday,4,4,2013,NA,NA,NA,NA,0,0,0,512,1631.720000000001,3.891767614338678,159
2013-04-23,CA_1,CA,HOUSEHOLD,Tuesday,4,4,2013,NA,NA,NA,NA,0,0,0,569,2345.0500000000047,4.990902591599639,283
2013-04-24,CA_1,CA,FOODS,Wednesday,5,4,2013,NA,NA,NA,NA,0,0,0,2115,5540.259999999991,2.813218348623832,520
2013-04-24,CA_1,CA,HOBBIES,Wednesday,5,4,2013,NA,NA,NA,NA,0,0,0,348,1287.450000000001,4.44401503759397,139
2013-04-24,CA_1,CA,HOUSEHOLD,Wednesday,5,4,2013,NA,NA,NA,NA,0,0,0,610,2616.4300000000017,4.990387596899227,282
2013-04-25,CA_1,CA,FOODS,Thursday,6,4,2013,NA,NA,NA,NA,0,0,0,2126,5129.88,2.6613767850604004,525
2013-04-25,CA_1,CA,HOBBIES,Thursday,6,4,2013,NA,NA,NA,NA,0,0,0,442,1420.3600000000013,3.9962682602921533,145
2013-04-25,CA_1,CA,HOUSEHOLD,Thursday,6,4,2013,NA,NA,NA,NA,0,0,0,626,2662.8600000000024,4.95639585133967,302
2013-04-26,CA_1,CA,FOODS,Friday,7,4,2013,NA,NA,NA,NA,0,0,0,2506,6240.869999999988,2.6845045632333577,568
2013-04-26,CA_1,CA,HOBBIES,Friday,7,4,2013,NA,NA,NA,NA,0,0,0,559,1743.0100000000018,3.801938895417143,164
2013-04-26,CA_1,CA,HOUSEHOLD,Friday,7,4,2013,NA,NA,NA,NA,0,0,0,778,3314.7599999999966,4.819737261146499,355
2013-04-27,CA_1,CA,FOODS,Saturday,1,4,2013,NA,NA,NA,NA,0,0,1,3073,7667.099999999984,2.6259844487642137,609
2013-04-27,CA_1,CA,HOBBIES,Saturday,1,4,2013,NA,NA,NA,NA,0,0,1,666,2098.4000000000015,3.6320748663101474,196
2013-04-27,CA_1,CA,HOUSEHOLD,Saturday,1,4,2013,NA,NA,NA,NA,0,0,1,926,3742.1799999999976,4.684342199856227,371
2013-04-28,CA_1,CA,FOODS,Sunday,2,4,2013,NA,NA,NA,NA,0,0,1,3319,8541.539999999988,2.7099373368146025,626
2013-04-28,CA_1,CA,HOBBIES,Sunday,2,4,2013,NA,NA,NA,NA,0,0,1,367,1571.510000000002,4.593031203566104,159
2013-04-28,CA_1,CA,HOUSEHOLD,Sunday,2,4,2013,NA,NA,NA,NA,0,0,1,1037,4079.7899999999977,4.5327866666666745,373
2013-04-29,CA_1,CA,FOODS,Monday,3,4,2013,NA,NA,NA,NA,0,0,0,2472,6238.189999999996,2.727398026315773,569
2013-04-29,CA_1,CA,HOBBIES,Monday,3,4,2013,NA,NA,NA,NA,0,0,0,223,1027.9900000000007,4.801091854419391,111
2013-04-29,CA_1,CA,HOUSEHOLD,Monday,3,4,2013,NA,NA,NA,NA,0,0,0,643,2711.3099999999986,4.957977815699662,307
2013-04-30,CA_1,CA,FOODS,Tuesday,4,4,2013,NA,NA,NA,NA,0,0,0,2284,5431.99,2.650515927977821,533
2013-04-30,CA_1,CA,HOBBIES,Tuesday,4,4,2013,NA,NA,NA,NA,0,0,0,341,1065.1300000000003,4.10906804733726,130
2013-04-30,CA_1,CA,HOUSEHOLD,Tuesday,4,4,2013,NA,NA,NA,NA,0,0,0,651,2529.9900000000007,4.790261382799327,301
2013-05-01,CA_1,CA,FOODS,Wednesday,5,5,2013,NA,NA,NA,NA,1,0,0,2351,5653.509999999996,2.628829385513199,575
2013-05-01,CA_1,CA,HOBBIES,Wednesday,5,5,2013,NA,NA,NA,NA,1,0,0,361,1293.570000000001,4.271802325581381,138
2013-05-01,CA_1,CA,HOUSEHOLD,Wednesday,5,5,2013,NA,NA,NA,NA,1,0,0,744,2953.330000000001,4.705500400320258,331
2013-05-02,CA_1,CA,FOODS,Thursday,6,5,2013,NA,NA,NA,NA,1,0,0,2618,6380.979999999988,2.6382250945775345,583
2013-05-02,CA_1,CA,HOBBIES,Thursday,6,5,2013,NA,NA,NA,NA,1,0,0,288,1089.5800000000008,4.524152410575412,110
2013-05-02,CA_1,CA,HOUSEHOLD,Thursday,6,5,2013,NA,NA,NA,NA,1,0,0,698,2784.3900000000017,4.780442622950823,314
2013-05-03,CA_1,CA,FOODS,Friday,7,5,2013,NA,NA,NA,NA,1,0,0,3287,7843.649999999985,2.563593667546158,634
2013-05-03,CA_1,CA,HOBBIES,Friday,7,5,2013,NA,NA,NA,NA,1,0,0,298,1349.080000000001,4.801597444089441,137
2013-05-03,CA_1,CA,HOUSEHOLD,Friday,7,5,2013,NA,NA,NA,NA,1,0,0,870,3414.199999999998,4.656997019374069,364
2013-05-04,CA_1,CA,FOODS,Saturday,1,5,2013,NA,NA,NA,NA,1,0,1,3831,9372.689999999975,2.57410924176076,632
2013-05-04,CA_1,CA,HOBBIES,Saturday,1,5,2013,NA,NA,NA,NA,1,0,1,368,1700.330000000001,4.716771300448415,166
2013-05-04,CA_1,CA,HOUSEHOLD,Saturday,1,5,2013,NA,NA,NA,NA,1,0,1,1026,4216.349999999997,4.61520330806341,414
2013-05-05,CA_1,CA,FOODS,Sunday,2,5,2013,OrthodoxEaster,Religious,Cinco De Mayo,Cultural,1,1,1,3792,9204.289999999968,2.5554454056581557,655
2013-05-05,CA_1,CA,HOBBIES,Sunday,2,5,2013,OrthodoxEaster,Religious,Cinco De Mayo,Cultural,1,1,1,474,1888.3200000000022,4.289689119170971,169
2013-05-05,CA_1,CA,HOUSEHOLD,Sunday,2,5,2013,OrthodoxEaster,Religious,Cinco De Mayo,Cultural,1,1,1,1238,5184.9299999999985,4.623169856459335,405
2013-05-06,CA_1,CA,FOODS,Monday,3,5,2013,NA,NA,NA,NA,1,0,0,3075,7958.219999999982,2.7242893116955575,641
2013-05-06,CA_1,CA,HOBBIES,Monday,3,5,2013,NA,NA,NA,NA,1,0,0,351,1392.1500000000017,4.488534743202399,156
2013-05-06,CA_1,CA,HOUSEHOLD,Monday,3,5,2013,NA,NA,NA,NA,1,0,0,831,3365.539999999998,4.7020497362471785,343
2013-05-07,CA_1,CA,FOODS,Tuesday,4,5,2013,NA,NA,NA,NA,1,0,0,2636,6488.739999999987,2.649647535870226,570
2013-05-07,CA_1,CA,HOBBIES,Tuesday,4,5,2013,NA,NA,NA,NA,1,0,0,341,1140.0399999999997,4.265903083700425,127
2013-05-07,CA_1,CA,HOUSEHOLD,Tuesday,4,5,2013,NA,NA,NA,NA,1,0,0,668,2644.7900000000022,4.785267930750206,294
2013-05-08,CA_1,CA,FOODS,Wednesday,5,5,2013,NA,NA,NA,NA,1,0,0,2426,5901.029999999989,2.6245724782898923,572
2013-05-08,CA_1,CA,HOBBIES,Wednesday,5,5,2013,NA,NA,NA,NA,1,0,0,405,1221.5500000000009,4.003892709766148,145
2013-05-08,CA_1,CA,HOUSEHOLD,Wednesday,5,5,2013,NA,NA,NA,NA,1,0,0,711,2761.0500000000006,4.739659643435983,316
2013-05-09,CA_1,CA,FOODS,Thursday,6,5,2013,NA,NA,NA,NA,1,0,0,2629,6436.439999999989,2.634746456692894,594
2013-05-09,CA_1,CA,HOBBIES,Thursday,6,5,2013,NA,NA,NA,NA,1,0,0,373,1342.3000000000013,4.225136298421792,143
2013-05-09,CA_1,CA,HOUSEHOLD,Thursday,6,5,2013,NA,NA,NA,NA,1,0,0,631,2497.4600000000023,4.812944732297064,312
2013-05-10,CA_1,CA,FOODS,Friday,7,5,2013,NA,NA,NA,NA,1,0,0,3017,7711.859999999981,2.6796371882085994,629
2013-05-10,CA_1,CA,HOBBIES,Friday,7,5,2013,NA,NA,NA,NA,1,0,0,503,1687.4900000000018,3.958996235884552,173
2013-05-10,CA_1,CA,HOUSEHOLD,Friday,7,5,2013,NA,NA,NA,NA,1,0,0,772,3117.949999999999,4.751941594317289,344
2013-05-11,CA_1,CA,FOODS,Saturday,1,5,2013,NA,NA,NA,NA,0,0,1,4200,10015.039999999968,2.509525641025624,662
2013-05-11,CA_1,CA,HOBBIES,Saturday,1,5,2013,NA,NA,NA,NA,0,0,1,731,1879.750000000002,3.2775492125984127,183
2013-05-11,CA_1,CA,HOUSEHOLD,Saturday,1,5,2013,NA,NA,NA,NA,0,0,1,1110,4501.379999999999,4.605836550836556,398
2013-05-12,CA_1,CA,FOODS,Sunday,2,5,2013,Mother's day,Cultural,NA,NA,0,1,1,3265,7951.1099999999915,2.57790026246718,597
2013-05-12,CA_1,CA,HOBBIES,Sunday,2,5,2013,Mother's day,Cultural,NA,NA,0,1,1,357,1459.2100000000012,4.548946587537076,151
2013-05-12,CA_1,CA,HOUSEHOLD,Sunday,2,5,2013,Mother's day,Cultural,NA,NA,0,1,1,864,3419.0199999999995,4.628682284040999,340
2013-05-13,CA_1,CA,FOODS,Monday,3,5,2013,NA,NA,NA,NA,0,0,0,2591,6489.169999999983,2.671991108288328,584
2013-05-13,CA_1,CA,HOBBIES,Monday,3,5,2013,NA,NA,NA,NA,0,0,0,366,1459.9300000000005,4.406642228738988,152
2013-05-13,CA_1,CA,HOUSEHOLD,Monday,3,5,2013,NA,NA,NA,NA,0,0,0,834,3153.5799999999963,4.596504126031512,343
2013-05-14,CA_1,CA,FOODS,Tuesday,4,5,2013,NA,NA,NA,NA,0,0,0,2359,5818.039999999991,2.6775893769152,564
2013-05-14,CA_1,CA,HOBBIES,Tuesday,4,5,2013,NA,NA,NA,NA,0,0,0,428,1423.2700000000004,4.0826399999999845,146
2013-05-14,CA_1,CA,HOUSEHOLD,Tuesday,4,5,2013,NA,NA,NA,NA,0,0,0,777,2967.82,4.578111285266458,343
2013-05-15,CA_1,CA,FOODS,Wednesday,5,5,2013,NA,NA,NA,NA,0,0,0,2360,5863.179999999989,2.6908147129597615,593
2013-05-15,CA_1,CA,HOBBIES,Wednesday,5,5,2013,NA,NA,NA,NA,0,0,0,415,1664.9800000000018,4.480796703296688,155
2013-05-15,CA_1,CA,HOUSEHOLD,Wednesday,5,5,2013,NA,NA,NA,NA,0,0,0,717,2781.190000000001,4.689934906427991,330
2013-05-16,CA_1,CA,FOODS,Thursday,6,5,2013,NA,NA,NA,NA,0,0,0,2549,6316.359999999995,2.66306946688205,596
2013-05-16,CA_1,CA,HOBBIES,Thursday,6,5,2013,NA,NA,NA,NA,0,0,0,401,1661.2000000000012,4.47650280898875,157
2013-05-16,CA_1,CA,HOUSEHOLD,Thursday,6,5,2013,NA,NA,NA,NA,0,0,0,751,2891.3499999999985,4.638177496038038,331
2013-05-17,CA_1,CA,FOODS,Friday,7,5,2013,NA,NA,NA,NA,0,0,0,2835,6634.62999999999,2.5229207772795053,632
2013-05-17,CA_1,CA,HOBBIES,Friday,7,5,2013,NA,NA,NA,NA,0,0,0,482,1452.5400000000013,3.8935427135678253,154
2013-05-17,CA_1,CA,HOUSEHOLD,Friday,7,5,2013,NA,NA,NA,NA,0,0,0,809,2935.9399999999987,4.50605783866058,337
2013-05-18,CA_1,CA,FOODS,Saturday,1,5,2013,NA,NA,NA,NA,0,0,1,3162,7866.539999999987,2.630035538545635,653
2013-05-18,CA_1,CA,HOBBIES,Saturday,1,5,2013,NA,NA,NA,NA,0,0,1,565,1887.6400000000024,3.957074910820437,193
2013-05-18,CA_1,CA,HOUSEHOLD,Saturday,1,5,2013,NA,NA,NA,NA,0,0,1,1019,3840.4599999999978,4.450707002039434,391
2013-05-19,CA_1,CA,FOODS,Sunday,2,5,2013,NA,NA,NA,NA,0,0,1,3774,9814.419999999973,2.701303428839815,665
2013-05-19,CA_1,CA,HOBBIES,Sunday,2,5,2013,NA,NA,NA,NA,0,0,1,531,2069.250000000002,4.213977556109709,198
2013-05-19,CA_1,CA,HOUSEHOLD,Sunday,2,5,2013,NA,NA,NA,NA,0,0,1,1165,4578.799999999999,4.4677451592754585,407
2013-05-20,CA_1,CA,FOODS,Monday,3,5,2013,NA,NA,NA,NA,0,0,0,2657,6550.899999999994,2.646567441860447,581
2013-05-20,CA_1,CA,HOBBIES,Monday,3,5,2013,NA,NA,NA,NA,0,0,0,575,1793.2200000000012,3.8250627137970223,167
2013-05-20,CA_1,CA,HOUSEHOLD,Monday,3,5,2013,NA,NA,NA,NA,0,0,0,831,3092.93,4.511020864381527,332
2013-05-21,CA_1,CA,FOODS,Tuesday,4,5,2013,NA,NA,NA,NA,0,0,0,2451,5921.799999999987,2.6226139008978833,593
2013-05-21,CA_1,CA,HOBBIES,Tuesday,4,5,2013,NA,NA,NA,NA,0,0,0,462,1290.5500000000009,3.808092189500626,150
2013-05-21,CA_1,CA,HOUSEHOLD,Tuesday,4,5,2013,NA,NA,NA,NA,0,0,0,713,2824.410000000001,4.7270611916264125,314
2013-05-22,CA_1,CA,FOODS,Wednesday,5,5,2013,NA,NA,NA,NA,0,0,0,2269,5530.029999999994,2.66364561403507,568
2013-05-22,CA_1,CA,HOBBIES,Wednesday,5,5,2013,NA,NA,NA,NA,0,0,0,524,1546.8600000000015,3.8040771028037215,137
2013-05-22,CA_1,CA,HOUSEHOLD,Wednesday,5,5,2013,NA,NA,NA,NA,0,0,0,680,2792.820000000001,4.8252013422818765,331
2013-05-23,CA_1,CA,FOODS,Thursday,6,5,2013,NA,NA,NA,NA,0,0,0,2466,5774.259999999997,2.5892310220177275,572
2013-05-23,CA_1,CA,HOBBIES,Thursday,6,5,2013,NA,NA,NA,NA,0,0,0,431,1491.7300000000018,4.171639784946222,156
2013-05-23,CA_1,CA,HOUSEHOLD,Thursday,6,5,2013,NA,NA,NA,NA,0,0,0,683,2755.9399999999996,4.793787128712871,314
2013-05-24,CA_1,CA,FOODS,Friday,7,5,2013,NA,NA,NA,NA,0,0,0,3010,7163.219999999982,2.5566006227002402,626
2013-05-24,CA_1,CA,HOBBIES,Friday,7,5,2013,NA,NA,NA,NA,0,0,0,534,1759.3600000000017,3.9634730538922005,168
2013-05-24,CA_1,CA,HOUSEHOLD,Friday,7,5,2013,NA,NA,NA,NA,0,0,0,846,3465.1099999999965,4.740575916230372,352
2013-05-25,CA_1,CA,FOODS,Saturday,1,5,2013,NA,NA,NA,NA,0,0,1,3182,7811.709999999974,2.6109622179940017,655
2013-05-25,CA_1,CA,HOBBIES,Saturday,1,5,2013,NA,NA,NA,NA,0,0,1,610,1769.5300000000018,3.6784983314794095,180
2013-05-25,CA_1,CA,HOUSEHOLD,Saturday,1,5,2013,NA,NA,NA,NA,0,0,1,974,3921.169999999998,4.6483484954513665,389
2013-05-26,CA_1,CA,FOODS,Sunday,2,5,2013,NA,NA,NA,NA,0,0,1,2976,7232.6699999999855,2.596745511541732,619
2013-05-26,CA_1,CA,HOBBIES,Sunday,2,5,2013,NA,NA,NA,NA,0,0,1,537,1777.0900000000026,3.9074970059880094,171
2013-05-26,CA_1,CA,HOUSEHOLD,Sunday,2,5,2013,NA,NA,NA,NA,0,0,1,903,3584.469999999998,4.6400725689405,369
2013-05-27,CA_1,CA,FOODS,Monday,3,5,2013,MemorialDay,National,NA,NA,0,1,0,2985,7633.14999999999,2.7067437214611707,633
2013-05-27,CA_1,CA,HOBBIES,Monday,3,5,2013,MemorialDay,National,NA,NA,0,1,0,481,1839.4300000000017,4.267337579617821,165
2013-05-27,CA_1,CA,HOUSEHOLD,Monday,3,5,2013,MemorialDay,National,NA,NA,0,1,0,924,3760.239999999996,4.671841541755888,367
2013-05-28,CA_1,CA,FOODS,Tuesday,4,5,2013,NA,NA,NA,NA,0,0,0,2300,5622.909999999992,2.6779701077511078,575
2013-05-28,CA_1,CA,HOBBIES,Tuesday,4,5,2013,NA,NA,NA,NA,0,0,0,507,1604.0600000000009,3.9088754534461754,149
2013-05-28,CA_1,CA,HOUSEHOLD,Tuesday,4,5,2013,NA,NA,NA,NA,0,0,0,768,3204.4899999999984,4.8152964118564805,330
2013-05-29,CA_1,CA,FOODS,Wednesday,5,5,2013,NA,NA,NA,NA,0,0,0,2110,5083.26,2.6782178584660823,563
2013-05-29,CA_1,CA,HOBBIES,Wednesday,5,5,2013,NA,NA,NA,NA,0,0,0,344,1325.3900000000006,4.421342182890841,135
2013-05-29,CA_1,CA,HOUSEHOLD,Wednesday,5,5,2013,NA,NA,NA,NA,0,0,0,650,2495.4900000000007,4.784958471760802,290
2013-05-30,CA_1,CA,FOODS,Thursday,6,5,2013,NA,NA,NA,NA,0,0,0,2321,5404.379999999998,2.57671364730146,564
2013-05-30,CA_1,CA,HOBBIES,Thursday,6,5,2013,NA,NA,NA,NA,0,0,0,438,1570.5200000000011,4.224087301587285,151
2013-05-30,CA_1,CA,HOUSEHOLD,Thursday,6,5,2013,NA,NA,NA,NA,0,0,0,680,2656.0299999999997,4.750523255813954,320
2013-05-31,CA_1,CA,FOODS,Friday,7,5,2013,NA,NA,NA,NA,0,0,0,3095,7530.779999999986,2.617251106194674,631
2013-05-31,CA_1,CA,HOBBIES,Friday,7,5,2013,NA,NA,NA,NA,0,0,0,470,1602.8600000000017,4.090451612903211,164
2013-05-31,CA_1,CA,HOUSEHOLD,Friday,7,5,2013,NA,NA,NA,NA,0,0,0,828,3063.9399999999946,4.506042296072509,348
2013-06-01,CA_1,CA,FOODS,Saturday,1,6,2013,NA,NA,NA,NA,1,0,1,3856,9234.209999999981,2.5364784512560328,671
2013-06-01,CA_1,CA,HOBBIES,Saturday,1,6,2013,NA,NA,NA,NA,1,0,1,657,2364.51,4.089347593582874,195
2013-06-01,CA_1,CA,HOUSEHOLD,Saturday,1,6,2013,NA,NA,NA,NA,1,0,1,1141,4542.259999999997,4.49994289340102,410
2013-06-02,CA_1,CA,FOODS,Sunday,2,6,2013,NA,NA,NA,NA,1,0,1,3982,10083.429999999973,2.6506418918918757,696
2013-06-02,CA_1,CA,HOBBIES,Sunday,2,6,2013,NA,NA,NA,NA,1,0,1,705,2160.1,3.6561316872427874,206
2013-06-02,CA_1,CA,HOUSEHOLD,Sunday,2,6,2013,NA,NA,NA,NA,1,0,1,1300,5204.060000000002,4.478912158231536,426
2013-06-03,CA_1,CA,FOODS,Monday,3,6,2013,NA,NA,NA,NA,1,0,0,2966,7630.759999999982,2.7177567412506978,634
2013-06-03,CA_1,CA,HOBBIES,Monday,3,6,2013,NA,NA,NA,NA,1,0,0,656,2000.5100000000014,3.6211122881355773,185
2013-06-03,CA_1,CA,HOUSEHOLD,Monday,3,6,2013,NA,NA,NA,NA,1,0,0,980,3745.3699999999953,4.523195020746893,379
2013-06-04,CA_1,CA,FOODS,Tuesday,4,6,2013,NA,NA,NA,NA,1,0,0,2694,6472.2299999999905,2.6084071893399283,621
2013-06-04,CA_1,CA,HOBBIES,Tuesday,4,6,2013,NA,NA,NA,NA,1,0,0,388,1477.5400000000013,4.314744318181803,157
2013-06-04,CA_1,CA,HOUSEHOLD,Tuesday,4,6,2013,NA,NA,NA,NA,1,0,0,775,3107.5199999999995,4.734891808346218,326
2013-06-05,CA_1,CA,FOODS,Wednesday,5,6,2013,NA,NA,NA,NA,1,0,0,2842,6588.349999999987,2.5333441750443355,614
2013-06-05,CA_1,CA,HOBBIES,Wednesday,5,6,2013,NA,NA,NA,NA,1,0,0,623,1647.4300000000012,3.4773333333333194,151
2013-06-05,CA_1,CA,HOUSEHOLD,Wednesday,5,6,2013,NA,NA,NA,NA,1,0,0,709,2720.58,4.711262135922329,318
2013-06-06,CA_1,CA,FOODS,Thursday,6,6,2013,NBAFinalsStart,Sporting,NA,NA,1,1,0,2120,5141.659999999998,2.6774090247452498,526
2013-06-06,CA_1,CA,HOBBIES,Thursday,6,6,2013,NBAFinalsStart,Sporting,NA,NA,1,1,0,396,1392.1500000000015,4.2134604904631985,135
2013-06-06,CA_1,CA,HOUSEHOLD,Thursday,6,6,2013,NBAFinalsStart,Sporting,NA,NA,1,1,0,532,2024.7900000000052,4.870332434860735,264
2013-06-07,CA_1,CA,FOODS,Friday,7,6,2013,NA,NA,NA,NA,1,0,0,3358,8319.749999999978,2.6294370946822125,657
2013-06-07,CA_1,CA,HOBBIES,Friday,7,6,2013,NA,NA,NA,NA,1,0,0,587,1665.6400000000017,3.6583820224718977,170
2013-06-07,CA_1,CA,HOUSEHOLD,Friday,7,6,2013,NA,NA,NA,NA,1,0,0,838,3114.1799999999976,4.589955423476976,337
2013-06-08,CA_1,CA,FOODS,Saturday,1,6,2013,NA,NA,NA,NA,1,0,1,4011,9517.3399999999765,2.5256336149399554,671
2013-06-08,CA_1,CA,HOBBIES,Saturday,1,6,2013,NA,NA,NA,NA,1,0,1,581,2105.1400000000012,4.020681293302523,189
2013-06-08,CA_1,CA,HOUSEHOLD,Saturday,1,6,2013,NA,NA,NA,NA,1,0,1,1122,4433.87,4.488486005089066,397
2013-06-09,CA_1,CA,FOODS,Sunday,2,6,2013,NA,NA,NA,NA,1,0,1,4186,10846.679999999973,2.687073589358492,683
2013-06-09,CA_1,CA,HOBBIES,Sunday,2,6,2013,NA,NA,NA,NA,1,0,1,670,2240.570000000001,3.8386272439281828,197
2013-06-09,CA_1,CA,HOUSEHOLD,Sunday,2,6,2013,NA,NA,NA,NA,1,0,1,1235,4674.9100000000035,4.351553855208955,383
2013-06-10,CA_1,CA,FOODS,Monday,3,6,2013,NA,NA,NA,NA,1,0,0,3336,8165.069999999983,2.596926677067065,648
2013-06-10,CA_1,CA,HOBBIES,Monday,3,6,2013,NA,NA,NA,NA,1,0,0,516,1565.2200000000016,3.7890602409638414,160
2013-06-10,CA_1,CA,HOUSEHOLD,Monday,3,6,2013,NA,NA,NA,NA,1,0,0,820,3091.0599999999995,4.636321321321326,335
2013-06-11,CA_1,CA,FOODS,Tuesday,4,6,2013,NA,NA,NA,NA,0,0,0,2612,6353.919999999992,2.642159090909072,602
2013-06-11,CA_1,CA,HOBBIES,Tuesday,4,6,2013,NA,NA,NA,NA,0,0,0,463,1477.4300000000023,3.9991050583657435,166
2013-06-11,CA_1,CA,HOUSEHOLD,Tuesday,4,6,2013,NA,NA,NA,NA,0,0,0,784,3119.7499999999986,4.70451238390093,339
2013-06-12,CA_1,CA,FOODS,Wednesday,5,6,2013,NA,NA,NA,NA,0,0,0,2649,6345.729999999991,2.6144662921348134,603
2013-06-12,CA_1,CA,HOBBIES,Wednesday,5,6,2013,NA,NA,NA,NA,0,0,0,489,1329.9500000000007,3.612775061124681,145
2013-06-12,CA_1,CA,HOUSEHOLD,Wednesday,5,6,2013,NA,NA,NA,NA,0,0,0,627,2497.460000000001,4.82401845637584,282
2013-06-13,CA_1,CA,FOODS,Thursday,6,6,2013,NA,NA,NA,NA,0,0,0,2738,6444.909999999987,2.571876716508983,619
2013-06-13,CA_1,CA,HOBBIES,Thursday,6,6,2013,NA,NA,NA,NA,0,0,0,470,1571.370000000002,4.0796060991105305,157
2013-06-13,CA_1,CA,HOUSEHOLD,Thursday,6,6,2013,NA,NA,NA,NA,0,0,0,702,2869,4.813349713349714,328
2013-06-14,CA_1,CA,FOODS,Friday,7,6,2013,NA,NA,NA,NA,0,0,0,3523,8237.249999999984,2.5109915296462195,667
2013-06-14,CA_1,CA,HOBBIES,Friday,7,6,2013,NA,NA,NA,NA,0,0,0,458,1790.0300000000016,4.294644736842088,172
2013-06-14,CA_1,CA,HOUSEHOLD,Friday,7,6,2013,NA,NA,NA,NA,0,0,0,801,3227.889999999998,4.727346153846155,348
2013-06-15,CA_1,CA,FOODS,Saturday,1,6,2013,NA,NA,NA,NA,0,0,1,3936,9189.34999999998,2.489520253450994,677
2013-06-15,CA_1,CA,HOBBIES,Saturday,1,6,2013,NA,NA,NA,NA,0,0,1,603,1926.220000000001,3.8079530201342133,183
2013-06-15,CA_1,CA,HOUSEHOLD,Saturday,1,6,2013,NA,NA,NA,NA,0,0,1,987,4129.589999999999,4.742088827203336,393
2013-06-16,CA_1,CA,FOODS,Sunday,2,6,2013,Father's day,Cultural,NA,NA,0,1,1,3373,7978.029999999985,2.542340206185549,653
2013-06-16,CA_1,CA,HOBBIES,Sunday,2,6,2013,Father's day,Cultural,NA,NA,0,1,1,461,1573.7400000000016,4.094915693904005,164
2013-06-16,CA_1,CA,HOUSEHOLD,Sunday,2,6,2013,Father's day,Cultural,NA,NA,0,1,1,884,3499.079999999999,4.622551020408167,359
2013-06-17,CA_1,CA,FOODS,Monday,3,6,2013,NA,NA,NA,NA,0,0,0,2624,6093.279999999997,2.56129687499998,584
2013-06-17,CA_1,CA,HOBBIES,Monday,3,6,2013,NA,NA,NA,NA,0,0,0,504,1477.490000000001,3.7180569306930553,170
2013-06-17,CA_1,CA,HOUSEHOLD,Monday,3,6,2013,NA,NA,NA,NA,0,0,0,688,2906.539999999999,4.881222672064781,300
2013-06-18,CA_1,CA,FOODS,Tuesday,4,6,2013,NA,NA,NA,NA,0,0,0,2530,5969.819999999985,2.594214929214911,582
2013-06-18,CA_1,CA,HOBBIES,Tuesday,4,6,2013,NA,NA,NA,NA,0,0,0,495,1426.6700000000014,3.757346200241241,140
2013-06-18,CA_1,CA,HOUSEHOLD,Tuesday,4,6,2013,NA,NA,NA,NA,0,0,0,747,3066.6700000000014,4.7778199052132715,328
2013-06-19,CA_1,CA,FOODS,Wednesday,5,6,2013,NA,NA,NA,NA,0,0,0,2246,5249.359999999996,2.6117248677248495,571
2013-06-19,CA_1,CA,HOBBIES,Wednesday,5,6,2013,NA,NA,NA,NA,0,0,0,379,1449.5200000000013,4.4269197707736225,155
2013-06-19,CA_1,CA,HOUSEHOLD,Wednesday,5,6,2013,NA,NA,NA,NA,0,0,0,725,2884.5099999999993,4.779689542483661,348
2013-06-20,CA_1,CA,FOODS,Thursday,6,6,2013,NBAFinalsEnd,Sporting,NA,NA,0,1,0,2567,6042.569999999987,2.5960909669211016,583
2013-06-20,CA_1,CA,HOBBIES,Thursday,6,6,2013,NBAFinalsEnd,Sporting,NA,NA,0,1,0,434,1435.0700000000004,4.054515706806267,144
2013-06-20,CA_1,CA,HOUSEHOLD,Thursday,6,6,2013,NBAFinalsEnd,Sporting,NA,NA,0,1,0,769,3168.519999999997,4.7664841269841345,356
2013-06-21,CA_1,CA,FOODS,Friday,7,6,2013,NA,NA,NA,NA,0,0,0,3308,7277.899999999991,2.4127881619937557,616
2013-06-21,CA_1,CA,HOBBIES,Friday,7,6,2013,NA,NA,NA,NA,0,0,0,629,1573.0700000000022,3.4596901709401573,167
2013-06-21,CA_1,CA,HOUSEHOLD,Friday,7,6,2013,NA,NA,NA,NA,0,0,0,933,3807.559999999997,4.725207142857149,380
2013-06-22,CA_1,CA,FOODS,Saturday,1,6,2013,NA,NA,NA,NA,0,0,1,3766,8620.619999999984,2.454017962656568,696
2013-06-22,CA_1,CA,HOBBIES,Saturday,1,6,2013,NA,NA,NA,NA,0,0,1,495,1903.1800000000014,4.205888324873082,185
2013-06-22,CA_1,CA,HOUSEHOLD,Saturday,1,6,2013,NA,NA,NA,NA,0,0,1,952,3632.509999999999,4.539846582984659,365
2013-06-23,CA_1,CA,FOODS,Sunday,2,6,2013,NA,NA,NA,NA,0,0,1,3790,9080.79999999997,2.5427409496943882,697
2013-06-23,CA_1,CA,HOBBIES,Sunday,2,6,2013,NA,NA,NA,NA,0,0,1,571,2104.4300000000017,4.09418713450291,194
2013-06-23,CA_1,CA,HOUSEHOLD,Sunday,2,6,2013,NA,NA,NA,NA,0,0,1,1144,4557.950000000002,4.51573677581865,403
2013-06-24,CA_1,CA,FOODS,Monday,3,6,2013,NA,NA,NA,NA,0,0,0,2659,6499.169999999993,2.641803124999979,620
2013-06-24,CA_1,CA,HOBBIES,Monday,3,6,2013,NA,NA,NA,NA,0,0,0,499,1824.150000000002,4.141236093943124,168
2013-06-24,CA_1,CA,HOUSEHOLD,Monday,3,6,2013,NA,NA,NA,NA,0,0,0,827,3152.3499999999985,4.609171732522805,358
2013-06-25,CA_1,CA,FOODS,Tuesday,4,6,2013,NA,NA,NA,NA,0,0,0,2298,5422.55999999999,2.6273421695151544,592
2013-06-25,CA_1,CA,HOBBIES,Tuesday,4,6,2013,NA,NA,NA,NA,0,0,0,558,1602.2300000000012,3.6524577226606407,149
2013-06-25,CA_1,CA,HOUSEHOLD,Tuesday,4,6,2013,NA,NA,NA,NA,0,0,0,785,3046.0300000000025,4.6942157612853945,325
2013-06-26,CA_1,CA,FOODS,Wednesday,5,6,2013,NA,NA,NA,NA,0,0,0,2637,6112.409999999998,2.5569868585732007,602
2013-06-26,CA_1,CA,HOBBIES,Wednesday,5,6,2013,NA,NA,NA,NA,0,0,0,408,1377.6000000000015,4.077658142664854,143
2013-06-26,CA_1,CA,HOUSEHOLD,Wednesday,5,6,2013,NA,NA,NA,NA,0,0,0,674,2728.380000000003,4.848805719091675,332
2013-06-27,CA_1,CA,FOODS,Thursday,6,6,2013,NA,NA,NA,NA,0,0,0,2610,6189.789999999992,2.5953542061985924,609
2013-06-27,CA_1,CA,HOBBIES,Thursday,6,6,2013,NA,NA,NA,NA,0,0,0,367,1337.2100000000007,4.280495049504932,138
2013-06-27,CA_1,CA,HOUSEHOLD,Thursday,6,6,2013,NA,NA,NA,NA,0,0,0,658,2649.6900000000014,4.8237885095753565,304
2013-06-28,CA_1,CA,FOODS,Friday,7,6,2013,NA,NA,NA,NA,0,0,0,3651,8508.389999999992,2.5074620756079815,659
2013-06-28,CA_1,CA,HOBBIES,Friday,7,6,2013,NA,NA,NA,NA,0,0,0,432,1739.2300000000025,4.3736448598130675,161
2013-06-28,CA_1,CA,HOUSEHOLD,Friday,7,6,2013,NA,NA,NA,NA,0,0,0,812,3127.749999999999,4.671340996168587,354
2013-06-29,CA_1,CA,FOODS,Saturday,1,6,2013,NA,NA,NA,NA,0,0,1,4075,9552.289999999983,2.499776511831712,684
2013-06-29,CA_1,CA,HOBBIES,Saturday,1,6,2013,NA,NA,NA,NA,0,0,1,399,1842.6700000000008,4.615313807531362,162
2013-06-29,CA_1,CA,HOUSEHOLD,Saturday,1,6,2013,NA,NA,NA,NA,0,0,1,1011,4175.470000000003,4.681088573360383,384
2013-06-30,CA_1,CA,FOODS,Sunday,2,6,2013,NA,NA,NA,NA,0,0,1,4077,9897.269999999975,2.577451108213806,648
2013-06-30,CA_1,CA,HOBBIES,Sunday,2,6,2013,NA,NA,NA,NA,0,0,1,575,1873.6200000000017,3.862990867579896,179
2013-06-30,CA_1,CA,HOUSEHOLD,Sunday,2,6,2013,NA,NA,NA,NA,0,0,1,1130,4438.969999999997,4.504435279187827,406
2013-07-01,CA_1,CA,FOODS,Monday,3,7,2013,NA,NA,NA,NA,1,0,0,3672,8437.709999999985,2.469188804554065,629
2013-07-01,CA_1,CA,HOBBIES,Monday,3,7,2013,NA,NA,NA,NA,1,0,0,516,1582.0900000000006,3.770770142180078,152
2013-07-01,CA_1,CA,HOUSEHOLD,Monday,3,7,2013,NA,NA,NA,NA,1,0,0,864,3371.2900000000004,4.638298027757495,347
2013-07-02,CA_1,CA,FOODS,Tuesday,4,7,2013,NA,NA,NA,NA,1,0,0,3559,8593.179999999984,2.585410757946193,642
2013-07-02,CA_1,CA,HOBBIES,Tuesday,4,7,2013,NA,NA,NA,NA,1,0,0,366,1378.7300000000014,4.400862573099396,162
2013-07-02,CA_1,CA,HOUSEHOLD,Tuesday,4,7,2013,NA,NA,NA,NA,1,0,0,820,3248.399999999998,4.673623853211014,364
2013-07-03,CA_1,CA,FOODS,Wednesday,5,7,2013,NA,NA,NA,NA,1,0,0,3874,9442.789999999983,2.588461013866773,648
2013-07-03,CA_1,CA,HOBBIES,Wednesday,5,7,2013,NA,NA,NA,NA,1,0,0,565,2019.8600000000015,4.072277456647384,180
2013-07-03,CA_1,CA,HOUSEHOLD,Wednesday,5,7,2013,NA,NA,NA,NA,1,0,0,856,3537.930000000001,4.707428361498906,347
2013-07-04,CA_1,CA,FOODS,Thursday,6,7,2013,IndependenceDay,National,NA,NA,1,1,0,3504,8167.629999999983,2.523683825323232,578
2013-07-04,CA_1,CA,HOBBIES,Thursday,6,7,2013,IndependenceDay,National,NA,NA,1,1,0,455,1268.9500000000012,3.8217407407407253,125
2013-07-04,CA_1,CA,HOUSEHOLD,Thursday,6,7,2013,IndependenceDay,National,NA,NA,1,1,0,648,2750.7099999999987,4.931358024691363,285
2013-07-05,CA_1,CA,FOODS,Friday,7,7,2013,NA,NA,NA,NA,1,0,0,3799,8880.329999999976,2.515062413314823,646
2013-07-05,CA_1,CA,HOBBIES,Friday,7,7,2013,NA,NA,NA,NA,1,0,0,476,1909.7200000000018,4.325972045743313,169
2013-07-05,CA_1,CA,HOUSEHOLD,Friday,7,7,2013,NA,NA,NA,NA,1,0,0,829,3216.45,4.643866666666672,331
2013-07-06,CA_1,CA,FOODS,Saturday,1,7,2013,NA,NA,NA,NA,1,0,1,3445,8208.789999999988,2.561341524573702,630
2013-07-06,CA_1,CA,HOBBIES,Saturday,1,7,2013,NA,NA,NA,NA,1,0,1,484,1873.8100000000015,4.295181932245907,168
2013-07-06,CA_1,CA,HOUSEHOLD,Saturday,1,7,2013,NA,NA,NA,NA,1,0,1,924,3724.7600000000016,4.654197002141331,376
2013-07-07,CA_1,CA,FOODS,Sunday,2,7,2013,NA,NA,NA,NA,1,0,1,4336,10614.329999999976,2.575551172929194,692
2013-07-07,CA_1,CA,HOBBIES,Sunday,2,7,2013,NA,NA,NA,NA,1,0,1,554,1907.4700000000014,3.9524214202560963,176
2013-07-07,CA_1,CA,HOUSEHOLD,Sunday,2,7,2013,NA,NA,NA,NA,1,0,1,1175,4613.659999999999,4.48899938987188,389
2013-07-08,CA_1,CA,FOODS,Monday,3,7,2013,NA,NA,NA,NA,1,0,0,3254,7581.199999999996,2.5195905969360664,641
2013-07-08,CA_1,CA,HOBBIES,Monday,3,7,2013,NA,NA,NA,NA,1,0,0,386,1556.0100000000018,4.402619718309842,157
2013-07-08,CA_1,CA,HOUSEHOLD,Monday,3,7,2013,NA,NA,NA,NA,1,0,0,790,3174.6599999999985,4.7676946800308455,346
2013-07-09,CA_1,CA,FOODS,Tuesday,4,7,2013,Ramadan starts,Religious,NA,NA,1,1,0,3081,7430.549999999988,2.599064408661839,652
2013-07-09,CA_1,CA,HOBBIES,Tuesday,4,7,2013,Ramadan starts,Religious,NA,NA,1,1,0,350,1474.6200000000008,4.538120411160039,150
2013-07-09,CA_1,CA,HOUSEHOLD,Tuesday,4,7,2013,Ramadan starts,Religious,NA,NA,1,1,0,745,3140.559999999996,4.861104883907132,349
2013-07-10,CA_1,CA,FOODS,Wednesday,5,7,2013,NA,NA,NA,NA,1,0,0,3125,7382.999999999988,2.564801414581049,622
2013-07-10,CA_1,CA,HOBBIES,Wednesday,5,7,2013,NA,NA,NA,NA,1,0,0,330,1431.1100000000015,4.643684210526299,146
2013-07-10,CA_1,CA,HOUSEHOLD,Wednesday,5,7,2013,NA,NA,NA,NA,1,0,0,728,2924.3499999999995,4.729360000000004,331
2013-07-11,CA_1,CA,FOODS,Thursday,6,7,2013,NA,NA,NA,NA,0,0,0,2888,6744.719999999981,2.5492229336437537,625
2013-07-11,CA_1,CA,HOBBIES,Thursday,6,7,2013,NA,NA,NA,NA,0,0,0,395,1664.0800000000006,4.507216066481977,154
2013-07-11,CA_1,CA,HOUSEHOLD,Thursday,6,7,2013,NA,NA,NA,NA,0,0,0,693,2734.1300000000024,4.778725165562912,338
2013-07-12,CA_1,CA,FOODS,Friday,7,7,2013,NA,NA,NA,NA,0,0,0,3376,7653.219999999983,2.4663865330249153,658
2013-07-12,CA_1,CA,HOBBIES,Friday,7,7,2013,NA,NA,NA,NA,0,0,0,543,2085.2,4.168513356562121,163
2013-07-12,CA_1,CA,HOUSEHOLD,Friday,7,7,2013,NA,NA,NA,NA,0,0,0,991,3738.359999999999,4.506570275722941,357
2013-07-13,CA_1,CA,FOODS,Saturday,1,7,2013,NA,NA,NA,NA,0,0,1,3725,8647.639999999976,2.4754314841156804,681
2013-07-13,CA_1,CA,HOBBIES,Saturday,1,7,2013,NA,NA,NA,NA,0,0,1,510,1999.2200000000018,4.225510455104535,182
2013-07-13,CA_1,CA,HOUSEHOLD,Saturday,1,7,2013,NA,NA,NA,NA,0,0,1,1040,4230.689999999994,4.604983119513852,416
2013-07-14,CA_1,CA,FOODS,Sunday,2,7,2013,NA,NA,NA,NA,0,0,1,4179,10258.119999999974,2.5868079640333828,682
2013-07-14,CA_1,CA,HOBBIES,Sunday,2,7,2013,NA,NA,NA,NA,0,0,1,694,2091.1000000000017,3.5903160040774575,198
2013-07-14,CA_1,CA,HOUSEHOLD,Sunday,2,7,2013,NA,NA,NA,NA,0,0,1,1164,4650.590000000004,4.544118008604805,394
2013-07-15,CA_1,CA,FOODS,Monday,3,7,2013,NA,NA,NA,NA,0,0,0,2888,7177.909999999993,2.6771814223512167,617
2013-07-15,CA_1,CA,HOBBIES,Monday,3,7,2013,NA,NA,NA,NA,0,0,0,409,1530.7700000000007,4.350979591836718,159
2013-07-15,CA_1,CA,HOUSEHOLD,Monday,3,7,2013,NA,NA,NA,NA,0,0,0,819,3394.859999999998,4.7426980568012045,338
2013-07-16,CA_1,CA,FOODS,Tuesday,4,7,2013,NA,NA,NA,NA,0,0,0,2719,6336.539999999988,2.557290969899645,604
2013-07-16,CA_1,CA,HOBBIES,Tuesday,4,7,2013,NA,NA,NA,NA,0,0,0,438,1441.000000000001,4.0447035573122365,164
2013-07-16,CA_1,CA,HOUSEHOLD,Tuesday,4,7,2013,NA,NA,NA,NA,0,0,0,694,2533.2100000000005,4.63147435897436,303
2013-07-17,CA_1,CA,FOODS,Wednesday,5,7,2013,NA,NA,NA,NA,0,0,0,2728,6280.429999999987,2.5360653753026443,598
2013-07-17,CA_1,CA,HOBBIES,Wednesday,5,7,2013,NA,NA,NA,NA,0,0,0,364,1422.7800000000013,4.495365853658523,152
2013-07-17,CA_1,CA,HOUSEHOLD,Wednesday,5,7,2013,NA,NA,NA,NA,0,0,0,672,2603.490000000001,4.729805668016199,294
2013-07-18,CA_1,CA,FOODS,Thursday,6,7,2013,NA,NA,NA,NA,0,0,0,2828,6622.389999999992,2.5646061140505423,600
2013-07-18,CA_1,CA,HOBBIES,Thursday,6,7,2013,NA,NA,NA,NA,0,0,0,329,1235.430000000001,4.437336309523791,142
2013-07-18,CA_1,CA,HOUSEHOLD,Thursday,6,7,2013,NA,NA,NA,NA,0,0,0,735,2744.3199999999983,4.626201248049924,310
2013-07-19,CA_1,CA,FOODS,Friday,7,7,2013,NA,NA,NA,NA,0,0,0,3203,7425.189999999988,2.517296573875784,641
2013-07-19,CA_1,CA,HOBBIES,Friday,7,7,2013,NA,NA,NA,NA,0,0,0,531,1959.9700000000014,4.170191387559793,180
2013-07-19,CA_1,CA,HOUSEHOLD,Friday,7,7,2013,NA,NA,NA,NA,0,0,0,940,3572.119999999997,4.488706293706299,367
2013-07-20,CA_1,CA,FOODS,Saturday,1,7,2013,NA,NA,NA,NA,0,0,1,3799,8804.059999999978,2.487933519293335,672
2013-07-20,CA_1,CA,HOBBIES,Saturday,1,7,2013,NA,NA,NA,NA,0,0,1,636,2308.8500000000017,4.106794871794858,188
2013-07-20,CA_1,CA,HOUSEHOLD,Saturday,1,7,2013,NA,NA,NA,NA,0,0,1,1103,4003.0699999999983,4.323559214692852,386
2013-07-21,CA_1,CA,FOODS,Sunday,2,7,2013,NA,NA,NA,NA,0,0,1,3908,9155.299999999974,2.496927615157686,676
2013-07-21,CA_1,CA,HOBBIES,Sunday,2,7,2013,NA,NA,NA,NA,0,0,1,754,2380.320000000001,3.6799421965317807,204
2013-07-21,CA_1,CA,HOUSEHOLD,Sunday,2,7,2013,NA,NA,NA,NA,0,0,1,1251,4779.779999999996,4.401061583577723,408
2013-07-22,CA_1,CA,FOODS,Monday,3,7,2013,NA,NA,NA,NA,0,0,0,2777,6658.039999999985,2.6092870090634266,642
2013-07-22,CA_1,CA,HOBBIES,Monday,3,7,2013,NA,NA,NA,NA,0,0,0,349,1485.260000000001,4.726544655929704,154
2013-07-22,CA_1,CA,HOUSEHOLD,Monday,3,7,2013,NA,NA,NA,NA,0,0,0,812,3240.4300000000003,4.731925981873121,350
2013-07-23,CA_1,CA,FOODS,Tuesday,4,7,2013,NA,NA,NA,NA,0,0,0,2714,6301.719999999993,2.563748112352745,578
2013-07-23,CA_1,CA,HOBBIES,Tuesday,4,7,2013,NA,NA,NA,NA,0,0,0,444,1620.320000000001,4.256496163682845,150
2013-07-23,CA_1,CA,HOUSEHOLD,Tuesday,4,7,2013,NA,NA,NA,NA,0,0,0,727,2595.830000000002,4.560926216640505,315
2013-07-24,CA_1,CA,FOODS,Wednesday,5,7,2013,NA,NA,NA,NA,0,0,0,2661,6007.479999999996,2.5141036717062453,595
2013-07-24,CA_1,CA,HOBBIES,Wednesday,5,7,2013,NA,NA,NA,NA,0,0,0,335,1315.1300000000012,4.659835820895505,153
2013-07-24,CA_1,CA,HOUSEHOLD,Wednesday,5,7,2013,NA,NA,NA,NA,0,0,0,697,2655.830000000001,4.682616899097622,340
2013-07-25,CA_1,CA,FOODS,Thursday,6,7,2013,NA,NA,NA,NA,0,0,0,2598,5987.559999999991,2.5614057106996984,586
2013-07-25,CA_1,CA,HOBBIES,Thursday,6,7,2013,NA,NA,NA,NA,0,0,0,405,1475.700000000001,4.358200270635978,154
2013-07-25,CA_1,CA,HOUSEHOLD,Thursday,6,7,2013,NA,NA,NA,NA,0,0,0,745,2921.8099999999986,4.700962441314564,329
2013-07-26,CA_1,CA,FOODS,Friday,7,7,2013,NA,NA,NA,NA,0,0,0,2925,6667.429999999984,2.5126553509781173,624
2013-07-26,CA_1,CA,HOBBIES,Friday,7,7,2013,NA,NA,NA,NA,0,0,0,458,1820.1700000000026,4.398521850899726,168
2013-07-26,CA_1,CA,HOUSEHOLD,Friday,7,7,2013,NA,NA,NA,NA,0,0,0,865,3321.9899999999993,4.601368343195272,375
2013-07-27,CA_1,CA,FOODS,Saturday,1,7,2013,NA,NA,NA,NA,0,0,1,3239,7354.499999999987,2.4815437665782323,649
2013-07-27,CA_1,CA,HOBBIES,Saturday,1,7,2013,NA,NA,NA,NA,0,0,1,488,1746.1800000000012,4.3034914841848995,155
2013-07-27,CA_1,CA,HOUSEHOLD,Saturday,1,7,2013,NA,NA,NA,NA,0,0,1,981,3724.059999999999,4.493426621160413,383
2013-07-28,CA_1,CA,FOODS,Sunday,2,7,2013,NA,NA,NA,NA,0,0,1,3786,8866.159999999983,2.5052500581530435,667
2013-07-28,CA_1,CA,HOBBIES,Sunday,2,7,2013,NA,NA,NA,NA,0,0,1,453,1806.4800000000018,4.377851562499984,174
2013-07-28,CA_1,CA,HOUSEHOLD,Sunday,2,7,2013,NA,NA,NA,NA,0,0,1,1052,4118.119999999998,4.528041775456928,387
2013-07-29,CA_1,CA,FOODS,Monday,3,7,2013,NA,NA,NA,NA,0,0,0,2743,6504.56999999999,2.5845617227782642,626
2013-07-29,CA_1,CA,HOBBIES,Monday,3,7,2013,NA,NA,NA,NA,0,0,0,531,1704.4800000000018,4.03265088757395,175
2013-07-29,CA_1,CA,HOUSEHOLD,Monday,3,7,2013,NA,NA,NA,NA,0,0,0,734,2866.030000000002,4.701934972244248,340
2013-07-30,CA_1,CA,FOODS,Tuesday,4,7,2013,NA,NA,NA,NA,0,0,0,2660,6084.17999999999,2.528096259963194,578
2013-07-30,CA_1,CA,HOBBIES,Tuesday,4,7,2013,NA,NA,NA,NA,0,0,0,361,1550.630000000001,4.659231863442372,147
2013-07-30,CA_1,CA,HOUSEHOLD,Tuesday,4,7,2013,NA,NA,NA,NA,0,0,0,681,2712.0099999999998,4.712571428571433,323
2013-07-31,CA_1,CA,FOODS,Wednesday,5,7,2013,NA,NA,NA,NA,0,0,0,2504,5848.889999999999,2.584978943958518,597
2013-07-31,CA_1,CA,HOBBIES,Wednesday,5,7,2013,NA,NA,NA,NA,0,0,0,433,1768.8100000000018,4.508402130492657,171
2013-07-31,CA_1,CA,HOUSEHOLD,Wednesday,5,7,2013,NA,NA,NA,NA,0,0,0,674,2809.27,4.8577138157894755,325
2013-08-01,CA_1,CA,FOODS,Thursday,6,8,2013,NA,NA,NA,NA,1,0,0,3135,7302.62999999998,2.5177398955182664,678
2013-08-01,CA_1,CA,HOBBIES,Thursday,6,8,2013,NA,NA,NA,NA,1,0,0,501,1919.1600000000024,4.287298636926872,183
2013-08-01,CA_1,CA,HOUSEHOLD,Thursday,6,8,2013,NA,NA,NA,NA,1,0,0,746,2886.2399999999975,4.674929356357926,339
2013-08-02,CA_1,CA,FOODS,Friday,7,8,2013,NA,NA,NA,NA,1,0,0,3769,8607.569999999982,2.4555719298245435,674
2013-08-02,CA_1,CA,HOBBIES,Friday,7,8,2013,NA,NA,NA,NA,1,0,0,662,2236.98,3.912809224318644,197
2013-08-02,CA_1,CA,HOUSEHOLD,Friday,7,8,2013,NA,NA,NA,NA,1,0,0,883,3429.9699999999984,4.619805475504325,362
2013-08-03,CA_1,CA,FOODS,Saturday,1,8,2013,NA,NA,NA,NA,1,0,1,4222,10016.579999999969,2.501363539672395,704
2013-08-03,CA_1,CA,HOBBIES,Saturday,1,8,2013,NA,NA,NA,NA,1,0,1,554,2400.97,4.587209580838305,208
2013-08-03,CA_1,CA,HOUSEHOLD,Saturday,1,8,2013,NA,NA,NA,NA,1,0,1,1112,4307.099999999997,4.484842569269527,391
2013-08-04,CA_1,CA,FOODS,Sunday,2,8,2013,NA,NA,NA,NA,1,0,1,3836,9279.26999999997,2.5684038417562127,646
2013-08-04,CA_1,CA,HOBBIES,Sunday,2,8,2013,NA,NA,NA,NA,1,0,1,545,2073.420000000002,4.255012048192756,204
2013-08-04,CA_1,CA,HOUSEHOLD,Sunday,2,8,2013,NA,NA,NA,NA,1,0,1,1160,4829.790000000002,4.621260762607634,401
2013-08-05,CA_1,CA,FOODS,Monday,3,8,2013,NA,NA,NA,NA,1,0,0,3378,7492.209999999986,2.4206299212598266,624
2013-08-05,CA_1,CA,HOBBIES,Monday,3,8,2013,NA,NA,NA,NA,1,0,0,493,1820.5800000000015,4.258282208588941,167
2013-08-05,CA_1,CA,HOUSEHOLD,Monday,3,8,2013,NA,NA,NA,NA,1,0,0,855,3668.449999999998,4.884285714285724,364
2013-08-06,CA_1,CA,FOODS,Tuesday,4,8,2013,NA,NA,NA,NA,1,0,0,2980,6790.34999999998,2.4951739618406075,599
2013-08-06,CA_1,CA,HOBBIES,Tuesday,4,8,2013,NA,NA,NA,NA,1,0,0,466,1694.2400000000018,4.18986163522011,160
2013-08-06,CA_1,CA,HOUSEHOLD,Tuesday,4,8,2013,NA,NA,NA,NA,1,0,0,707,2947.450000000002,4.854750402576497,332
2013-08-07,CA_1,CA,FOODS,Wednesday,5,8,2013,NA,NA,NA,NA,1,0,0,3263,7558.189999999976,2.523216343635394,628
2013-08-07,CA_1,CA,HOBBIES,Wednesday,5,8,2013,NA,NA,NA,NA,1,0,0,470,1572.7100000000012,4.1008899876390466,150
2013-08-07,CA_1,CA,HOUSEHOLD,Wednesday,5,8,2013,NA,NA,NA,NA,1,0,0,627,2493.400000000003,4.826518828451883,299
2013-08-08,CA_1,CA,FOODS,Thursday,6,8,2013,Eid al-Fitr,Religious,NA,NA,1,1,0,3124,7360.249999999983,2.5601083130246263,614
2013-08-08,CA_1,CA,HOBBIES,Thursday,6,8,2013,Eid al-Fitr,Religious,NA,NA,1,1,0,404,1567.3900000000003,4.474570673712004,136
2013-08-08,CA_1,CA,HOUSEHOLD,Thursday,6,8,2013,Eid al-Fitr,Religious,NA,NA,1,1,0,721,2993.5800000000004,4.8723661071143125,337
2013-08-09,CA_1,CA,FOODS,Friday,7,8,2013,NA,NA,NA,NA,1,0,0,3514,8412.339999999986,2.5724987642115504,651
2013-08-09,CA_1,CA,HOBBIES,Friday,7,8,2013,NA,NA,NA,NA,1,0,0,455,1774.200000000002,4.393584183673453,160
2013-08-09,CA_1,CA,HOUSEHOLD,Friday,7,8,2013,NA,NA,NA,NA,1,0,0,820,3231.3799999999974,4.67223146747353,365
2013-08-10,CA_1,CA,FOODS,Saturday,1,8,2013,NA,NA,NA,NA,1,0,1,4744,10622.27999999996,2.3802288329519317,684
2013-08-10,CA_1,CA,HOBBIES,Saturday,1,8,2013,NA,NA,NA,NA,1,0,1,493,2126.1000000000013,4.598776266996274,173
2013-08-10,CA_1,CA,HOUSEHOLD,Saturday,1,8,2013,NA,NA,NA,NA,1,0,1,1071,4597.539999999997,4.755910563836688,395
2013-08-11,CA_1,CA,FOODS,Sunday,2,8,2013,NA,NA,NA,NA,0,0,1,4688,10643.629999999956,2.4197907869481594,662
2013-08-11,CA_1,CA,HOBBIES,Sunday,2,8,2013,NA,NA,NA,NA,0,0,1,541,2193.74,4.4276084407971705,177
2013-08-11,CA_1,CA,HOUSEHOLD,Sunday,2,8,2013,NA,NA,NA,NA,0,0,1,1047,4450.26,4.720804973821997,386
2013-08-12,CA_1,CA,FOODS,Monday,3,8,2013,NA,NA,NA,NA,0,0,0,3392,7694.319999999982,2.4771834559756254,635
2013-08-12,CA_1,CA,HOBBIES,Monday,3,8,2013,NA,NA,NA,NA,0,0,0,462,1944.7500000000011,4.59435339308577,170
2013-08-12,CA_1,CA,HOUSEHOLD,Monday,3,8,2013,NA,NA,NA,NA,0,0,0,707,2933.7000000000003,4.822768496420052,317
2013-08-13,CA_1,CA,FOODS,Tuesday,4,8,2013,NA,NA,NA,NA,0,0,0,2785,6313.0599999999895,2.525022195915934,590
2013-08-13,CA_1,CA,HOBBIES,Tuesday,4,8,2013,NA,NA,NA,NA,0,0,0,355,1585.130000000002,4.779138686131368,159
2013-08-13,CA_1,CA,HOUSEHOLD,Tuesday,4,8,2013,NA,NA,NA,NA,0,0,0,635,2609.06,4.906135225375626,304
2013-08-14,CA_1,CA,FOODS,Wednesday,5,8,2013,NA,NA,NA,NA,0,0,0,2721,6204.52999999999,2.5266375414281264,586
2013-08-14,CA_1,CA,HOBBIES,Wednesday,5,8,2013,NA,NA,NA,NA,0,0,0,427,1542.4500000000014,4.356486842105246,156
2013-08-14,CA_1,CA,HOUSEHOLD,Wednesday,5,8,2013,NA,NA,NA,NA,0,0,0,614,2529.3600000000033,4.932836332476435,314
2013-08-15,CA_1,CA,FOODS,Thursday,6,8,2013,NA,NA,NA,NA,0,0,0,3115,6783.359999999988,2.418029850746253,614
2013-08-15,CA_1,CA,HOBBIES,Thursday,6,8,2013,NA,NA,NA,NA,0,0,0,360,1622.6700000000008,4.720272206303706,151
2013-08-15,CA_1,CA,HOUSEHOLD,Thursday,6,8,2013,NA,NA,NA,NA,0,0,0,643,2667.540000000001,4.902398989898991,322
2013-08-16,CA_1,CA,FOODS,Friday,7,8,2013,NA,NA,NA,NA,0,0,0,3552,7778.859999999986,2.398229293174624,619
2013-08-16,CA_1,CA,HOBBIES,Friday,7,8,2013,NA,NA,NA,NA,0,0,0,491,1826.430000000002,4.234359605911314,168
2013-08-16,CA_1,CA,HOUSEHOLD,Friday,7,8,2013,NA,NA,NA,NA,0,0,0,778,3300.469999999997,4.812252321981428,353
2013-08-17,CA_1,CA,FOODS,Saturday,1,8,2013,NA,NA,NA,NA,0,0,1,4105,9581.909999999983,2.492209503239724,668
2013-08-17,CA_1,CA,HOBBIES,Saturday,1,8,2013,NA,NA,NA,NA,0,0,1,508,2232.3900000000003,4.6569937106918085,203
2013-08-17,CA_1,CA,HOUSEHOLD,Saturday,1,8,2013,NA,NA,NA,NA,0,0,1,990,4408.579999999997,4.845334252239842,409
2013-08-18,CA_1,CA,FOODS,Sunday,2,8,2013,NA,NA,NA,NA,0,0,1,4212,9902.729999999972,2.5030538041193604,647
2013-08-18,CA_1,CA,HOBBIES,Sunday,2,8,2013,NA,NA,NA,NA,0,0,1,507,2245.1300000000015,4.596169154228841,193
2013-08-18,CA_1,CA,HOUSEHOLD,Sunday,2,8,2013,NA,NA,NA,NA,0,0,1,972,4028.5100000000007,4.685305422100213,385
2013-08-19,CA_1,CA,FOODS,Monday,3,8,2013,NA,NA,NA,NA,0,0,0,3063,6702.199999999984,2.437198252321118,594
2013-08-19,CA_1,CA,HOBBIES,Monday,3,8,2013,NA,NA,NA,NA,0,0,0,438,1907.7800000000022,4.613506666666649,178
2013-08-19,CA_1,CA,HOUSEHOLD,Monday,3,8,2013,NA,NA,NA,NA,0,0,0,714,2975.6400000000012,4.899832134292573,333
2013-08-20,CA_1,CA,FOODS,Tuesday,4,8,2013,NA,NA,NA,NA,0,0,0,2554,5726.869999999995,2.5189290240810975,591
2013-08-20,CA_1,CA,HOBBIES,Tuesday,4,8,2013,NA,NA,NA,NA,0,0,0,290,1441.9700000000014,5.047390624999982,140
2013-08-20,CA_1,CA,HOUSEHOLD,Tuesday,4,8,2013,NA,NA,NA,NA,0,0,0,695,2567.1200000000013,4.608489378442171,294
2013-08-21,CA_1,CA,FOODS,Wednesday,5,8,2013,NA,NA,NA,NA,0,0,0,3010,6547.839999999993,2.4317079889806994,573
2013-08-21,CA_1,CA,HOBBIES,Wednesday,5,8,2013,NA,NA,NA,NA,0,0,0,492,1723.5700000000015,4.158473748473733,163
2013-08-21,CA_1,CA,HOUSEHOLD,Wednesday,5,8,2013,NA,NA,NA,NA,0,0,0,757,2824.2799999999993,4.582634822804318,329
2013-08-22,CA_1,CA,FOODS,Thursday,6,8,2013,NA,NA,NA,NA,0,0,0,2652,5884.419999999988,2.4916681804420024,542
2013-08-22,CA_1,CA,HOBBIES,Thursday,6,8,2013,NA,NA,NA,NA,0,0,0,464,1578.8900000000006,4.094255050505034,162
2013-08-22,CA_1,CA,HOUSEHOLD,Thursday,6,8,2013,NA,NA,NA,NA,0,0,0,724,2741.700000000001,4.686721439749612,316
2013-08-23,CA_1,CA,FOODS,Friday,7,8,2013,NA,NA,NA,NA,0,0,0,3058,6749.699999999974,2.4362997529508434,608
2013-08-23,CA_1,CA,HOBBIES,Friday,7,8,2013,NA,NA,NA,NA,0,0,0,465,1598.3000000000004,4.164757763975138,150
2013-08-23,CA_1,CA,HOUSEHOLD,Friday,7,8,2013,NA,NA,NA,NA,0,0,0,793,3187.22,4.787374045801535,353
2013-08-24,CA_1,CA,FOODS,Saturday,1,8,2013,NA,NA,NA,NA,0,0,1,4016,9026.349999999966,2.4313047285463933,643
2013-08-24,CA_1,CA,HOBBIES,Saturday,1,8,2013,NA,NA,NA,NA,0,0,1,454,2136.1600000000017,4.9022727272727105,196
2013-08-24,CA_1,CA,HOUSEHOLD,Saturday,1,8,2013,NA,NA,NA,NA,0,0,1,1126,4342.01,4.441731493099129,402
2013-08-25,CA_1,CA,FOODS,Sunday,2,8,2013,NA,NA,NA,NA,0,0,1,5016,11310.769999999977,2.395404186214351,669
2013-08-25,CA_1,CA,HOBBIES,Sunday,2,8,2013,NA,NA,NA,NA,0,0,1,651,2302.59,3.9961736334405,208
2013-08-25,CA_1,CA,HOUSEHOLD,Sunday,2,8,2013,NA,NA,NA,NA,0,0,1,1281,4842.790000000002,4.37179736691472,404
2013-08-26,CA_1,CA,FOODS,Monday,3,8,2013,NA,NA,NA,NA,0,0,0,2784,6389.039999999991,2.544652818991077,609
2013-08-26,CA_1,CA,HOBBIES,Monday,3,8,2013,NA,NA,NA,NA,0,0,0,365,1442.010000000001,4.560086206896534,159
2013-08-26,CA_1,CA,HOUSEHOLD,Monday,3,8,2013,NA,NA,NA,NA,0,0,0,734,2869.0399999999986,4.63916024653314,306
2013-08-27,CA_1,CA,FOODS,Tuesday,4,8,2013,NA,NA,NA,NA,0,0,0,2497,5653.819999999997,2.54235612082669,547
2013-08-27,CA_1,CA,HOBBIES,Tuesday,4,8,2013,NA,NA,NA,NA,0,0,0,428,1232.9000000000005,3.9516410256410115,138
2013-08-27,CA_1,CA,HOUSEHOLD,Tuesday,4,8,2013,NA,NA,NA,NA,0,0,0,605,2438.5200000000027,4.820563973063978,287
2013-08-28,CA_1,CA,FOODS,Wednesday,5,8,2013,NA,NA,NA,NA,0,0,0,2437,5658.389999999992,2.5906099151989337,566
2013-08-28,CA_1,CA,HOBBIES,Wednesday,5,8,2013,NA,NA,NA,NA,0,0,0,383,1496.0700000000018,4.466881868131849,145
2013-08-28,CA_1,CA,HOUSEHOLD,Wednesday,5,8,2013,NA,NA,NA,NA,0,0,0,670,2645.7900000000027,4.819829959514176,305
2013-08-29,CA_1,CA,FOODS,Thursday,6,8,2013,NA,NA,NA,NA,0,0,0,2547,5632.829999999991,2.5125433890817055,573
2013-08-29,CA_1,CA,HOBBIES,Thursday,6,8,2013,NA,NA,NA,NA,0,0,0,396,1573.530000000001,4.556112637362618,158
2013-08-29,CA_1,CA,HOUSEHOLD,Thursday,6,8,2013,NA,NA,NA,NA,0,0,0,657,2588.5900000000015,4.77427057864711,300
2013-08-30,CA_1,CA,FOODS,Friday,7,8,2013,NA,NA,NA,NA,0,0,0,3701,8326.059999999972,2.4457407407407206,684
2013-08-30,CA_1,CA,HOBBIES,Friday,7,8,2013,NA,NA,NA,NA,0,0,0,547,2171.88,4.357201405152208,183
2013-08-30,CA_1,CA,HOUSEHOLD,Friday,7,8,2013,NA,NA,NA,NA,0,0,0,950,3644.399999999996,4.509765193370173,372
2013-08-31,CA_1,CA,FOODS,Saturday,1,8,2013,NA,NA,NA,NA,0,0,1,4767,10056.11999999997,2.2801652107861594,703
2013-08-31,CA_1,CA,HOBBIES,Saturday,1,8,2013,NA,NA,NA,NA,0,0,1,682,2468.85,4.0207342295759965,207
2013-08-31,CA_1,CA,HOUSEHOLD,Saturday,1,8,2013,NA,NA,NA,NA,0,0,1,1095,4482.989999999997,4.61525467440362,417
2013-09-01,CA_1,CA,FOODS,Sunday,2,9,2013,NA,NA,NA,NA,1,0,1,4585,9824.579999999964,2.3127670376879363,666
2013-09-01,CA_1,CA,HOBBIES,Sunday,2,9,2013,NA,NA,NA,NA,1,0,1,359,1883.7300000000018,5.032368421052611,167
2013-09-01,CA_1,CA,HOUSEHOLD,Sunday,2,9,2013,NA,NA,NA,NA,1,0,1,1109,4248.600000000003,4.480974230044008,391
2013-09-02,CA_1,CA,FOODS,Monday,3,9,2013,LaborDay,National,NA,NA,1,1,0,4427,10088.32999999998,2.4342073416700134,671
2013-09-02,CA_1,CA,HOBBIES,Monday,3,9,2013,LaborDay,National,NA,NA,1,1,0,294,1608.2100000000012,5.1296546310831825,149
2013-09-02,CA_1,CA,HOUSEHOLD,Monday,3,9,2013,LaborDay,National,NA,NA,1,1,0,1117,4449.839999999998,4.58810625000001,390
2013-09-03,CA_1,CA,FOODS,Tuesday,4,9,2013,NA,NA,NA,NA,1,0,0,3216,7294.609999999977,2.4981907025884635,632
2013-09-03,CA_1,CA,HOBBIES,Tuesday,4,9,2013,NA,NA,NA,NA,1,0,0,271,1383.3900000000006,5.014236220472421,128
2013-09-03,CA_1,CA,HOUSEHOLD,Tuesday,4,9,2013,NA,NA,NA,NA,1,0,0,837,3226.6699999999983,4.66736231884059,330
2013-09-04,CA_1,CA,FOODS,Wednesday,5,9,2013,NA,NA,NA,NA,1,0,0,2923,6568.609999999989,2.497946757292529,594
2013-09-04,CA_1,CA,HOBBIES,Wednesday,5,9,2013,NA,NA,NA,NA,1,0,0,225,1320.4600000000005,5.326789297658841,119
2013-09-04,CA_1,CA,HOUSEHOLD,Wednesday,5,9,2013,NA,NA,NA,NA,1,0,0,657,2571.850000000001,4.810184887459812,286
2013-09-05,CA_1,CA,FOODS,Thursday,6,9,2013,NA,NA,NA,NA,1,0,0,2958,6344.76999999998,2.405346950195837,586
2013-09-05,CA_1,CA,HOBBIES,Thursday,6,9,2013,NA,NA,NA,NA,1,0,0,224,1240.0100000000007,5.198386554621831,121
2013-09-05,CA_1,CA,HOUSEHOLD,Thursday,6,9,2013,NA,NA,NA,NA,1,0,0,644,2540.7900000000027,4.832820932134099,294
2013-09-06,CA_1,CA,FOODS,Friday,7,9,2013,NA,NA,NA,NA,1,0,0,3559,7844.4699999999875,2.416722586919505,648
2013-09-06,CA_1,CA,HOBBIES,Friday,7,9,2013,NA,NA,NA,NA,1,0,0,284,1447.050000000002,5.0751935483870785,156
2013-09-06,CA_1,CA,HOUSEHOLD,Friday,7,9,2013,NA,NA,NA,NA,1,0,0,775,2897.899999999998,4.634159090909098,328
2013-09-07,CA_1,CA,FOODS,Saturday,1,9,2013,NA,NA,NA,NA,1,0,1,4486,10122.169999999971,2.4244628594249047,683
2013-09-07,CA_1,CA,HOBBIES,Saturday,1,9,2013,NA,NA,NA,NA,1,0,1,372,1937.8900000000017,5.148168812589397,168
2013-09-07,CA_1,CA,HOUSEHOLD,Saturday,1,9,2013,NA,NA,NA,NA,1,0,1,898,3518.5900000000015,4.643811846689907,336
2013-09-08,CA_1,CA,FOODS,Sunday,2,9,2013,NA,NA,NA,NA,1,0,1,5015,11458.08999999997,2.4215045207956454,690
2013-09-08,CA_1,CA,HOBBIES,Sunday,2,9,2013,NA,NA,NA,NA,1,0,1,513,2306.8699999999994,4.815576208178422,201
2013-09-08,CA_1,CA,HOUSEHOLD,Sunday,2,9,2013,NA,NA,NA,NA,1,0,1,1175,4713.540000000001,4.549412832929789,396
2013-09-09,CA_1,CA,FOODS,Monday,3,9,2013,NA,NA,NA,NA,1,0,0,3458,8020.039999999984,2.5168807798050308,662
2013-09-09,CA_1,CA,HOBBIES,Monday,3,9,2013,NA,NA,NA,NA,1,0,0,447,1547.960000000001,4.176594936708845,152
2013-09-09,CA_1,CA,HOUSEHOLD,Monday,3,9,2013,NA,NA,NA,NA,1,0,0,748,3161.000000000001,4.825249221183807,337
2013-09-10,CA_1,CA,FOODS,Tuesday,4,9,2013,NA,NA,NA,NA,1,0,0,3013,7034.099999999982,2.559039910689348,635
2013-09-10,CA_1,CA,HOBBIES,Tuesday,4,9,2013,NA,NA,NA,NA,1,0,0,487,1828.3700000000022,4.309147381242372,161
2013-09-10,CA_1,CA,HOUSEHOLD,Tuesday,4,9,2013,NA,NA,NA,NA,1,0,0,669,2612.4800000000055,4.750040749796251,315
2013-09-11,CA_1,CA,FOODS,Wednesday,5,9,2013,NA,NA,NA,NA,0,0,0,2710,6354.869999999987,2.5943189368770567,604
2013-09-11,CA_1,CA,HOBBIES,Wednesday,5,9,2013,NA,NA,NA,NA,0,0,0,350,1266.8100000000009,4.554390934844177,139
2013-09-11,CA_1,CA,HOUSEHOLD,Wednesday,5,9,2013,NA,NA,NA,NA,0,0,0,635,2710.9400000000005,4.965678180286438,321
2013-09-12,CA_1,CA,FOODS,Thursday,6,9,2013,NA,NA,NA,NA,0,0,0,2656,6075.829999999981,2.539262672811036,606
2013-09-12,CA_1,CA,HOBBIES,Thursday,6,9,2013,NA,NA,NA,NA,0,0,0,465,1271.460000000001,3.887125603864719,132
2013-09-12,CA_1,CA,HOUSEHOLD,Thursday,6,9,2013,NA,NA,NA,NA,0,0,0,649,2714.400000000001,4.890305785123965,312
2013-09-13,CA_1,CA,FOODS,Friday,7,9,2013,NA,NA,NA,NA,0,0,0,3295,7471.229999999982,2.4833975527206253,659
2013-09-13,CA_1,CA,HOBBIES,Friday,7,9,2013,NA,NA,NA,NA,0,0,0,525,1885.0400000000022,4.127464953271012,164
2013-09-13,CA_1,CA,HOUSEHOLD,Friday,7,9,2013,NA,NA,NA,NA,0,0,0,748,3052.6399999999976,4.819762087490416,318
2013-09-14,CA_1,CA,FOODS,Saturday,1,9,2013,NA,NA,NA,NA,0,0,1,4044,9056.339999999971,2.41840227620922,691
2013-09-14,CA_1,CA,HOBBIES,Saturday,1,9,2013,NA,NA,NA,NA,0,0,1,567,2489.439999999997,4.481757225433509,198
2013-09-14,CA_1,CA,HOUSEHOLD,Saturday,1,9,2013,NA,NA,NA,NA,0,0,1,1016,4278.459999999997,4.713399734395761,384
2013-09-15,CA_1,CA,FOODS,Sunday,2,9,2013,NA,NA,NA,NA,0,0,1,4040,9245.009999999982,2.4672054018732132,665
2013-09-15,CA_1,CA,HOBBIES,Sunday,2,9,2013,NA,NA,NA,NA,0,0,1,588,2689.9300000000017,4.646455696202517,215
2013-09-15,CA_1,CA,HOUSEHOLD,Sunday,2,9,2013,NA,NA,NA,NA,0,0,1,1184,4891.930000000007,4.6085247883917875,404
2013-09-16,CA_1,CA,FOODS,Monday,3,9,2013,NA,NA,NA,NA,0,0,0,2974,6676.5999999999785,2.4860396600566363,660
2013-09-16,CA_1,CA,HOBBIES,Monday,3,9,2013,NA,NA,NA,NA,0,0,0,438,1719.8000000000006,4.440626598465456,152
2013-09-16,CA_1,CA,HOUSEHOLD,Monday,3,9,2013,NA,NA,NA,NA,0,0,0,752,3188.0500000000006,4.843391902215437,317
2013-09-17,CA_1,CA,FOODS,Tuesday,4,9,2013,NA,NA,NA,NA,0,0,0,2776,6452.199999999983,2.5702528256989665,630
2013-09-17,CA_1,CA,HOBBIES,Tuesday,4,9,2013,NA,NA,NA,NA,0,0,0,470,1558.5400000000022,4.227740740740724,156
2013-09-17,CA_1,CA,HOUSEHOLD,Tuesday,4,9,2013,NA,NA,NA,NA,0,0,0,619,2296.160000000002,4.767781456953643,285
2013-09-18,CA_1,CA,FOODS,Wednesday,5,9,2013,NA,NA,NA,NA,0,0,0,2565,5783.229999999991,2.535998110831216,605
2013-09-18,CA_1,CA,HOBBIES,Wednesday,5,9,2013,NA,NA,NA,NA,0,0,0,349,1803.9200000000023,5.03429811866858,154
2013-09-18,CA_1,CA,HOUSEHOLD,Wednesday,5,9,2013,NA,NA,NA,NA,0,0,0,633,2482.570000000002,4.845849056603773,288
2013-09-19,CA_1,CA,FOODS,Thursday,6,9,2013,NA,NA,NA,NA,0,0,0,2555,5669.469999999987,2.508339670468928,615
2013-09-19,CA_1,CA,HOBBIES,Thursday,6,9,2013,NA,NA,NA,NA,0,0,0,439,1382.1800000000017,4.157591145833316,167
2013-09-19,CA_1,CA,HOUSEHOLD,Thursday,6,9,2013,NA,NA,NA,NA,0,0,0,627,2709.6900000000014,4.953554065381393,308
2013-09-20,CA_1,CA,FOODS,Friday,7,9,2013,NA,NA,NA,NA,0,0,0,3253,7187.989999999979,2.4399338624338416,689
2013-09-20,CA_1,CA,HOBBIES,Friday,7,9,2013,NA,NA,NA,NA,0,0,0,473,1591.1300000000015,4.217264851485133,161
2013-09-20,CA_1,CA,HOUSEHOLD,Friday,7,9,2013,NA,NA,NA,NA,0,0,0,905,3511.33,4.616835799859059,360
2013-09-21,CA_1,CA,FOODS,Saturday,1,9,2013,NA,NA,NA,NA,0,0,1,4172,9188.659999999969,2.376835660580007,735
2013-09-21,CA_1,CA,HOBBIES,Saturday,1,9,2013,NA,NA,NA,NA,0,0,1,563,2076.570000000001,4.265612602100334,204
2013-09-21,CA_1,CA,HOUSEHOLD,Saturday,1,9,2013,NA,NA,NA,NA,0,0,1,1140,4670.279999999994,4.56787726988103,418
2013-09-22,CA_1,CA,FOODS,Sunday,2,9,2013,NA,NA,NA,NA,0,0,1,4532,9969.03999999997,2.3569253790901676,738
2013-09-22,CA_1,CA,HOBBIES,Sunday,2,9,2013,NA,NA,NA,NA,0,0,1,514,1770.610000000002,4.267835550181363,185
2013-09-22,CA_1,CA,HOUSEHOLD,Sunday,2,9,2013,NA,NA,NA,NA,0,0,1,1168,4967.399999999997,4.656297662976631,417
2013-09-23,CA_1,CA,FOODS,Monday,3,9,2013,NA,NA,NA,NA,0,0,0,2861,6562.749999999981,2.5224869109947425,641
2013-09-23,CA_1,CA,HOBBIES,Monday,3,9,2013,NA,NA,NA,NA,0,0,0,458,1812.7900000000027,4.480353089533401,163
2013-09-23,CA_1,CA,HOUSEHOLD,Monday,3,9,2013,NA,NA,NA,NA,0,0,0,630,2724.4399999999987,4.921427385892114,300
2013-09-24,CA_1,CA,FOODS,Tuesday,4,9,2013,NA,NA,NA,NA,0,0,0,2662,6134.519999999988,2.5489238359543425,637
2013-09-24,CA_1,CA,HOBBIES,Tuesday,4,9,2013,NA,NA,NA,NA,0,0,0,420,1222.6100000000015,4.051363057324823,133
2013-09-24,CA_1,CA,HOUSEHOLD,Tuesday,4,9,2013,NA,NA,NA,NA,0,0,0,683,2810.7499999999986,4.838655529037394,301
2013-09-25,CA_1,CA,FOODS,Wednesday,5,9,2013,NA,NA,NA,NA,0,0,0,2178,4877.55,2.5600249999999787,596
2013-09-25,CA_1,CA,HOBBIES,Wednesday,5,9,2013,NA,NA,NA,NA,0,0,0,444,1181.7100000000014,3.9897539975399585,129
2013-09-25,CA_1,CA,HOUSEHOLD,Wednesday,5,9,2013,NA,NA,NA,NA,0,0,0,613,2526.6000000000004,4.85095079232694,289
2013-09-26,CA_1,CA,FOODS,Thursday,6,9,2013,NA,NA,NA,NA,0,0,0,2449,5430.169999999996,2.5103430251551564,606
2013-09-26,CA_1,CA,HOBBIES,Thursday,6,9,2013,NA,NA,NA,NA,0,0,0,444,1639.8200000000015,4.383184713375779,157
2013-09-26,CA_1,CA,HOUSEHOLD,Thursday,6,9,2013,NA,NA,NA,NA,0,0,0,580,2261.560000000004,4.841151566469093,274
2013-09-27,CA_1,CA,FOODS,Friday,7,9,2013,NA,NA,NA,NA,0,0,0,2865,6164.4199999999955,2.435763631173263,580
2013-09-27,CA_1,CA,HOBBIES,Friday,7,9,2013,NA,NA,NA,NA,0,0,0,566,1882.2700000000013,4.081781737193746,166
2013-09-27,CA_1,CA,HOUSEHOLD,Friday,7,9,2013,NA,NA,NA,NA,0,0,0,668,2752.2499999999995,4.8620760959470655,334
2013-09-28,CA_1,CA,FOODS,Saturday,1,9,2013,NA,NA,NA,NA,0,0,1,4007,8532.79999999998,2.330542956825106,639
2013-09-28,CA_1,CA,HOBBIES,Saturday,1,9,2013,NA,NA,NA,NA,0,0,1,544,1928.010000000003,4.244934911242587,198
2013-09-28,CA_1,CA,HOUSEHOLD,Saturday,1,9,2013,NA,NA,NA,NA,0,0,1,1114,4486.540000000001,4.56334386852087,409
2013-09-29,CA_1,CA,FOODS,Sunday,2,9,2013,NA,NA,NA,NA,0,0,1,4518,9905.079999999974,2.358746274587706,703
2013-09-29,CA_1,CA,HOBBIES,Sunday,2,9,2013,NA,NA,NA,NA,0,0,1,553,2082.3400000000015,4.394060324825972,190
2013-09-29,CA_1,CA,HOUSEHOLD,Sunday,2,9,2013,NA,NA,NA,NA,0,0,1,1123,4657.169999999996,4.607126865671647,392
2013-09-30,CA_1,CA,FOODS,Monday,3,9,2013,NA,NA,NA,NA,0,0,0,2952,6450.109999999991,2.4567607602012123,592
2013-09-30,CA_1,CA,HOBBIES,Monday,3,9,2013,NA,NA,NA,NA,0,0,0,539,1671.2700000000013,4.068337155963289,166
2013-09-30,CA_1,CA,HOUSEHOLD,Monday,3,9,2013,NA,NA,NA,NA,0,0,0,726,3027.8899999999976,4.833364341085274,313
2013-10-01,CA_1,CA,FOODS,Tuesday,4,10,2013,NA,NA,NA,NA,1,0,0,3020,6801.399999999978,2.50219999999998,588
2013-10-01,CA_1,CA,HOBBIES,Tuesday,4,10,2013,NA,NA,NA,NA,1,0,0,627,1949.4200000000012,3.9256613756613623,181
2013-10-01,CA_1,CA,HOUSEHOLD,Tuesday,4,10,2013,NA,NA,NA,NA,1,0,0,807,2914.1500000000015,4.501961651917404,328
2013-10-02,CA_1,CA,FOODS,Wednesday,5,10,2013,NA,NA,NA,NA,1,0,0,2370,5790.989999999993,2.7076280145358234,561
2013-10-02,CA_1,CA,HOBBIES,Wednesday,5,10,2013,NA,NA,NA,NA,1,0,0,424,1674.5800000000013,4.488390052356004,159
2013-10-02,CA_1,CA,HOUSEHOLD,Wednesday,5,10,2013,NA,NA,NA,NA,1,0,0,722,2794.6900000000014,4.743294392523367,315
2013-10-03,CA_1,CA,FOODS,Thursday,6,10,2013,NA,NA,NA,NA,1,0,0,2693,6862.469999999984,2.760309309309288,581
2013-10-03,CA_1,CA,HOBBIES,Thursday,6,10,2013,NA,NA,NA,NA,1,0,0,654,1815.7000000000016,3.6852138492871567,171
2013-10-03,CA_1,CA,HOUSEHOLD,Thursday,6,10,2013,NA,NA,NA,NA,1,0,0,715,2798.4199999999987,4.725341712490184,319
2013-10-04,CA_1,CA,FOODS,Friday,7,10,2013,NA,NA,NA,NA,1,0,0,3288,8505.859999999986,2.7441342664592856,648
2013-10-04,CA_1,CA,HOBBIES,Friday,7,10,2013,NA,NA,NA,NA,1,0,0,611,1840.0100000000023,3.8379269602577724,179
2013-10-04,CA_1,CA,HOUSEHOLD,Friday,7,10,2013,NA,NA,NA,NA,1,0,0,836,3398.150000000001,4.7358577712609975,349
2013-10-05,CA_1,CA,FOODS,Saturday,1,10,2013,NA,NA,NA,NA,1,0,1,4061,9796.969999999976,2.566139088729,692
2013-10-05,CA_1,CA,HOBBIES,Saturday,1,10,2013,NA,NA,NA,NA,1,0,1,631,2574.1699999999987,4.478946796959816,209
2013-10-05,CA_1,CA,HOUSEHOLD,Saturday,1,10,2013,NA,NA,NA,NA,1,0,1,1045,4395.23,4.722776332899875,385
2013-10-06,CA_1,CA,FOODS,Sunday,2,10,2013,NA,NA,NA,NA,1,0,1,4256,10457.039999999966,2.5956132272917385,696
2013-10-06,CA_1,CA,HOBBIES,Sunday,2,10,2013,NA,NA,NA,NA,1,0,1,437,1941.0900000000024,4.803957503320036,183
2013-10-06,CA_1,CA,HOUSEHOLD,Sunday,2,10,2013,NA,NA,NA,NA,1,0,1,1184,4884.7900000000045,4.625000000000008,398
2013-10-07,CA_1,CA,FOODS,Monday,3,10,2013,NA,NA,NA,NA,1,0,0,3317,8574.349999999973,2.7379068564036,670
2013-10-07,CA_1,CA,HOBBIES,Monday,3,10,2013,NA,NA,NA,NA,1,0,0,416,1653.9400000000019,4.604846870838863,164
2013-10-07,CA_1,CA,HOUSEHOLD,Monday,3,10,2013,NA,NA,NA,NA,1,0,0,849,3541.0100000000007,4.812994923857878,348
2013-10-08,CA_1,CA,FOODS,Tuesday,4,10,2013,NA,NA,NA,NA,1,0,0,3072,7445.8799999999765,2.610626379690929,666
2013-10-08,CA_1,CA,HOBBIES,Tuesday,4,10,2013,NA,NA,NA,NA,1,0,0,400,1395.340000000001,4.403030707610129,150
2013-10-08,CA_1,CA,HOUSEHOLD,Tuesday,4,10,2013,NA,NA,NA,NA,1,0,0,638,2913.54,5.0223341729639,325
2013-10-09,CA_1,CA,FOODS,Wednesday,5,10,2013,NA,NA,NA,NA,1,0,0,2859,7375.269999999983,2.749351906158333,667
2013-10-09,CA_1,CA,HOBBIES,Wednesday,5,10,2013,NA,NA,NA,NA,1,0,0,528,1528.9200000000023,3.9415525114155088,151
2013-10-09,CA_1,CA,HOUSEHOLD,Wednesday,5,10,2013,NA,NA,NA,NA,1,0,0,607,2598.519999999999,4.958145025295112,299
2013-10-10,CA_1,CA,FOODS,Thursday,6,10,2013,NA,NA,NA,NA,1,0,0,3002,7562.829999999981,2.702744877911851,657
2013-10-10,CA_1,CA,HOBBIES,Thursday,6,10,2013,NA,NA,NA,NA,1,0,0,526,1535.2400000000018,3.9362658959537438,160
2013-10-10,CA_1,CA,HOUSEHOLD,Thursday,6,10,2013,NA,NA,NA,NA,1,0,0,614,2560.2200000000016,4.914788732394366,285
2013-10-11,CA_1,CA,FOODS,Friday,7,10,2013,NA,NA,NA,NA,0,0,0,3184,7491.7999999999865,2.5609590141976772,669
2013-10-11,CA_1,CA,HOBBIES,Friday,7,10,2013,NA,NA,NA,NA,0,0,0,491,1653.5000000000014,4.1921058965102125,159
2013-10-11,CA_1,CA,HOUSEHOLD,Friday,7,10,2013,NA,NA,NA,NA,0,0,0,721,3017.24,4.879614779874216,327
2013-10-12,CA_1,CA,FOODS,Saturday,1,10,2013,NA,NA,NA,NA,0,0,1,3665,9043.659999999976,2.627555608706036,703
2013-10-12,CA_1,CA,HOBBIES,Saturday,1,10,2013,NA,NA,NA,NA,0,0,1,609,2082.7300000000014,4.116279826464193,186
2013-10-12,CA_1,CA,HOUSEHOLD,Saturday,1,10,2013,NA,NA,NA,NA,0,0,1,1056,4035.5899999999983,4.48307839388146,367
2013-10-13,CA_1,CA,FOODS,Sunday,2,10,2013,NA,NA,NA,NA,0,0,1,4053,10191.659999999969,2.652910052910036,736
2013-10-13,CA_1,CA,HOBBIES,Sunday,2,10,2013,NA,NA,NA,NA,0,0,1,585,2093.58,4.151638795986606,187
2013-10-13,CA_1,CA,HOUSEHOLD,Sunday,2,10,2013,NA,NA,NA,NA,0,0,1,1129,4527.269999999992,4.537930607187117,395
2013-10-14,CA_1,CA,FOODS,Monday,3,10,2013,ColumbusDay,National,NA,NA,0,1,0,2899,7560.839999999983,2.7905353009259066,662
2013-10-14,CA_1,CA,HOBBIES,Monday,3,10,2013,ColumbusDay,National,NA,NA,0,1,0,535,1733.3900000000017,4.015903337169146,165
2013-10-14,CA_1,CA,HOUSEHOLD,Monday,3,10,2013,ColumbusDay,National,NA,NA,0,1,0,739,3091.3099999999977,4.844788624135287,318
2013-10-15,CA_1,CA,FOODS,Tuesday,4,10,2013,EidAlAdha,Religious,NA,NA,0,1,0,2311,5598.449999999988,2.699575407608674,586
2013-10-15,CA_1,CA,HOBBIES,Tuesday,4,10,2013,EidAlAdha,Religious,NA,NA,0,1,0,376,1425.2400000000011,4.571227586206879,150
2013-10-15,CA_1,CA,HOUSEHOLD,Tuesday,4,10,2013,EidAlAdha,Religious,NA,NA,0,1,0,589,2469.2900000000027,4.9285750209555745,276
2013-10-16,CA_1,CA,FOODS,Wednesday,5,10,2013,NA,NA,NA,NA,0,0,0,2357,5659.209999999996,2.6631089309877987,620
2013-10-16,CA_1,CA,HOBBIES,Wednesday,5,10,2013,NA,NA,NA,NA,0,0,0,421,1510.0000000000014,4.426862745098021,155
2013-10-16,CA_1,CA,HOUSEHOLD,Wednesday,5,10,2013,NA,NA,NA,NA,0,0,0,605,2608.8399999999997,4.975029686174725,306
2013-10-17,CA_1,CA,FOODS,Thursday,6,10,2013,NA,NA,NA,NA,0,0,0,2425,5953.289999999985,2.690174629324524,609
2013-10-17,CA_1,CA,HOBBIES,Thursday,6,10,2013,NA,NA,NA,NA,0,0,0,378,1572.9500000000023,4.669929775280881,165
2013-10-17,CA_1,CA,HOUSEHOLD,Thursday,6,10,2013,NA,NA,NA,NA,0,0,0,603,2568.3300000000013,4.920175585284282,287
2013-10-18,CA_1,CA,FOODS,Friday,7,10,2013,NA,NA,NA,NA,0,0,0,2899,7041.7499999999845,2.639108076699573,676
2013-10-18,CA_1,CA,HOBBIES,Friday,7,10,2013,NA,NA,NA,NA,0,0,0,585,1758.910000000002,3.8992942453854367,163
2013-10-18,CA_1,CA,HOUSEHOLD,Friday,7,10,2013,NA,NA,NA,NA,0,0,0,797,3414.4599999999987,4.855068078668688,355
2013-10-19,CA_1,CA,FOODS,Saturday,1,10,2013,NA,NA,NA,NA,0,0,1,3676,9159.649999999969,2.647016627078368,687
2013-10-19,CA_1,CA,HOBBIES,Saturday,1,10,2013,NA,NA,NA,NA,0,0,1,514,2135.1999999999994,4.517637028014598,192
2013-10-19,CA_1,CA,HOUSEHOLD,Saturday,1,10,2013,NA,NA,NA,NA,0,0,1,957,4119.780000000002,4.835048209366398,386
2013-10-20,CA_1,CA,FOODS,Sunday,2,10,2013,NA,NA,NA,NA,0,0,1,4015,10301.169999999973,2.6926484219818874,705
2013-10-20,CA_1,CA,HOBBIES,Sunday,2,10,2013,NA,NA,NA,NA,0,0,1,744,2477.47,3.9577660594439004,200
2013-10-20,CA_1,CA,HOUSEHOLD,Sunday,2,10,2013,NA,NA,NA,NA,0,0,1,1155,4770.740000000003,4.638799755052058,403
2013-10-21,CA_1,CA,FOODS,Monday,3,10,2013,NA,NA,NA,NA,0,0,0,2620,6635.779999999985,2.740629896584121,650
2013-10-21,CA_1,CA,HOBBIES,Monday,3,10,2013,NA,NA,NA,NA,0,0,0,315,1415.5100000000016,4.938039215686256,151
2013-10-21,CA_1,CA,HOUSEHOLD,Monday,3,10,2013,NA,NA,NA,NA,0,0,0,807,3281.4100000000017,4.751049475262373,354
2013-10-22,CA_1,CA,FOODS,Tuesday,4,10,2013,NA,NA,NA,NA,0,0,0,2359,5754.889999999987,2.6907080828323084,586
2013-10-22,CA_1,CA,HOBBIES,Tuesday,4,10,2013,NA,NA,NA,NA,0,0,0,388,1295.770000000001,4.367573333333316,137
2013-10-22,CA_1,CA,HOUSEHOLD,Tuesday,4,10,2013,NA,NA,NA,NA,0,0,0,602,2551.6900000000037,4.938640939597313,291
2013-10-23,CA_1,CA,FOODS,Wednesday,5,10,2013,NA,NA,NA,NA,0,0,0,2274,5707.049999999996,2.7551180294218107,572
2013-10-23,CA_1,CA,HOBBIES,Wednesday,5,10,2013,NA,NA,NA,NA,0,0,0,510,1309.0200000000011,3.806874999999985,145
2013-10-23,CA_1,CA,HOUSEHOLD,Wednesday,5,10,2013,NA,NA,NA,NA,0,0,0,579,2415.310000000004,4.983367697594502,296
2013-10-24,CA_1,CA,FOODS,Thursday,6,10,2013,NA,NA,NA,NA,0,0,0,2126,5239.189999999992,2.741400792221799,570
2013-10-24,CA_1,CA,HOBBIES,Thursday,6,10,2013,NA,NA,NA,NA,0,0,0,342,1519.1700000000017,4.939808823529391,161
2013-10-24,CA_1,CA,HOUSEHOLD,Thursday,6,10,2013,NA,NA,NA,NA,0,0,0,604,2542.0400000000013,4.950254885301615,308
2013-10-25,CA_1,CA,FOODS,Friday,7,10,2013,NA,NA,NA,NA,0,0,0,2827,6755.339999999986,2.6196877761413626,653
2013-10-25,CA_1,CA,HOBBIES,Friday,7,10,2013,NA,NA,NA,NA,0,0,0,461,1569.9000000000026,4.320112499999983,160
2013-10-25,CA_1,CA,HOUSEHOLD,Friday,7,10,2013,NA,NA,NA,NA,0,0,0,667,2934.309999999999,4.99512429831596,301
2013-10-26,CA_1,CA,FOODS,Saturday,1,10,2013,NA,NA,NA,NA,0,0,1,3716,8865.599999999986,2.5648149893942795,694
2013-10-26,CA_1,CA,HOBBIES,Saturday,1,10,2013,NA,NA,NA,NA,0,0,1,658,2291.449999999999,4.048569903948759,220
2013-10-26,CA_1,CA,HOUSEHOLD,Saturday,1,10,2013,NA,NA,NA,NA,0,0,1,979,4041.8900000000003,4.691484268125858,399
2013-10-27,CA_1,CA,FOODS,Sunday,2,10,2013,NA,NA,NA,NA,0,0,1,3855,9574.269999999968,2.641649954421129,688
2013-10-27,CA_1,CA,HOBBIES,Sunday,2,10,2013,NA,NA,NA,NA,0,0,1,579,1740.4700000000018,3.950978021978004,168
2013-10-27,CA_1,CA,HOUSEHOLD,Sunday,2,10,2013,NA,NA,NA,NA,0,0,1,1037,4587.740000000002,4.854644268774711,401
2013-10-28,CA_1,CA,FOODS,Monday,3,10,2013,NA,NA,NA,NA,0,0,0,2730,6681.939999999987,2.6693399339933777,618
2013-10-28,CA_1,CA,HOBBIES,Monday,3,10,2013,NA,NA,NA,NA,0,0,0,459,1791.6000000000015,4.574298245614017,160
2013-10-28,CA_1,CA,HOUSEHOLD,Monday,3,10,2013,NA,NA,NA,NA,0,0,0,754,2984.209999999999,4.704274750575598,333
2013-10-29,CA_1,CA,FOODS,Tuesday,4,10,2013,NA,NA,NA,NA,0,0,0,2386,5891.269999999998,2.714756179024695,613
2013-10-29,CA_1,CA,HOBBIES,Tuesday,4,10,2013,NA,NA,NA,NA,0,0,0,420,1480.0300000000013,4.254116883116868,149
2013-10-29,CA_1,CA,HOUSEHOLD,Tuesday,4,10,2013,NA,NA,NA,NA,0,0,0,603,2451.4100000000026,4.886833192209991,304
2013-10-30,CA_1,CA,FOODS,Wednesday,5,10,2013,NA,NA,NA,NA,0,0,0,2493,6111.269999999985,2.695009658725023,608
2013-10-30,CA_1,CA,HOBBIES,Wednesday,5,10,2013,NA,NA,NA,NA,0,0,0,599,1546.9700000000016,3.6663559322033787,154
2013-10-30,CA_1,CA,HOUSEHOLD,Wednesday,5,10,2013,NA,NA,NA,NA,0,0,0,656,2766.370000000003,4.894488124488126,317
2013-10-31,CA_1,CA,FOODS,Thursday,6,10,2013,Halloween,Cultural,NA,NA,0,1,0,2134,5196.439999999998,2.7195564370717396,582
2013-10-31,CA_1,CA,HOBBIES,Thursday,6,10,2013,Halloween,Cultural,NA,NA,0,1,0,368,1362.4400000000012,4.50088435374148,132
2013-10-31,CA_1,CA,HOUSEHOLD,Thursday,6,10,2013,Halloween,Cultural,NA,NA,0,1,0,480,1981.8300000000047,4.985846153846148,257
2013-11-01,CA_1,CA,FOODS,Friday,7,11,2013,NA,NA,NA,NA,1,0,0,3120,7449.57999999998,2.5941785323110427,689
2013-11-01,CA_1,CA,HOBBIES,Friday,7,11,2013,NA,NA,NA,NA,1,0,0,501,2111.1000000000013,4.608274173806592,183
2013-11-01,CA_1,CA,HOUSEHOLD,Friday,7,11,2013,NA,NA,NA,NA,1,0,0,853,3567.509999999998,4.771334300217555,356
2013-11-02,CA_1,CA,FOODS,Saturday,1,11,2013,NA,NA,NA,NA,1,0,1,3665,8790.439999999982,2.5748210425173985,724
2013-11-02,CA_1,CA,HOBBIES,Saturday,1,11,2013,NA,NA,NA,NA,1,0,1,619,2303.4899999999993,4.222377850162853,197
2013-11-02,CA_1,CA,HOUSEHOLD,Saturday,1,11,2013,NA,NA,NA,NA,1,0,1,1141,4894.85,4.693660493827164,403
2013-11-03,CA_1,CA,FOODS,Sunday,2,11,2013,NA,NA,NA,NA,1,0,1,4408,10687.369999999963,2.5709265306122306,730
2013-11-03,CA_1,CA,HOBBIES,Sunday,2,11,2013,NA,NA,NA,NA,1,0,1,601,2139.790000000001,4.226030701754371,188
2013-11-03,CA_1,CA,HOUSEHOLD,Sunday,2,11,2013,NA,NA,NA,NA,1,0,1,1171,4808.670000000003,4.587155797101453,397
2013-11-04,CA_1,CA,FOODS,Monday,3,11,2013,NA,NA,NA,NA,1,0,0,2863,7024.2399999999825,2.6597002328288526,649
2013-11-04,CA_1,CA,HOBBIES,Monday,3,11,2013,NA,NA,NA,NA,1,0,0,433,1623.9700000000018,4.470526315789456,153
2013-11-04,CA_1,CA,HOUSEHOLD,Monday,3,11,2013,NA,NA,NA,NA,1,0,0,765,3172.3399999999992,4.806134644478069,325
2013-11-05,CA_1,CA,FOODS,Tuesday,4,11,2013,NA,NA,NA,NA,1,0,0,2665,6540.669999999986,2.669341463414611,607
2013-11-05,CA_1,CA,HOBBIES,Tuesday,4,11,2013,NA,NA,NA,NA,1,0,0,559,1513.560000000001,3.7756953642383966,152
2013-11-05,CA_1,CA,HOUSEHOLD,Tuesday,4,11,2013,NA,NA,NA,NA,1,0,0,611,2662.740000000002,5.001400165700088,286
2013-11-06,CA_1,CA,FOODS,Wednesday,5,11,2013,NA,NA,NA,NA,1,0,0,2543,6320.5199999999895,2.6990489731437357,600
2013-11-06,CA_1,CA,HOBBIES,Wednesday,5,11,2013,NA,NA,NA,NA,1,0,0,405,1456.720000000001,4.449123505976078,151
2013-11-06,CA_1,CA,HOUSEHOLD,Wednesday,5,11,2013,NA,NA,NA,NA,1,0,0,608,2508.9700000000016,4.915841750841753,302
2013-11-07,CA_1,CA,FOODS,Thursday,6,11,2013,NA,NA,NA,NA,1,0,0,2497,5728.119999999991,2.567086135126457,596
2013-11-07,CA_1,CA,HOBBIES,Thursday,6,11,2013,NA,NA,NA,NA,1,0,0,414,1334.9100000000012,4.216727509778338,146
2013-11-07,CA_1,CA,HOUSEHOLD,Thursday,6,11,2013,NA,NA,NA,NA,1,0,0,589,2482.560000000001,4.9525597269624555,299
2013-11-08,CA_1,CA,FOODS,Friday,7,11,2013,NA,NA,NA,NA,1,0,0,2955,7089.329999999985,2.6105337475289225,636
2013-11-08,CA_1,CA,HOBBIES,Friday,7,11,2013,NA,NA,NA,NA,1,0,0,479,1444.670000000002,4.0257818181818035,153
2013-11-08,CA_1,CA,HOUSEHOLD,Friday,7,11,2013,NA,NA,NA,NA,1,0,0,692,2883.8099999999977,4.88327272727273,309
2013-11-09,CA_1,CA,FOODS,Saturday,1,11,2013,NA,NA,NA,NA,1,0,1,3648,8837.589999999973,2.590280484906091,664
2013-11-09,CA_1,CA,HOBBIES,Saturday,1,11,2013,NA,NA,NA,NA,1,0,1,699,2185.119999999999,3.8373465346534537,188
2013-11-09,CA_1,CA,HOUSEHOLD,Saturday,1,11,2013,NA,NA,NA,NA,1,0,1,941,3775.079999999998,4.677466945024363,388
2013-11-10,CA_1,CA,FOODS,Sunday,2,11,2013,NA,NA,NA,NA,1,0,1,4145,10226.519999999979,2.5994470538001555,684
2013-11-10,CA_1,CA,HOBBIES,Sunday,2,11,2013,NA,NA,NA,NA,1,0,1,592,1933.6900000000026,4.0183762597984165,198
2013-11-10,CA_1,CA,HOUSEHOLD,Sunday,2,11,2013,NA,NA,NA,NA,1,0,1,1075,4359.89,4.63683776932827,381
2013-11-11,CA_1,CA,FOODS,Monday,3,11,2013,VeteransDay,National,NA,NA,0,1,0,3067,7666.459999999982,2.6779642857142645,650
2013-11-11,CA_1,CA,HOBBIES,Monday,3,11,2013,VeteransDay,National,NA,NA,0,1,0,510,1761.8400000000022,4.308213429256577,175
2013-11-11,CA_1,CA,HOUSEHOLD,Monday,3,11,2013,VeteransDay,National,NA,NA,0,1,0,793,3275.909999999996,4.775548961424336,329
2013-11-12,CA_1,CA,FOODS,Tuesday,4,11,2013,NA,NA,NA,NA,0,0,0,2215,5413.649999999993,2.7104350852766865,565
2013-11-12,CA_1,CA,HOBBIES,Tuesday,4,11,2013,NA,NA,NA,NA,0,0,0,437,1363.6000000000004,4.285942211055259,140
2013-11-12,CA_1,CA,HOUSEHOLD,Tuesday,4,11,2013,NA,NA,NA,NA,0,0,0,579,2351.0900000000006,4.886184773310516,294
2013-11-13,CA_1,CA,FOODS,Wednesday,5,11,2013,NA,NA,NA,NA,0,0,0,2124,5021.079999999998,2.6589593727726073,541
2013-11-13,CA_1,CA,HOBBIES,Wednesday,5,11,2013,NA,NA,NA,NA,0,0,0,401,1510.1200000000028,4.54069241011982,149
2013-11-13,CA_1,CA,HOUSEHOLD,Wednesday,5,11,2013,NA,NA,NA,NA,0,0,0,563,2302.7600000000043,4.947411865864141,284
2013-11-14,CA_1,CA,FOODS,Thursday,6,11,2013,NA,NA,NA,NA,0,0,0,2309,5386.359999999992,2.6169498984427673,578
2013-11-14,CA_1,CA,HOBBIES,Thursday,6,11,2013,NA,NA,NA,NA,0,0,0,374,1250.4100000000008,4.365710419485773,134
2013-11-14,CA_1,CA,HOUSEHOLD,Thursday,6,11,2013,NA,NA,NA,NA,0,0,0,554,2251.9000000000033,4.937167235494878,266
2013-11-15,CA_1,CA,FOODS,Friday,7,11,2013,NA,NA,NA,NA,0,0,0,2589,6260.189999999985,2.64858974358972,614
2013-11-15,CA_1,CA,HOBBIES,Friday,7,11,2013,NA,NA,NA,NA,0,0,0,703,1779.270000000002,3.461162343900081,161
2013-11-15,CA_1,CA,HOUSEHOLD,Friday,7,11,2013,NA,NA,NA,NA,0,0,0,655,2748.479999999999,4.875884270578647,312
2013-11-16,CA_1,CA,FOODS,Saturday,1,11,2013,NA,NA,NA,NA,0,0,1,3701,8687.069999999978,2.5176132858837312,709
2013-11-16,CA_1,CA,HOBBIES,Saturday,1,11,2013,NA,NA,NA,NA,0,0,1,690,2532.4099999999994,4.137876016260148,205
2013-11-16,CA_1,CA,HOUSEHOLD,Saturday,1,11,2013,NA,NA,NA,NA,0,0,1,1111,4654.649999999992,4.684600377595977,409
2013-11-17,CA_1,CA,FOODS,Sunday,2,11,2013,NA,NA,NA,NA,0,0,1,3781,9191.249999999985,2.5805280222324987,686
2013-11-17,CA_1,CA,HOBBIES,Sunday,2,11,2013,NA,NA,NA,NA,0,0,1,554,2100.2000000000016,4.388634259259243,189
2013-11-17,CA_1,CA,HOUSEHOLD,Sunday,2,11,2013,NA,NA,NA,NA,0,0,1,1095,4734.559999999997,4.741530158730162,407
2013-11-18,CA_1,CA,FOODS,Monday,3,11,2013,NA,NA,NA,NA,0,0,0,2550,6031.38999999999,2.609397476340673,603
2013-11-18,CA_1,CA,HOBBIES,Monday,3,11,2013,NA,NA,NA,NA,0,0,0,532,1735.890000000002,4.139230769230754,173
2013-11-18,CA_1,CA,HOUSEHOLD,Monday,3,11,2013,NA,NA,NA,NA,0,0,0,659,2602.8699999999994,4.7878102189781,313
2013-11-19,CA_1,CA,FOODS,Tuesday,4,11,2013,NA,NA,NA,NA,0,0,0,2242,5447.289999999985,2.6915299026425332,589
2013-11-19,CA_1,CA,HOBBIES,Tuesday,4,11,2013,NA,NA,NA,NA,0,0,0,432,1386.6500000000015,4.238877419354823,156
2013-11-19,CA_1,CA,HOUSEHOLD,Tuesday,4,11,2013,NA,NA,NA,NA,0,0,0,551,2240.3900000000044,4.952427947598246,293
2013-11-20,CA_1,CA,FOODS,Wednesday,5,11,2013,NA,NA,NA,NA,0,0,0,2130,5074.339999999994,2.669652454317422,562
2013-11-20,CA_1,CA,HOBBIES,Wednesday,5,11,2013,NA,NA,NA,NA,0,0,0,387,1417.6500000000021,4.521472556894224,139
2013-11-20,CA_1,CA,HOUSEHOLD,Wednesday,5,11,2013,NA,NA,NA,NA,0,0,0,583,2360.5100000000016,4.872197802197798,287
2013-11-21,CA_1,CA,FOODS,Thursday,6,11,2013,NA,NA,NA,NA,0,0,0,2260,5312.940000000004,2.6241305090536167,556
2013-11-21,CA_1,CA,HOBBIES,Thursday,6,11,2013,NA,NA,NA,NA,0,0,0,381,1420.2300000000012,4.645670816044239,157
2013-11-21,CA_1,CA,HOUSEHOLD,Thursday,6,11,2013,NA,NA,NA,NA,0,0,0,539,2164.3400000000042,4.937920277296357,272
2013-11-22,CA_1,CA,FOODS,Friday,7,11,2013,NA,NA,NA,NA,0,0,0,2597,6258.439999999991,2.6544632942627797,578
2013-11-22,CA_1,CA,HOBBIES,Friday,7,11,2013,NA,NA,NA,NA,0,0,0,582,2002.0100000000011,4.171223814773963,174
2013-11-22,CA_1,CA,HOUSEHOLD,Friday,7,11,2013,NA,NA,NA,NA,0,0,0,742,3059.369999999998,4.76415065334358,328
2013-11-23,CA_1,CA,FOODS,Saturday,1,11,2013,NA,NA,NA,NA,0,0,1,3645,8511.65999999997,2.507588023952074,695
2013-11-23,CA_1,CA,HOBBIES,Saturday,1,11,2013,NA,NA,NA,NA,0,0,1,691,2509.9799999999987,4.136213197969528,207
2013-11-23,CA_1,CA,HOUSEHOLD,Saturday,1,11,2013,NA,NA,NA,NA,0,0,1,998,4349.490000000002,4.8357152451309595,397
2013-11-24,CA_1,CA,FOODS,Sunday,2,11,2013,NA,NA,NA,NA,0,0,1,3680,8641.08999999998,2.5249078449905284,673
2013-11-24,CA_1,CA,HOBBIES,Sunday,2,11,2013,NA,NA,NA,NA,0,0,1,568,2338.24,4.528105022831033,193
2013-11-24,CA_1,CA,HOUSEHOLD,Sunday,2,11,2013,NA,NA,NA,NA,0,0,1,1040,4615.699999999996,4.8242254449571575,411
2013-11-25,CA_1,CA,FOODS,Monday,3,11,2013,NA,NA,NA,NA,0,0,0,2800,6549.0699999999815,2.5890855803047805,613
2013-11-25,CA_1,CA,HOBBIES,Monday,3,11,2013,NA,NA,NA,NA,0,0,0,488,1626.2600000000025,4.15592411260708,172
2013-11-25,CA_1,CA,HOUSEHOLD,Monday,3,11,2013,NA,NA,NA,NA,0,0,0,746,3151.699999999998,4.871336939721794,340
2013-11-26,CA_1,CA,FOODS,Tuesday,4,11,2013,NA,NA,NA,NA,0,0,0,2931,6782.419999999985,2.548428571428549,586
2013-11-26,CA_1,CA,HOBBIES,Tuesday,4,11,2013,NA,NA,NA,NA,0,0,0,536,1482.7900000000013,3.929616279069752,177
2013-11-26,CA_1,CA,HOUSEHOLD,Tuesday,4,11,2013,NA,NA,NA,NA,0,0,0,650,2792.4599999999996,4.933376729048005,309
2013-11-27,CA_1,CA,FOODS,Wednesday,5,11,2013,NA,NA,NA,NA,0,0,0,3309,7645.229999999979,2.5189433578866955,597
2013-11-27,CA_1,CA,HOBBIES,Wednesday,5,11,2013,NA,NA,NA,NA,0,0,0,453,1586.5600000000009,4.327554140127368,169
2013-11-27,CA_1,CA,HOUSEHOLD,Wednesday,5,11,2013,NA,NA,NA,NA,0,0,0,725,2914.19,4.810432098765432,317
2013-11-28,CA_1,CA,FOODS,Thursday,6,11,2013,Thanksgiving,National,NA,NA,0,1,0,1838,3897.090000000007,2.5496675382891043,386
2013-11-28,CA_1,CA,HOBBIES,Thursday,6,11,2013,Thanksgiving,National,NA,NA,0,1,0,187,780.0600000000004,5.011249999999981,88
2013-11-28,CA_1,CA,HOUSEHOLD,Thursday,6,11,2013,Thanksgiving,National,NA,NA,0,1,0,334,1431.5500000000036,5.159881656804725,208
2013-11-29,CA_1,CA,FOODS,Friday,7,11,2013,NA,NA,NA,NA,0,0,0,1839,4280.440000000001,2.6809514637904224,468
2013-11-29,CA_1,CA,HOBBIES,Friday,7,11,2013,NA,NA,NA,NA,0,0,0,293,1106.1500000000015,4.765159332321681,135
2013-11-29,CA_1,CA,HOUSEHOLD,Friday,7,11,2013,NA,NA,NA,NA,0,0,0,503,2126.0300000000043,5.003111510791358,279
2013-11-30,CA_1,CA,FOODS,Saturday,1,11,2013,NA,NA,NA,NA,0,0,1,2281,5585.459999999989,2.6959693877550803,566
2013-11-30,CA_1,CA,HOBBIES,Saturday,1,11,2013,NA,NA,NA,NA,0,0,1,407,1682.5600000000018,4.70567493112946,182
2013-11-30,CA_1,CA,HOUSEHOLD,Saturday,1,11,2013,NA,NA,NA,NA,0,0,1,764,3144.05,4.770143613000756,329
2013-12-01,CA_1,CA,FOODS,Sunday,2,12,2013,NA,NA,NA,NA,1,0,1,3208,8076.6799999999885,2.6925625493810674,636
2013-12-01,CA_1,CA,HOBBIES,Sunday,2,12,2013,NA,NA,NA,NA,1,0,1,722,2329.0299999999975,3.845314960629908,207
2013-12-01,CA_1,CA,HOUSEHOLD,Sunday,2,12,2013,NA,NA,NA,NA,1,0,1,956,3986.6900000000005,4.733957909029198,371
2013-12-02,CA_1,CA,FOODS,Monday,3,12,2013,NA,NA,NA,NA,1,0,0,3185,7389.619999999974,2.5351561672842546,632
2013-12-02,CA_1,CA,HOBBIES,Monday,3,12,2013,NA,NA,NA,NA,1,0,0,800,1865.9700000000016,3.296654804270451,177
2013-12-02,CA_1,CA,HOUSEHOLD,Monday,3,12,2013,NA,NA,NA,NA,1,0,0,730,3123.1699999999983,4.849607390300231,319
2013-12-03,CA_1,CA,FOODS,Tuesday,4,12,2013,NA,NA,NA,NA,1,0,0,2884,6854.489999999992,2.5938291774147104,620
2013-12-03,CA_1,CA,HOBBIES,Tuesday,4,12,2013,NA,NA,NA,NA,1,0,0,611,1580.7900000000022,3.7098624338624187,167
2013-12-03,CA_1,CA,HOUSEHOLD,Tuesday,4,12,2013,NA,NA,NA,NA,1,0,0,719,2919.42,4.792882672882674,320
2013-12-04,CA_1,CA,FOODS,Wednesday,5,12,2013,NA,NA,NA,NA,1,0,0,2738,6370.019999999985,2.5795159844636752,616
2013-12-04,CA_1,CA,HOBBIES,Wednesday,5,12,2013,NA,NA,NA,NA,1,0,0,521,1748.4900000000018,4.180558139534867,162
2013-12-04,CA_1,CA,HOUSEHOLD,Wednesday,5,12,2013,NA,NA,NA,NA,1,0,0,582,2482.1900000000014,4.953468354430375,285
2013-12-05,CA_1,CA,FOODS,Thursday,6,12,2013,Chanukah End,Religious,NA,NA,1,1,0,2637,6073.999999999985,2.5581228981962467,591
2013-12-05,CA_1,CA,HOBBIES,Thursday,6,12,2013,Chanukah End,Religious,NA,NA,1,1,0,514,1685.5900000000022,4.2084460260972545,172
2013-12-05,CA_1,CA,HOUSEHOLD,Thursday,6,12,2013,Chanukah End,Religious,NA,NA,1,1,0,680,2957.6399999999994,4.936537530266347,329
2013-12-06,CA_1,CA,FOODS,Friday,7,12,2013,NA,NA,NA,NA,1,0,0,3118,7312.729999999987,2.5624703663792907,631
2013-12-06,CA_1,CA,HOBBIES,Friday,7,12,2013,NA,NA,NA,NA,1,0,0,496,1819.8200000000027,4.359134146341447,177
2013-12-06,CA_1,CA,HOUSEHOLD,Friday,7,12,2013,NA,NA,NA,NA,1,0,0,796,3594.3600000000024,5.003636363636366,342
2013-12-07,CA_1,CA,FOODS,Saturday,1,12,2013,NA,NA,NA,NA,1,0,1,4281,9751.639999999965,2.4551498862931407,670
2013-12-07,CA_1,CA,HOBBIES,Saturday,1,12,2013,NA,NA,NA,NA,1,0,1,717,2178.6300000000006,3.866333666333651,217
2013-12-07,CA_1,CA,HOUSEHOLD,Saturday,1,12,2013,NA,NA,NA,NA,1,0,1,884,3797.940000000002,4.829549612948631,352
2013-12-08,CA_1,CA,FOODS,Sunday,2,12,2013,NA,NA,NA,NA,1,0,1,3962,9492.099999999979,2.5543979637007364,670
2013-12-08,CA_1,CA,HOBBIES,Sunday,2,12,2013,NA,NA,NA,NA,1,0,1,619,2178.090000000001,4.15548317046687,199
2013-12-08,CA_1,CA,HOUSEHOLD,Sunday,2,12,2013,NA,NA,NA,NA,1,0,1,881,3904.0499999999975,4.895408090844576,361
2013-12-09,CA_1,CA,FOODS,Monday,3,12,2013,NA,NA,NA,NA,1,0,0,2913,7157.989999999989,2.6646973158195126,637
2013-12-09,CA_1,CA,HOBBIES,Monday,3,12,2013,NA,NA,NA,NA,1,0,0,489,1929.8700000000013,4.502813267813249,176
2013-12-09,CA_1,CA,HOUSEHOLD,Monday,3,12,2013,NA,NA,NA,NA,1,0,0,680,2845.9299999999994,4.859482071713149,314
2013-12-10,CA_1,CA,FOODS,Tuesday,4,12,2013,NA,NA,NA,NA,1,0,0,3160,6999.059999999986,2.459091152098349,645
2013-12-10,CA_1,CA,HOBBIES,Tuesday,4,12,2013,NA,NA,NA,NA,1,0,0,500,1617.760000000002,4.189904306220077,165
2013-12-10,CA_1,CA,HOUSEHOLD,Tuesday,4,12,2013,NA,NA,NA,NA,1,0,0,636,2823.100000000001,5.117393838467946,324
2013-12-11,CA_1,CA,FOODS,Wednesday,5,12,2013,NA,NA,NA,NA,0,0,0,2443,5900.789999999993,2.651173617846727,576
2013-12-11,CA_1,CA,HOBBIES,Wednesday,5,12,2013,NA,NA,NA,NA,0,0,0,401,1539.1900000000016,4.5926486486486295,162
2013-12-11,CA_1,CA,HOUSEHOLD,Wednesday,5,12,2013,NA,NA,NA,NA,0,0,0,522,2253.7900000000022,5.020150842945869,284
2013-12-12,CA_1,CA,FOODS,Thursday,6,12,2013,NA,NA,NA,NA,0,0,0,2389,5710.289999999993,2.646654593348676,578
2013-12-12,CA_1,CA,HOBBIES,Thursday,6,12,2013,NA,NA,NA,NA,0,0,0,542,1682.190000000002,4.100602678571414,147
2013-12-12,CA_1,CA,HOUSEHOLD,Thursday,6,12,2013,NA,NA,NA,NA,0,0,0,520,2184.4400000000055,5.019110320284687,285
2013-12-13,CA_1,CA,FOODS,Friday,7,12,2013,NA,NA,NA,NA,0,0,0,2738,6539.769999999988,2.6113540740740513,589
2013-12-13,CA_1,CA,HOBBIES,Friday,7,12,2013,NA,NA,NA,NA,0,0,0,574,1961.3000000000025,4.1648206278026745,183
2013-12-13,CA_1,CA,HOUSEHOLD,Friday,7,12,2013,NA,NA,NA,NA,0,0,0,677,2851.050000000002,4.914316720257228,322
2013-12-14,CA_1,CA,FOODS,Saturday,1,12,2013,NA,NA,NA,NA,0,0,1,3660,8632.089999999984,2.53595935727786,657
2013-12-14,CA_1,CA,HOBBIES,Saturday,1,12,2013,NA,NA,NA,NA,0,0,1,712,2320.42,3.930688976377939,198
2013-12-14,CA_1,CA,HOUSEHOLD,Saturday,1,12,2013,NA,NA,NA,NA,0,0,1,927,3972.899999999998,4.813397923875436,372
2013-12-15,CA_1,CA,FOODS,Sunday,2,12,2013,NA,NA,NA,NA,0,0,1,3651,9129.499999999976,2.6497655139743985,658
2013-12-15,CA_1,CA,HOBBIES,Sunday,2,12,2013,NA,NA,NA,NA,0,0,1,573,2360.2099999999996,4.510826636050503,204
2013-12-15,CA_1,CA,HOUSEHOLD,Sunday,2,12,2013,NA,NA,NA,NA,0,0,1,948,4070.429999999997,4.8226196990424155,376
2013-12-16,CA_1,CA,FOODS,Monday,3,12,2013,NA,NA,NA,NA,0,0,0,2848,6923.55999999999,2.6384045008655272,611
2013-12-16,CA_1,CA,HOBBIES,Monday,3,12,2013,NA,NA,NA,NA,0,0,0,546,1858.6200000000017,4.1992058165547945,154
2013-12-16,CA_1,CA,HOUSEHOLD,Monday,3,12,2013,NA,NA,NA,NA,0,0,0,670,2865.7299999999996,4.893683360258479,322
2013-12-17,CA_1,CA,FOODS,Tuesday,4,12,2013,NA,NA,NA,NA,0,0,0,2403,5833.339999999996,2.663171605340257,561
2013-12-17,CA_1,CA,HOBBIES,Tuesday,4,12,2013,NA,NA,NA,NA,0,0,0,497,1829.170000000001,4.440496453900693,153
2013-12-17,CA_1,CA,HOUSEHOLD,Tuesday,4,12,2013,NA,NA,NA,NA,0,0,0,579,2569.5700000000024,4.983725490196078,296
2013-12-18,CA_1,CA,FOODS,Wednesday,5,12,2013,NA,NA,NA,NA,0,0,0,2517,6135.959999999992,2.6684622641509157,566
2013-12-18,CA_1,CA,HOBBIES,Wednesday,5,12,2013,NA,NA,NA,NA,0,0,0,409,1628.0800000000017,4.623293333333312,161
2013-12-18,CA_1,CA,HOUSEHOLD,Wednesday,5,12,2013,NA,NA,NA,NA,0,0,0,527,2210.9200000000046,4.92205395996518,268
2013-12-19,CA_1,CA,FOODS,Thursday,6,12,2013,NA,NA,NA,NA,0,0,0,2626,6510.329999999985,2.6838222632226043,603
2013-12-19,CA_1,CA,HOBBIES,Thursday,6,12,2013,NA,NA,NA,NA,0,0,0,522,1646.940000000002,4.112473745624254,167
2013-12-19,CA_1,CA,HOUSEHOLD,Thursday,6,12,2013,NA,NA,NA,NA,0,0,0,574,2544.5400000000022,5.023614457831321,302
2013-12-20,CA_1,CA,FOODS,Friday,7,12,2013,NA,NA,NA,NA,0,0,0,2674,6390.719999999984,2.630663663663639,573
2013-12-20,CA_1,CA,HOBBIES,Friday,7,12,2013,NA,NA,NA,NA,0,0,0,592,1955.090000000003,4.055973741794297,180
2013-12-20,CA_1,CA,HOUSEHOLD,Friday,7,12,2013,NA,NA,NA,NA,0,0,0,637,2839.170000000001,5.03310743801653,317
2013-12-21,CA_1,CA,FOODS,Saturday,1,12,2013,NA,NA,NA,NA,0,0,1,3715,8826.96999999997,2.5370787567188358,667
2013-12-21,CA_1,CA,HOBBIES,Saturday,1,12,2013,NA,NA,NA,NA,0,0,1,676,2339.449999999998,4.020609504132215,210
2013-12-21,CA_1,CA,HOUSEHOLD,Saturday,1,12,2013,NA,NA,NA,NA,0,0,1,970,4306.599999999997,4.847031039136305,379
2013-12-22,CA_1,CA,FOODS,Sunday,2,12,2013,NA,NA,NA,NA,0,0,1,3729,9020.709999999975,2.5705531024866173,657
2013-12-22,CA_1,CA,HOBBIES,Sunday,2,12,2013,NA,NA,NA,NA,0,0,1,661,2299.490000000001,4.1333852544132785,200
2013-12-22,CA_1,CA,HOUSEHOLD,Sunday,2,12,2013,NA,NA,NA,NA,0,0,1,966,4203.209999999997,4.847853223593968,399
2013-12-23,CA_1,CA,FOODS,Monday,3,12,2013,NA,NA,NA,NA,0,0,0,3537,8558.759999999977,2.584892034548921,600
2013-12-23,CA_1,CA,HOBBIES,Monday,3,12,2013,NA,NA,NA,NA,0,0,0,568,2219.68,4.523817142857125,195
2013-12-23,CA_1,CA,HOUSEHOLD,Monday,3,12,2013,NA,NA,NA,NA,0,0,0,694,2900.2800000000007,4.867420634920639,325
2013-12-24,CA_1,CA,FOODS,Tuesday,4,12,2013,NA,NA,NA,NA,0,0,0,2620,5963.739999999987,2.53636853125932,508
2013-12-24,CA_1,CA,HOBBIES,Tuesday,4,12,2013,NA,NA,NA,NA,0,0,0,390,1617.090000000002,4.680095367847391,158
2013-12-24,CA_1,CA,HOUSEHOLD,Tuesday,4,12,2013,NA,NA,NA,NA,0,0,0,448,1733.2400000000036,4.98005540166204,256
2013-12-25,CA_1,CA,FOODS,Wednesday,5,12,2013,Christmas,National,NA,NA,0,1,0,0,0,3.2477010560519957,0
2013-12-25,CA_1,CA,HOBBIES,Wednesday,5,12,2013,Christmas,National,NA,NA,0,1,0,0,0,5.434322709163321,0
2013-12-25,CA_1,CA,HOUSEHOLD,Wednesday,5,12,2013,Christmas,National,NA,NA,0,1,0,0,0,5.388698092031409,0
2013-12-26,CA_1,CA,FOODS,Thursday,6,12,2013,NA,NA,NA,NA,0,0,0,2485,5601.20999999999,2.5375773679274514,517
2013-12-26,CA_1,CA,HOBBIES,Thursday,6,12,2013,NA,NA,NA,NA,0,0,0,428,1518.0300000000009,4.356152866242019,145
2013-12-26,CA_1,CA,HOUSEHOLD,Thursday,6,12,2013,NA,NA,NA,NA,0,0,0,657,2863.660000000001,4.991220695230398,311
2013-12-27,CA_1,CA,FOODS,Friday,7,12,2013,NA,NA,NA,NA,0,0,0,2767,6424.71999999998,2.556798603026751,562
2013-12-27,CA_1,CA,HOBBIES,Friday,7,12,2013,NA,NA,NA,NA,0,0,0,545,1731.6700000000017,4.051320541760704,161
2013-12-27,CA_1,CA,HOUSEHOLD,Friday,7,12,2013,NA,NA,NA,NA,0,0,0,777,3452.5199999999963,4.958706058339567,331
2013-12-28,CA_1,CA,FOODS,Saturday,1,12,2013,NA,NA,NA,NA,0,0,1,3209,7551.88999999998,2.5649260316636178,592
2013-12-28,CA_1,CA,HOBBIES,Saturday,1,12,2013,NA,NA,NA,NA,0,0,1,461,2030.500000000002,4.777436224489779,179
2013-12-28,CA_1,CA,HOUSEHOLD,Saturday,1,12,2013,NA,NA,NA,NA,0,0,1,905,3978.8399999999974,4.877358229598896,351
2013-12-29,CA_1,CA,FOODS,Sunday,2,12,2013,NA,NA,NA,NA,0,0,1,3092,7350.749999999991,2.5918999467801807,570
2013-12-29,CA_1,CA,HOBBIES,Sunday,2,12,2013,NA,NA,NA,NA,0,0,1,396,1430.8700000000017,4.446856763925711,144
2013-12-29,CA_1,CA,HOUSEHOLD,Sunday,2,12,2013,NA,NA,NA,NA,0,0,1,793,3546.500000000002,4.9089617083947,327
2013-12-30,CA_1,CA,FOODS,Monday,3,12,2013,NA,NA,NA,NA,0,0,0,3085,7148.999999999987,2.544737962223969,562
2013-12-30,CA_1,CA,HOBBIES,Monday,3,12,2013,NA,NA,NA,NA,0,0,0,489,1516.4500000000023,4.045208581644798,152
2013-12-30,CA_1,CA,HOUSEHOLD,Monday,3,12,2013,NA,NA,NA,NA,0,0,0,720,2810.1399999999976,4.72171164225135,315
2013-12-31,CA_1,CA,FOODS,Tuesday,4,12,2013,NA,NA,NA,NA,0,0,0,3271,7376.809999999981,2.4793870314082858,559
2013-12-31,CA_1,CA,HOBBIES,Tuesday,4,12,2013,NA,NA,NA,NA,0,0,0,357,1554.240000000001,4.842127955493722,140
2013-12-31,CA_1,CA,HOUSEHOLD,Tuesday,4,12,2013,NA,NA,NA,NA,0,0,0,547,2307.2300000000037,4.979793814432988,275
2014-01-01,CA_1,CA,FOODS,Wednesday,5,1,2014,NewYear,National,NA,NA,1,1,0,2140,4747.200000000002,2.567010416666643,496
2014-01-01,CA_1,CA,HOBBIES,Wednesday,5,1,2014,NewYear,National,NA,NA,1,1,0,310,1223.9500000000005,4.769796215429385,125
2014-01-01,CA_1,CA,HOUSEHOLD,Wednesday,5,1,2014,NewYear,National,NA,NA,1,1,0,463,1943.090000000004,5.0604800724637595,251
2014-01-02,CA_1,CA,FOODS,Thursday,6,1,2014,NA,NA,NA,NA,1,0,0,2947,7115.289999999982,2.6293704936217153,577
2014-01-02,CA_1,CA,HOBBIES,Thursday,6,1,2014,NA,NA,NA,NA,1,0,0,717,2024.5700000000027,3.6802186311786933,167
2014-01-02,CA_1,CA,HOUSEHOLD,Thursday,6,1,2014,NA,NA,NA,NA,1,0,0,746,3231.7600000000007,4.897577125658393,309
2014-01-03,CA_1,CA,FOODS,Friday,7,1,2014,NA,NA,NA,NA,1,0,0,3343,7977.72999999998,2.578207523352665,618
2014-01-03,CA_1,CA,HOBBIES,Friday,7,1,2014,NA,NA,NA,NA,1,0,0,581,1994.3900000000017,4.151225382932151,169
2014-01-03,CA_1,CA,HOUSEHOLD,Friday,7,1,2014,NA,NA,NA,NA,1,0,0,779,3348.9100000000017,4.881690140845073,322
2014-01-04,CA_1,CA,FOODS,Saturday,1,1,2014,NA,NA,NA,NA,1,0,1,3701,8815.279999999979,2.550144859813065,663
2014-01-04,CA_1,CA,HOBBIES,Saturday,1,1,2014,NA,NA,NA,NA,1,0,1,542,2027.6500000000012,4.352786885245886,191
2014-01-04,CA_1,CA,HOUSEHOLD,Saturday,1,1,2014,NA,NA,NA,NA,1,0,1,844,3519.489999999998,4.8085187810063825,331
2014-01-05,CA_1,CA,FOODS,Sunday,2,1,2014,NA,NA,NA,NA,1,0,1,4029,9867.849999999979,2.592751895991314,656
2014-01-05,CA_1,CA,HOBBIES,Sunday,2,1,2014,NA,NA,NA,NA,1,0,1,620,2201.3699999999994,4.161790254237271,179
2014-01-05,CA_1,CA,HOUSEHOLD,Sunday,2,1,2014,NA,NA,NA,NA,1,0,1,823,3586.24,4.884879120879123,356
2014-01-06,CA_1,CA,FOODS,Monday,3,1,2014,NA,NA,NA,NA,1,0,0,3124,7973.58999999999,2.716427427961557,618
2014-01-06,CA_1,CA,HOBBIES,Monday,3,1,2014,NA,NA,NA,NA,1,0,0,522,1657.2900000000009,4.096397228637397,159
2014-01-06,CA_1,CA,HOUSEHOLD,Monday,3,1,2014,NA,NA,NA,NA,1,0,0,694,2806.3700000000013,4.805676720804332,299
2014-01-07,CA_1,CA,FOODS,Tuesday,4,1,2014,OrthodoxChristmas,Religious,NA,NA,1,1,0,2928,7119.939999999985,2.629881523272191,625
2014-01-07,CA_1,CA,HOBBIES,Tuesday,4,1,2014,OrthodoxChristmas,Religious,NA,NA,1,1,0,513,1872.6400000000017,4.3940391254315125,147
2014-01-07,CA_1,CA,HOUSEHOLD,Tuesday,4,1,2014,OrthodoxChristmas,Religious,NA,NA,1,1,0,602,2459.440000000003,4.883446843853817,296
2014-01-08,CA_1,CA,FOODS,Wednesday,5,1,2014,NA,NA,NA,NA,1,0,0,2668,6280.819999999986,2.5992540018121186,599
2014-01-08,CA_1,CA,HOBBIES,Wednesday,5,1,2014,NA,NA,NA,NA,1,0,0,456,1656.2000000000014,4.420687499999982,159
2014-01-08,CA_1,CA,HOUSEHOLD,Wednesday,5,1,2014,NA,NA,NA,NA,1,0,0,483,2035.520000000005,5.037560106856626,258
2014-01-09,CA_1,CA,FOODS,Thursday,6,1,2014,NA,NA,NA,NA,1,0,0,2363,5900.9099999999835,2.726789508632112,593
2014-01-09,CA_1,CA,HOBBIES,Thursday,6,1,2014,NA,NA,NA,NA,1,0,0,458,1769.490000000002,4.451744627054343,170
2014-01-09,CA_1,CA,HOUSEHOLD,Thursday,6,1,2014,NA,NA,NA,NA,1,0,0,574,2237.150000000004,4.832119932432431,288
2014-01-10,CA_1,CA,FOODS,Friday,7,1,2014,NA,NA,NA,NA,1,0,0,2949,7180.909999999989,2.631569506726432,623
2014-01-10,CA_1,CA,HOBBIES,Friday,7,1,2014,NA,NA,NA,NA,1,0,0,479,1633.3100000000018,4.198595848595831,163
2014-01-10,CA_1,CA,HOUSEHOLD,Friday,7,1,2014,NA,NA,NA,NA,1,0,0,706,2984.8500000000013,4.883825816485226,318
2014-01-11,CA_1,CA,FOODS,Saturday,1,1,2014,NA,NA,NA,NA,0,0,1,4024,9587.72999999997,2.531609724047286,705
2014-01-11,CA_1,CA,HOBBIES,Saturday,1,1,2014,NA,NA,NA,NA,0,0,1,621,2363.619999999999,4.371791845493549,194
2014-01-11,CA_1,CA,HOUSEHOLD,Saturday,1,1,2014,NA,NA,NA,NA,0,0,1,937,4034.139999999997,4.81771134020619,386
2014-01-12,CA_1,CA,FOODS,Sunday,2,1,2014,NA,NA,NA,NA,0,0,1,3852,8783.349999999979,2.4624026996625203,654
2014-01-12,CA_1,CA,HOBBIES,Sunday,2,1,2014,NA,NA,NA,NA,0,0,1,364,1816.9100000000005,5.1875521557718844,150
2014-01-12,CA_1,CA,HOUSEHOLD,Sunday,2,1,2014,NA,NA,NA,NA,0,0,1,846,3610.5299999999997,4.838128986534381,339
2014-01-13,CA_1,CA,FOODS,Monday,3,1,2014,NA,NA,NA,NA,0,0,0,2701,6405.369999999988,2.5976117611760947,615
2014-01-13,CA_1,CA,HOBBIES,Monday,3,1,2014,NA,NA,NA,NA,0,0,0,384,1509.4500000000016,4.6315102040816125,154
2014-01-13,CA_1,CA,HOUSEHOLD,Monday,3,1,2014,NA,NA,NA,NA,0,0,0,635,2569.750000000001,4.866514423076922,291
2014-01-14,CA_1,CA,FOODS,Tuesday,4,1,2014,NA,NA,NA,NA,0,0,0,2226,5068.410000000001,2.57585910652919,563
2014-01-14,CA_1,CA,HOBBIES,Tuesday,4,1,2014,NA,NA,NA,NA,0,0,0,425,1698.940000000001,4.646177606177585,153
2014-01-14,CA_1,CA,HOUSEHOLD,Tuesday,4,1,2014,NA,NA,NA,NA,0,0,0,507,2171.1500000000046,5.0367957746478815,275
2014-01-15,CA_1,CA,FOODS,Wednesday,5,1,2014,NA,NA,NA,NA,0,0,0,2242,5202.349999999996,2.6028502911955895,570
2014-01-15,CA_1,CA,HOBBIES,Wednesday,5,1,2014,NA,NA,NA,NA,0,0,0,440,1531.9800000000007,4.342161490683212,140
2014-01-15,CA_1,CA,HOUSEHOLD,Wednesday,5,1,2014,NA,NA,NA,NA,0,0,0,559,2422.1300000000056,5.003201716738196,298
2014-01-16,CA_1,CA,FOODS,Thursday,6,1,2014,NA,NA,NA,NA,0,0,0,2308,5337.88,2.6093232830820514,570
2014-01-16,CA_1,CA,HOBBIES,Thursday,6,1,2014,NA,NA,NA,NA,0,0,0,384,1757.380000000002,4.930177353342409,156
2014-01-16,CA_1,CA,HOUSEHOLD,Thursday,6,1,2014,NA,NA,NA,NA,0,0,0,501,2194.6600000000026,5.073519503546095,277
2014-01-17,CA_1,CA,FOODS,Friday,7,1,2014,NA,NA,NA,NA,0,0,0,2980,6727.719999999984,2.5000525878770854,614
2014-01-17,CA_1,CA,HOBBIES,Friday,7,1,2014,NA,NA,NA,NA,0,0,0,476,1501.5200000000011,4.177397590361429,151
2014-01-17,CA_1,CA,HOUSEHOLD,Friday,7,1,2014,NA,NA,NA,NA,0,0,0,681,2715.140000000002,4.831788235294112,310
2014-01-18,CA_1,CA,FOODS,Saturday,1,1,2014,NA,NA,NA,NA,0,0,1,3867,8953.129999999968,2.494996600951712,703
2014-01-18,CA_1,CA,HOBBIES,Saturday,1,1,2014,NA,NA,NA,NA,0,0,1,569,1969.7600000000025,4.215238623751373,175
2014-01-18,CA_1,CA,HOUSEHOLD,Saturday,1,1,2014,NA,NA,NA,NA,0,0,1,1045,4183.05,4.6168094629156045,392
2014-01-19,CA_1,CA,FOODS,Sunday,2,1,2014,NA,NA,NA,NA,0,0,1,3596,8421.829999999974,2.530491606714606,675
2014-01-19,CA_1,CA,HOBBIES,Sunday,2,1,2014,NA,NA,NA,NA,0,0,1,390,1619.1300000000012,4.742807745504822,174
2014-01-19,CA_1,CA,HOUSEHOLD,Sunday,2,1,2014,NA,NA,NA,NA,0,0,1,886,3787.2199999999975,4.834732453092428,358
2014-01-20,CA_1,CA,FOODS,Monday,3,1,2014,MartinLutherKingDay,National,NA,NA,0,1,0,2787,6692.499999999992,2.6204492415402334,608
2014-01-20,CA_1,CA,HOBBIES,Monday,3,1,2014,MartinLutherKingDay,National,NA,NA,0,1,0,503,1368.0800000000015,3.9394483568074956,158
2014-01-20,CA_1,CA,HOUSEHOLD,Monday,3,1,2014,MartinLutherKingDay,National,NA,NA,0,1,0,729,3122.3,4.905277349768877,342
2014-01-21,CA_1,CA,FOODS,Tuesday,4,1,2014,NA,NA,NA,NA,0,0,0,2005,4922.940000000003,2.7363482109922277,543
2014-01-21,CA_1,CA,HOBBIES,Tuesday,4,1,2014,NA,NA,NA,NA,0,0,0,500,1508.8900000000008,4.141571594877745,148
2014-01-21,CA_1,CA,HOUSEHOLD,Tuesday,4,1,2014,NA,NA,NA,NA,0,0,0,584,2338.0300000000047,4.938797308662738,306
2014-01-22,CA_1,CA,FOODS,Wednesday,5,1,2014,NA,NA,NA,NA,0,0,0,2105,4949.910000000003,2.646355871886096,544
2014-01-22,CA_1,CA,HOBBIES,Wednesday,5,1,2014,NA,NA,NA,NA,0,0,0,428,1359.79,4.314152119700728,133
2014-01-22,CA_1,CA,HOUSEHOLD,Wednesday,5,1,2014,NA,NA,NA,NA,0,0,0,576,2467.670000000004,5.017205638474294,281
2014-01-23,CA_1,CA,FOODS,Thursday,6,1,2014,NA,NA,NA,NA,0,0,0,2033,4807.650000000004,2.6749889705882106,562
2014-01-23,CA_1,CA,HOBBIES,Thursday,6,1,2014,NA,NA,NA,NA,0,0,0,324,1453.1800000000012,4.924227994227975,138
2014-01-23,CA_1,CA,HOUSEHOLD,Thursday,6,1,2014,NA,NA,NA,NA,0,0,0,515,2104.8300000000045,4.9620647419072546,283
2014-01-24,CA_1,CA,FOODS,Friday,7,1,2014,NA,NA,NA,NA,0,0,0,2786,6534.019999999986,2.581681363903563,633
2014-01-24,CA_1,CA,HOBBIES,Friday,7,1,2014,NA,NA,NA,NA,0,0,0,432,1581.1700000000017,4.459425287356304,156
2014-01-24,CA_1,CA,HOUSEHOLD,Friday,7,1,2014,NA,NA,NA,NA,0,0,0,682,2926.4299999999994,4.957407987470636,316
2014-01-25,CA_1,CA,FOODS,Saturday,1,1,2014,NA,NA,NA,NA,0,0,1,3345,7847.149999999989,2.5352798982188096,669
2014-01-25,CA_1,CA,HOBBIES,Saturday,1,1,2014,NA,NA,NA,NA,0,0,1,517,2140.5099999999998,4.6738875598085965,188
2014-01-25,CA_1,CA,HOUSEHOLD,Saturday,1,1,2014,NA,NA,NA,NA,0,0,1,888,3754.379999999999,4.823695955369598,367
2014-01-26,CA_1,CA,FOODS,Sunday,2,1,2014,NA,NA,NA,NA,0,0,1,3848,8976.149999999983,2.5086840919332816,664
2014-01-26,CA_1,CA,HOBBIES,Sunday,2,1,2014,NA,NA,NA,NA,0,0,1,533,2221.6099999999997,4.566867612293128,194
2014-01-26,CA_1,CA,HOUSEHOLD,Sunday,2,1,2014,NA,NA,NA,NA,0,0,1,976,3912.3199999999993,4.644781746031749,377
2014-01-27,CA_1,CA,FOODS,Monday,3,1,2014,NA,NA,NA,NA,0,0,0,2382,5800.789999999991,2.6766492488569322,574
2014-01-27,CA_1,CA,HOBBIES,Monday,3,1,2014,NA,NA,NA,NA,0,0,0,490,1680.5000000000007,4.2764105642256744,164
2014-01-27,CA_1,CA,HOUSEHOLD,Monday,3,1,2014,NA,NA,NA,NA,0,0,0,642,2755.0000000000014,4.934324540367705,304
2014-01-28,CA_1,CA,FOODS,Tuesday,4,1,2014,NA,NA,NA,NA,0,0,0,2009,4836.039999999995,2.6989598811292455,571
2014-01-28,CA_1,CA,HOBBIES,Tuesday,4,1,2014,NA,NA,NA,NA,0,0,0,335,1308.950000000001,4.774101838755286,135
2014-01-28,CA_1,CA,HOUSEHOLD,Tuesday,4,1,2014,NA,NA,NA,NA,0,0,0,529,2160.850000000004,4.942452991452986,272
2014-01-29,CA_1,CA,FOODS,Wednesday,5,1,2014,NA,NA,NA,NA,0,0,0,1871,4527.130000000003,2.7218892760355935,542
2014-01-29,CA_1,CA,HOBBIES,Wednesday,5,1,2014,NA,NA,NA,NA,0,0,0,285,1243.4600000000005,4.9905473372780875,116
2014-01-29,CA_1,CA,HOUSEHOLD,Wednesday,5,1,2014,NA,NA,NA,NA,0,0,0,465,1987.260000000004,5.057137809187273,246
2014-01-30,CA_1,CA,FOODS,Thursday,6,1,2014,NA,NA,NA,NA,0,0,0,1866,4671.480000000003,2.772635689183888,559
2014-01-30,CA_1,CA,HOBBIES,Thursday,6,1,2014,NA,NA,NA,NA,0,0,0,439,1267.7300000000007,4.090172413793087,134
2014-01-30,CA_1,CA,HOUSEHOLD,Thursday,6,1,2014,NA,NA,NA,NA,0,0,0,541,2144.8900000000035,4.967250859106522,290
2014-01-31,CA_1,CA,FOODS,Friday,7,1,2014,NA,NA,NA,NA,0,0,0,2963,7057.239999999981,2.5840464063384045,683
2014-01-31,CA_1,CA,HOBBIES,Friday,7,1,2014,NA,NA,NA,NA,0,0,0,620,2122.02,4.086659729448475,166
2014-01-31,CA_1,CA,HOUSEHOLD,Friday,7,1,2014,NA,NA,NA,NA,0,0,0,776,3086,4.767294469357249,351
2014-02-01,CA_1,CA,FOODS,Saturday,1,2,2014,NA,NA,NA,NA,1,0,1,4542,10939.169999999978,2.5366276067527123,764
2014-02-01,CA_1,CA,HOBBIES,Saturday,1,2,2014,NA,NA,NA,NA,1,0,1,705,2794.7399999999984,4.354386503067482,235
2014-02-01,CA_1,CA,HOUSEHOLD,Saturday,1,2,2014,NA,NA,NA,NA,1,0,1,1264,5329.479999999998,4.677174785100287,434
2014-02-02,CA_1,CA,FOODS,Sunday,2,2,2014,SuperBowl,Sporting,NA,NA,1,1,1,3817,9102.529999999979,2.547651098901081,706
2014-02-02,CA_1,CA,HOBBIES,Sunday,2,2,2014,SuperBowl,Sporting,NA,NA,1,1,1,422,1784.270000000002,4.807068965517224,176
2014-02-02,CA_1,CA,HOUSEHOLD,Sunday,2,2,2014,SuperBowl,Sporting,NA,NA,1,1,1,851,3739.3300000000013,4.906340097970614,337
2014-02-03,CA_1,CA,FOODS,Monday,3,2,2014,NA,NA,NA,NA,1,0,0,2856,6717.489999999986,2.5823668981481234,657
2014-02-03,CA_1,CA,HOBBIES,Monday,3,2,2014,NA,NA,NA,NA,1,0,0,502,1765.370000000001,4.228962264150927,162
2014-02-03,CA_1,CA,HOUSEHOLD,Monday,3,2,2014,NA,NA,NA,NA,1,0,0,803,3288.399999999997,4.77096820809249,334
2014-02-04,CA_1,CA,FOODS,Tuesday,4,2,2014,NA,NA,NA,NA,1,0,0,2408,5719.0899999999965,2.6392635024549684,610
2014-02-04,CA_1,CA,HOBBIES,Tuesday,4,2,2014,NA,NA,NA,NA,1,0,0,423,1666.9400000000014,4.630025706940854,153
2014-02-04,CA_1,CA,HOUSEHOLD,Tuesday,4,2,2014,NA,NA,NA,NA,1,0,0,630,2513.9800000000014,4.842579617834392,289
2014-02-05,CA_1,CA,FOODS,Wednesday,5,2,2014,NA,NA,NA,NA,1,0,0,2413,5688.059999999996,2.6150247279920653,637
2014-02-05,CA_1,CA,HOBBIES,Wednesday,5,2,2014,NA,NA,NA,NA,1,0,0,455,1523.050000000001,4.237423312883416,148
2014-02-05,CA_1,CA,HOUSEHOLD,Wednesday,5,2,2014,NA,NA,NA,NA,1,0,0,602,2329.0900000000033,4.84216828478964,281
2014-02-06,CA_1,CA,FOODS,Thursday,6,2,2014,NA,NA,NA,NA,1,0,0,2591,6191.849999999995,2.6301553760099208,630
2014-02-06,CA_1,CA,HOBBIES,Thursday,6,2,2014,NA,NA,NA,NA,1,0,0,400,1357.8500000000006,4.460092961487366,155
2014-02-06,CA_1,CA,HOUSEHOLD,Thursday,6,2,2014,NA,NA,NA,NA,1,0,0,575,2434.8300000000004,5.028179551122192,287
2014-02-07,CA_1,CA,FOODS,Friday,7,2,2014,NA,NA,NA,NA,1,0,0,2988,7401.269999999983,2.666965787997735,679
2014-02-07,CA_1,CA,HOBBIES,Friday,7,2,2014,NA,NA,NA,NA,1,0,0,495,1573.860000000001,4.1358333333333155,163
2014-02-07,CA_1,CA,HOUSEHOLD,Friday,7,2,2014,NA,NA,NA,NA,1,0,0,752,2737.329999999998,4.63271375464684,322
2014-02-08,CA_1,CA,FOODS,Saturday,1,2,2014,NA,NA,NA,NA,1,0,1,4083,9826.019999999959,2.5498455850369517,750
2014-02-08,CA_1,CA,HOBBIES,Saturday,1,2,2014,NA,NA,NA,NA,1,0,1,587,2367.63,4.481544532130763,209
2014-02-08,CA_1,CA,HOUSEHOLD,Saturday,1,2,2014,NA,NA,NA,NA,1,0,1,1082,4463.079999999998,4.683027061044688,410
2014-02-09,CA_1,CA,FOODS,Sunday,2,2,2014,NA,NA,NA,NA,1,0,1,4166,10072.52999999997,2.5701309121621385,695
2014-02-09,CA_1,CA,HOBBIES,Sunday,2,2,2014,NA,NA,NA,NA,1,0,1,387,1643.3500000000022,4.846166439290567,163
2014-02-09,CA_1,CA,HOUSEHOLD,Sunday,2,2,2014,NA,NA,NA,NA,1,0,1,1194,4796.120000000003,4.56248541423571,397
2014-02-10,CA_1,CA,FOODS,Monday,3,2,2014,NA,NA,NA,NA,1,0,0,3005,7421.5399999999745,2.6610432852385983,666
2014-02-10,CA_1,CA,HOBBIES,Monday,3,2,2014,NA,NA,NA,NA,1,0,0,553,1498.6200000000015,3.835317982456124,150
2014-02-10,CA_1,CA,HOUSEHOLD,Monday,3,2,2014,NA,NA,NA,NA,1,0,0,758,3224.590000000001,4.874067415730343,340
2014-02-11,CA_1,CA,FOODS,Tuesday,4,2,2014,NA,NA,NA,NA,0,0,0,2497,5991.629999999995,2.6414080459769864,630
2014-02-11,CA_1,CA,HOBBIES,Tuesday,4,2,2014,NA,NA,NA,NA,0,0,0,379,1428.630000000001,4.633898531375146,139
2014-02-11,CA_1,CA,HOUSEHOLD,Tuesday,4,2,2014,NA,NA,NA,NA,0,0,0,634,2557.950000000002,4.900168674698791,306
2014-02-12,CA_1,CA,FOODS,Wednesday,5,2,2014,NA,NA,NA,NA,0,0,0,2406,5761.229999999986,2.6325942932108624,622
2014-02-12,CA_1,CA,HOBBIES,Wednesday,5,2,2014,NA,NA,NA,NA,0,0,0,400,1486.7300000000016,4.578435013262583,155
2014-02-12,CA_1,CA,HOUSEHOLD,Wednesday,5,2,2014,NA,NA,NA,NA,0,0,0,659,2659.749999999999,4.824976340694005,308
2014-02-13,CA_1,CA,FOODS,Thursday,6,2,2014,NA,NA,NA,NA,0,0,0,2798,6879.549999999987,2.649482153306001,645
2014-02-13,CA_1,CA,HOBBIES,Thursday,6,2,2014,NA,NA,NA,NA,0,0,0,455,1476.3900000000008,4.25519645120404,175
2014-02-13,CA_1,CA,HOUSEHOLD,Thursday,6,2,2014,NA,NA,NA,NA,0,0,0,638,2750.5099999999993,4.97019138755981,301
2014-02-14,CA_1,CA,FOODS,Friday,7,2,2014,ValentinesDay,Cultural,NA,NA,0,1,0,2604,6287.999999999988,2.633981481481458,629
2014-02-14,CA_1,CA,HOBBIES,Friday,7,2,2014,ValentinesDay,Cultural,NA,NA,0,1,0,431,1638.870000000002,4.655338441890148,157
2014-02-14,CA_1,CA,HOUSEHOLD,Friday,7,2,2014,ValentinesDay,Cultural,NA,NA,0,1,0,624,2553.2300000000027,4.89550854353132,312
2014-02-15,CA_1,CA,FOODS,Saturday,1,2,2014,NA,NA,NA,NA,0,0,1,3313,7997.759999999984,2.590447722567268,718
2014-02-15,CA_1,CA,HOBBIES,Saturday,1,2,2014,NA,NA,NA,NA,0,0,1,574,2094.390000000001,4.339852941176454,202
2014-02-15,CA_1,CA,HOUSEHOLD,Saturday,1,2,2014,NA,NA,NA,NA,0,0,1,1013,4079.5299999999957,4.634925469863905,389
2014-02-16,CA_1,CA,FOODS,Sunday,2,2,2014,NA,NA,NA,NA,0,0,1,3376,8156.059999999975,2.587294747577743,723
2014-02-16,CA_1,CA,HOBBIES,Sunday,2,2,2014,NA,NA,NA,NA,0,0,1,528,1839.9400000000014,4.284118329466339,178
2014-02-16,CA_1,CA,HOUSEHOLD,Sunday,2,2,2014,NA,NA,NA,NA,0,0,1,1026,4264.280000000002,4.667443070917379,408
2014-02-17,CA_1,CA,FOODS,Monday,3,2,2014,PresidentsDay,National,NA,NA,0,1,0,2749,6763.529999999982,2.673336320191136,670
2014-02-17,CA_1,CA,HOBBIES,Monday,3,2,2014,PresidentsDay,National,NA,NA,0,1,0,444,1564.280000000001,4.469812734082378,155
2014-02-17,CA_1,CA,HOUSEHOLD,Monday,3,2,2014,PresidentsDay,National,NA,NA,0,1,0,750,3244.16,4.919618902439025,357
2014-02-18,CA_1,CA,FOODS,Tuesday,4,2,2014,NA,NA,NA,NA,0,0,0,2072,5055.220000000005,2.7129452303227906,584
2014-02-18,CA_1,CA,HOBBIES,Tuesday,4,2,2014,NA,NA,NA,NA,0,0,0,385,1438.2400000000011,4.5641402116401935,141
2014-02-18,CA_1,CA,HOUSEHOLD,Tuesday,4,2,2014,NA,NA,NA,NA,0,0,0,531,2091.1000000000045,4.949167381974241,285
2014-02-19,CA_1,CA,FOODS,Wednesday,5,2,2014,NA,NA,NA,NA,0,0,0,2037,4931.33,2.7001466813347768,579
2014-02-19,CA_1,CA,HOBBIES,Wednesday,5,2,2014,NA,NA,NA,NA,0,0,0,353,1194.5900000000006,4.585090403337949,146
2014-02-19,CA_1,CA,HOUSEHOLD,Wednesday,5,2,2014,NA,NA,NA,NA,0,0,0,577,2396.5100000000025,4.918929460580908,291
2014-02-20,CA_1,CA,FOODS,Thursday,6,2,2014,NA,NA,NA,NA,0,0,0,2064,4814.820000000001,2.66341065603477,574
2014-02-20,CA_1,CA,HOBBIES,Thursday,6,2,2014,NA,NA,NA,NA,0,0,0,397,1631.0900000000013,4.7241292875989265,151
2014-02-20,CA_1,CA,HOUSEHOLD,Thursday,6,2,2014,NA,NA,NA,NA,0,0,0,542,2384.0400000000036,5.0443526405451395,287
2014-02-21,CA_1,CA,FOODS,Friday,7,2,2014,NA,NA,NA,NA,0,0,0,2615,6315.599999999995,2.636429675425015,649
2014-02-21,CA_1,CA,HOBBIES,Friday,7,2,2014,NA,NA,NA,NA,0,0,0,562,1528.080000000002,3.8207868852458837,159
2014-02-21,CA_1,CA,HOUSEHOLD,Friday,7,2,2014,NA,NA,NA,NA,0,0,0,636,2762.7700000000013,5.008873692679002,312
2014-02-22,CA_1,CA,FOODS,Saturday,1,2,2014,NA,NA,NA,NA,0,0,1,3334,7955.339999999986,2.57511276268578,706
2014-02-22,CA_1,CA,HOBBIES,Saturday,1,2,2014,NA,NA,NA,NA,0,0,1,472,1980.8800000000015,4.734512946979021,173
2014-02-22,CA_1,CA,HOUSEHOLD,Saturday,1,2,2014,NA,NA,NA,NA,0,0,1,984,4078.659999999999,4.7783486238532165,389
2014-02-23,CA_1,CA,FOODS,Sunday,2,2,2014,NA,NA,NA,NA,0,0,1,3515,8674.049999999968,2.638430792005898,736
2014-02-23,CA_1,CA,HOBBIES,Sunday,2,2,2014,NA,NA,NA,NA,0,0,1,442,1758.490000000002,4.590903307888024,168
2014-02-23,CA_1,CA,HOUSEHOLD,Sunday,2,2,2014,NA,NA,NA,NA,0,0,1,1098,4792.019999999997,4.835536159600998,425
2014-02-24,CA_1,CA,FOODS,Monday,3,2,2014,NA,NA,NA,NA,0,0,0,2513,6296.629999999998,2.7117008327994667,665
2014-02-24,CA_1,CA,HOBBIES,Monday,3,2,2014,NA,NA,NA,NA,0,0,0,401,1371.5600000000018,4.437133676092526,135
2014-02-24,CA_1,CA,HOUSEHOLD,Monday,3,2,2014,NA,NA,NA,NA,0,0,0,660,2675.009999999998,4.907550387596904,301
2014-02-25,CA_1,CA,FOODS,Tuesday,4,2,2014,NA,NA,NA,NA,0,0,0,2020,5042.870000000001,2.763893640758622,605
2014-02-25,CA_1,CA,HOBBIES,Tuesday,4,2,2014,NA,NA,NA,NA,0,0,0,474,1367.2700000000018,4.1336032863849574,134
2014-02-25,CA_1,CA,HOUSEHOLD,Tuesday,4,2,2014,NA,NA,NA,NA,0,0,0,674,2758.2200000000003,4.847515479876159,313
2014-02-26,CA_1,CA,FOODS,Wednesday,5,2,2014,NA,NA,NA,NA,0,0,0,1892,4740.390000000005,2.784268575851367,582
2014-02-26,CA_1,CA,HOBBIES,Wednesday,5,2,2014,NA,NA,NA,NA,0,0,0,501,1417.6300000000015,3.9303655660377217,165
2014-02-26,CA_1,CA,HOUSEHOLD,Wednesday,5,2,2014,NA,NA,NA,NA,0,0,0,625,2634.9600000000005,5.006511075949371,292
2014-02-27,CA_1,CA,FOODS,Thursday,6,2,2014,NA,NA,NA,NA,0,0,0,2104,5262.38,2.7486009423703996,619
2014-02-27,CA_1,CA,HOBBIES,Thursday,6,2,2014,NA,NA,NA,NA,0,0,0,412,1232.720000000001,4.156246882792999,122
2014-02-27,CA_1,CA,HOUSEHOLD,Thursday,6,2,2014,NA,NA,NA,NA,0,0,0,648,2652.8200000000006,4.9295118110236205,309
2014-02-28,CA_1,CA,FOODS,Friday,7,2,2014,NA,NA,NA,NA,0,0,0,2388,6001.959999999996,2.7322074908849627,645
2014-02-28,CA_1,CA,HOBBIES,Friday,7,2,2014,NA,NA,NA,NA,0,0,0,412,1373.6100000000008,4.290601023017886,142
2014-02-28,CA_1,CA,HOUSEHOLD,Friday,7,2,2014,NA,NA,NA,NA,0,0,0,695,3074.1299999999987,5.0468315301391025,332
2014-03-01,CA_1,CA,FOODS,Saturday,1,3,2014,NA,NA,NA,NA,1,0,1,3831,9663.629999999961,2.6603898188488664,751
2014-03-01,CA_1,CA,HOBBIES,Saturday,1,3,2014,NA,NA,NA,NA,1,0,1,709,2113.31,3.865082284607923,189
2014-03-01,CA_1,CA,HOUSEHOLD,Saturday,1,3,2014,NA,NA,NA,NA,1,0,1,1184,5204.340000000001,4.8295716835217135,445
2014-03-02,CA_1,CA,FOODS,Sunday,2,3,2014,NA,NA,NA,NA,1,0,1,3892,9743.759999999971,2.6491555955865578,732
2014-03-02,CA_1,CA,HOBBIES,Sunday,2,3,2014,NA,NA,NA,NA,1,0,1,468,1786.9100000000014,4.598965517241361,169
2014-03-02,CA_1,CA,HOUSEHOLD,Sunday,2,3,2014,NA,NA,NA,NA,1,0,1,1156,5007.479999999996,4.842150537634405,424
2014-03-03,CA_1,CA,FOODS,Monday,3,3,2014,NA,NA,NA,NA,1,0,0,2592,6511.029999999987,2.7263135201724418,626
2014-03-03,CA_1,CA,HOBBIES,Monday,3,3,2014,NA,NA,NA,NA,1,0,0,480,1723.3600000000008,4.394244604316529,159
2014-03-03,CA_1,CA,HOUSEHOLD,Monday,3,3,2014,NA,NA,NA,NA,1,0,0,771,3291.160000000001,4.978493449781663,339
2014-03-04,CA_1,CA,FOODS,Tuesday,4,3,2014,NA,NA,NA,NA,1,0,0,2300,5605.269999999993,2.6884998318196827,608
2014-03-04,CA_1,CA,HOBBIES,Tuesday,4,3,2014,NA,NA,NA,NA,1,0,0,360,1334.5500000000006,4.637847222222203,153
2014-03-04,CA_1,CA,HOUSEHOLD,Tuesday,4,3,2014,NA,NA,NA,NA,1,0,0,653,2544.7100000000023,4.891850117096013,314
2014-03-05,CA_1,CA,FOODS,Wednesday,5,3,2014,LentStart,Religious,NA,NA,1,1,0,2107,5169.989999999998,2.7314229811454727,577
2014-03-05,CA_1,CA,HOBBIES,Wednesday,5,3,2014,LentStart,Religious,NA,NA,1,1,0,280,897.3800000000009,4.690045112781936,128
2014-03-05,CA_1,CA,HOUSEHOLD,Wednesday,5,3,2014,LentStart,Religious,NA,NA,1,1,0,562,2418.220000000004,5.0563248564397,285
2014-03-06,CA_1,CA,FOODS,Thursday,6,3,2014,NA,NA,NA,NA,1,0,0,2176,5558.729999999991,2.799372590255843,604
2014-03-06,CA_1,CA,HOBBIES,Thursday,6,3,2014,NA,NA,NA,NA,1,0,0,492,1370.7100000000014,4.113608847497073,146
2014-03-06,CA_1,CA,HOUSEHOLD,Thursday,6,3,2014,NA,NA,NA,NA,1,0,0,595,2322.370000000003,4.917263999999995,287
2014-03-07,CA_1,CA,FOODS,Friday,7,3,2014,NA,NA,NA,NA,1,0,0,2910,7022.44999999999,2.618849957615123,652
2014-03-07,CA_1,CA,HOBBIES,Friday,7,3,2014,NA,NA,NA,NA,1,0,0,443,1664.0100000000016,4.552307692307672,163
2014-03-07,CA_1,CA,HOUSEHOLD,Friday,7,3,2014,NA,NA,NA,NA,1,0,0,739,2960.480000000001,4.86353995519044,342
2014-03-08,CA_1,CA,FOODS,Saturday,1,3,2014,NA,NA,NA,NA,1,0,1,3497,8795.61999999998,2.6709559902200244,694
2014-03-08,CA_1,CA,HOBBIES,Saturday,1,3,2014,NA,NA,NA,NA,1,0,1,592,1958.1000000000024,4.1162268266084885,190
2014-03-08,CA_1,CA,HOUSEHOLD,Saturday,1,3,2014,NA,NA,NA,NA,1,0,1,981,3914.2799999999966,4.684871963230472,407
2014-03-09,CA_1,CA,FOODS,Sunday,2,3,2014,NA,NA,NA,NA,1,0,1,4174,10595.649999999972,2.656199746085465,735
2014-03-09,CA_1,CA,HOBBIES,Sunday,2,3,2014,NA,NA,NA,NA,1,0,1,554,2174.4100000000003,4.48693363844392,195
2014-03-09,CA_1,CA,HOUSEHOLD,Sunday,2,3,2014,NA,NA,NA,NA,1,0,1,1185,4999.989999999999,4.733143025309004,435
2014-03-10,CA_1,CA,FOODS,Monday,3,3,2014,NA,NA,NA,NA,1,0,0,3204,8067.309999999991,2.686210609243673,683
2014-03-10,CA_1,CA,HOBBIES,Monday,3,3,2014,NA,NA,NA,NA,1,0,0,459,1617.8300000000017,4.412269938650289,159
2014-03-10,CA_1,CA,HOUSEHOLD,Monday,3,3,2014,NA,NA,NA,NA,1,0,0,709,3208.1899999999987,5.083140060240965,330
2014-03-11,CA_1,CA,FOODS,Tuesday,4,3,2014,NA,NA,NA,NA,0,0,0,2398,6157.549999999991,2.767766165904614,623
2014-03-11,CA_1,CA,HOBBIES,Tuesday,4,3,2014,NA,NA,NA,NA,0,0,0,352,1164.5500000000009,4.506170500676569,128
2014-03-11,CA_1,CA,HOUSEHOLD,Tuesday,4,3,2014,NA,NA,NA,NA,0,0,0,590,2620.900000000002,5.150122448979588,314
2014-03-12,CA_1,CA,FOODS,Wednesday,5,3,2014,LentWeek2,Religious,NA,NA,0,1,0,2433,5961.699999999997,2.684771997430932,606
2014-03-12,CA_1,CA,HOBBIES,Wednesday,5,3,2014,LentWeek2,Religious,NA,NA,0,1,0,365,1092.46,4.453435419440727,129
2014-03-12,CA_1,CA,HOUSEHOLD,Wednesday,5,3,2014,LentWeek2,Religious,NA,NA,0,1,0,558,2545.7300000000014,5.1729537953795335,295
2014-03-13,CA_1,CA,FOODS,Thursday,6,3,2014,NA,NA,NA,NA,0,0,0,2392,6270.849999999994,2.8069124877089258,628
2014-03-13,CA_1,CA,HOBBIES,Thursday,6,3,2014,NA,NA,NA,NA,0,0,0,299,1175.1900000000003,4.9145175438596285,130
2014-03-13,CA_1,CA,HOUSEHOLD,Thursday,6,3,2014,NA,NA,NA,NA,0,0,0,608,2530.370000000002,5.040599190283396,322
2014-03-14,CA_1,CA,FOODS,Friday,7,3,2014,NA,NA,NA,NA,0,0,0,2732,6867.539999999993,2.7044109752460255,666
2014-03-14,CA_1,CA,HOBBIES,Friday,7,3,2014,NA,NA,NA,NA,0,0,0,625,1670.6200000000013,3.7460103092783354,170
2014-03-14,CA_1,CA,HOUSEHOLD,Friday,7,3,2014,NA,NA,NA,NA,0,0,0,702,3111.6499999999987,5.064923076923078,351
2014-03-15,CA_1,CA,FOODS,Saturday,1,3,2014,NA,NA,NA,NA,0,0,1,3869,9653.419999999966,2.6417082011780506,743
2014-03-15,CA_1,CA,HOBBIES,Saturday,1,3,2014,NA,NA,NA,NA,0,0,1,565,1708.9300000000014,4.106240352811451,178
2014-03-15,CA_1,CA,HOUSEHOLD,Saturday,1,3,2014,NA,NA,NA,NA,0,0,1,993,4322.469999999999,4.893752468729432,426
2014-03-16,CA_1,CA,FOODS,Sunday,2,3,2014,Purim End,Religious,NA,NA,0,1,1,3882,9890.909999999976,2.6786217732884228,715
2014-03-16,CA_1,CA,HOBBIES,Sunday,2,3,2014,Purim End,Religious,NA,NA,0,1,1,477,1685.1500000000008,4.459975874547629,168
2014-03-16,CA_1,CA,HOUSEHOLD,Sunday,2,3,2014,Purim End,Religious,NA,NA,0,1,1,991,4574.359999999997,5.028707571801566,411
2014-03-17,CA_1,CA,FOODS,Monday,3,3,2014,StPatricksDay,Cultural,NA,NA,0,1,0,2452,5885.689999999998,2.642244963223516,613
2014-03-17,CA_1,CA,HOBBIES,Monday,3,3,2014,StPatricksDay,Cultural,NA,NA,0,1,0,445,1521.3100000000009,4.393927272727256,140
2014-03-17,CA_1,CA,HOUSEHOLD,Monday,3,3,2014,StPatricksDay,Cultural,NA,NA,0,1,0,657,2946.389999999999,5.070500390930409,330
2014-03-18,CA_1,CA,FOODS,Tuesday,4,3,2014,NA,NA,NA,NA,0,0,0,2183,5276.569999999995,2.689725121781466,597
2014-03-18,CA_1,CA,HOBBIES,Tuesday,4,3,2014,NA,NA,NA,NA,0,0,0,366,1262.4600000000007,4.54578523489931,141
2014-03-18,CA_1,CA,HOUSEHOLD,Tuesday,4,3,2014,NA,NA,NA,NA,0,0,0,638,2705.8400000000006,4.967681388012613,322
2014-03-19,CA_1,CA,FOODS,Wednesday,5,3,2014,NA,NA,NA,NA,0,0,0,2247,5436.709999999999,2.6770594227504017,590
2014-03-19,CA_1,CA,HOBBIES,Wednesday,5,3,2014,NA,NA,NA,NA,0,0,0,376,1277.5300000000018,4.573878627968321,138
2014-03-19,CA_1,CA,HOUSEHOLD,Wednesday,5,3,2014,NA,NA,NA,NA,0,0,0,657,2694.5000000000023,4.965613354037263,321
2014-03-20,CA_1,CA,FOODS,Thursday,6,3,2014,NA,NA,NA,NA,0,0,0,2387,6025.589999999985,2.7487499999999714,627
2014-03-20,CA_1,CA,HOBBIES,Thursday,6,3,2014,NA,NA,NA,NA,0,0,0,384,1476.1400000000008,4.662886866059802,135
2014-03-20,CA_1,CA,HOUSEHOLD,Thursday,6,3,2014,NA,NA,NA,NA,0,0,0,576,2412.9800000000027,4.9681611065907205,299
2014-03-21,CA_1,CA,FOODS,Friday,7,3,2014,NA,NA,NA,NA,0,0,0,2795,6801.239999999983,2.6521509763916997,652
2014-03-21,CA_1,CA,HOBBIES,Friday,7,3,2014,NA,NA,NA,NA,0,0,0,441,1611.4300000000017,4.553858764186615,168
2014-03-21,CA_1,CA,HOUSEHOLD,Friday,7,3,2014,NA,NA,NA,NA,0,0,0,733,3011.3700000000013,4.870606741573027,350
2014-03-22,CA_1,CA,FOODS,Saturday,1,3,2014,NA,NA,NA,NA,0,0,1,3453,8091.919999999982,2.5248860257680694,714
2014-03-22,CA_1,CA,HOBBIES,Saturday,1,3,2014,NA,NA,NA,NA,0,0,1,605,2073.2800000000016,4.233104540654686,181
2014-03-22,CA_1,CA,HOUSEHOLD,Saturday,1,3,2014,NA,NA,NA,NA,0,0,1,1015,4282.989999999997,4.774562419562418,415
2014-03-23,CA_1,CA,FOODS,Sunday,2,3,2014,NA,NA,NA,NA,0,0,1,4029,9882.41999999998,2.5938387799564104,736
2014-03-23,CA_1,CA,HOBBIES,Sunday,2,3,2014,NA,NA,NA,NA,0,0,1,516,1818.3800000000017,4.307065592635199,170
2014-03-23,CA_1,CA,HOUSEHOLD,Sunday,2,3,2014,NA,NA,NA,NA,0,0,1,1134,4525.909999999997,4.595881294964034,420
2014-03-24,CA_1,CA,FOODS,Monday,3,3,2014,NA,NA,NA,NA,0,0,0,2851,6822.819999999995,2.619449515116919,642
2014-03-24,CA_1,CA,HOBBIES,Monday,3,3,2014,NA,NA,NA,NA,0,0,0,393,1352.7600000000011,4.600901856763909,162
2014-03-24,CA_1,CA,HOUSEHOLD,Monday,3,3,2014,NA,NA,NA,NA,0,0,0,709,2884.2000000000016,4.8911228334589305,336
2014-03-25,CA_1,CA,FOODS,Tuesday,4,3,2014,NA,NA,NA,NA,0,0,0,2377,5601.639999999998,2.631490259740233,594
2014-03-25,CA_1,CA,HOBBIES,Tuesday,4,3,2014,NA,NA,NA,NA,0,0,0,351,1316.4200000000008,4.746506849315051,144
2014-03-25,CA_1,CA,HOUSEHOLD,Tuesday,4,3,2014,NA,NA,NA,NA,0,0,0,588,2393.720000000003,4.982154963680387,303
2014-03-26,CA_1,CA,FOODS,Wednesday,5,3,2014,NA,NA,NA,NA,0,0,0,2088,5057.78,2.7044120819848745,604
2014-03-26,CA_1,CA,HOBBIES,Wednesday,5,3,2014,NA,NA,NA,NA,0,0,0,362,1243.5000000000007,4.558050734312398,136
2014-03-26,CA_1,CA,HOUSEHOLD,Wednesday,5,3,2014,NA,NA,NA,NA,0,0,0,631,2589.7500000000023,4.958421052631578,312
2014-03-27,CA_1,CA,FOODS,Thursday,6,3,2014,NA,NA,NA,NA,0,0,0,2267,5600.4,2.7165699658702844,634
2014-03-27,CA_1,CA,HOBBIES,Thursday,6,3,2014,NA,NA,NA,NA,0,0,0,471,1443.6600000000014,4.19261988304092,139
2014-03-27,CA_1,CA,HOUSEHOLD,Thursday,6,3,2014,NA,NA,NA,NA,0,0,0,629,2695.050000000001,5.028552000000001,333
2014-03-28,CA_1,CA,FOODS,Friday,7,3,2014,NA,NA,NA,NA,0,0,0,2813,6650.619999999993,2.5866443733643267,671
2014-03-28,CA_1,CA,HOBBIES,Friday,7,3,2014,NA,NA,NA,NA,0,0,0,433,1626.120000000002,4.646603053435098,170
2014-03-28,CA_1,CA,HOUSEHOLD,Friday,7,3,2014,NA,NA,NA,NA,0,0,0,680,2875.000000000001,4.989339477726573,332
2014-03-29,CA_1,CA,FOODS,Saturday,1,3,2014,NA,NA,NA,NA,0,0,1,3381,8271.229999999981,2.610633518425017,718
2014-03-29,CA_1,CA,HOBBIES,Saturday,1,3,2014,NA,NA,NA,NA,0,0,1,570,1917.5900000000015,4.207322404371569,182
2014-03-29,CA_1,CA,HOUSEHOLD,Saturday,1,3,2014,NA,NA,NA,NA,0,0,1,1003,4394.499999999999,4.870789302022183,428
2014-03-30,CA_1,CA,FOODS,Sunday,2,3,2014,NA,NA,NA,NA,0,0,1,4085,9751.67999999997,2.535806869734266,755
2014-03-30,CA_1,CA,HOBBIES,Sunday,2,3,2014,NA,NA,NA,NA,0,0,1,499,2078.8100000000013,4.733938315539722,183
2014-03-30,CA_1,CA,HOUSEHOLD,Sunday,2,3,2014,NA,NA,NA,NA,0,0,1,1183,5160.51,4.8107538280329765,443
2014-03-31,CA_1,CA,FOODS,Monday,3,3,2014,NA,NA,NA,NA,0,0,0,2483,6070.019999999992,2.674112903225782,682
2014-03-31,CA_1,CA,HOBBIES,Monday,3,3,2014,NA,NA,NA,NA,0,0,0,364,1399.9200000000017,4.8217166212533895,157
2014-03-31,CA_1,CA,HOUSEHOLD,Monday,3,3,2014,NA,NA,NA,NA,0,0,0,761,3301.0999999999995,4.9603279883381965,347
2014-04-01,CA_1,CA,FOODS,Tuesday,4,4,2014,NA,NA,NA,NA,1,0,0,2636,6238.229999999988,2.605062480950904,654
2014-04-01,CA_1,CA,HOBBIES,Tuesday,4,4,2014,NA,NA,NA,NA,1,0,0,449,1447.7800000000013,4.408069963811804,147
2014-04-01,CA_1,CA,HOUSEHOLD,Tuesday,4,4,2014,NA,NA,NA,NA,1,0,0,688,2944.6200000000013,4.97702353834472,329
2014-04-02,CA_1,CA,FOODS,Wednesday,5,4,2014,NA,NA,NA,NA,1,0,0,2826,6716.319999999986,2.595628082390465,678
2014-04-02,CA_1,CA,HOBBIES,Wednesday,5,4,2014,NA,NA,NA,NA,1,0,0,452,1583.570000000001,4.402511961722471,143
2014-04-02,CA_1,CA,HOUSEHOLD,Wednesday,5,4,2014,NA,NA,NA,NA,1,0,0,774,3205.369999999999,4.887126353790614,347
2014-04-03,CA_1,CA,FOODS,Thursday,6,4,2014,NA,NA,NA,NA,1,0,0,2859,6311.549999999988,2.474816709292388,639
2014-04-03,CA_1,CA,HOBBIES,Thursday,6,4,2014,NA,NA,NA,NA,1,0,0,461,1511.7300000000014,4.3526777251184665,144
2014-04-03,CA_1,CA,HOUSEHOLD,Thursday,6,4,2014,NA,NA,NA,NA,1,0,0,709,3111.74,5.068605003790752,348
2014-04-04,CA_1,CA,FOODS,Friday,7,4,2014,NA,NA,NA,NA,1,0,0,3085,7234.659999999983,2.5531706008583464,656
2014-04-04,CA_1,CA,HOBBIES,Friday,7,4,2014,NA,NA,NA,NA,1,0,0,483,1552.5700000000024,4.3614523809523655,170
2014-04-04,CA_1,CA,HOUSEHOLD,Friday,7,4,2014,NA,NA,NA,NA,1,0,0,739,3239.28,4.991107738998481,379
2014-04-05,CA_1,CA,FOODS,Saturday,1,4,2014,NA,NA,NA,NA,1,0,1,3958,9453.859999999977,2.5507905840550538,756
2014-04-05,CA_1,CA,HOBBIES,Saturday,1,4,2014,NA,NA,NA,NA,1,0,1,692,2463.629999999998,4.180839024390248,195
2014-04-05,CA_1,CA,HOUSEHOLD,Saturday,1,4,2014,NA,NA,NA,NA,1,0,1,1155,4915.120000000001,4.751371496720333,437
2014-04-06,CA_1,CA,FOODS,Sunday,2,4,2014,NA,NA,NA,NA,1,0,1,4639,11251.789999999955,2.553027558296377,751
2014-04-06,CA_1,CA,HOBBIES,Sunday,2,4,2014,NA,NA,NA,NA,1,0,1,637,2264.820000000001,4.258128898128883,203
2014-04-06,CA_1,CA,HOUSEHOLD,Sunday,2,4,2014,NA,NA,NA,NA,1,0,1,1061,4545.450000000002,4.769247512437811,412
2014-04-07,CA_1,CA,FOODS,Monday,3,4,2014,NA,NA,NA,NA,1,0,0,3304,7895.549999999986,2.5840703005603456,679
2014-04-07,CA_1,CA,HOBBIES,Monday,3,4,2014,NA,NA,NA,NA,1,0,0,414,1311.4400000000003,4.436122194513698,140
2014-04-07,CA_1,CA,HOUSEHOLD,Monday,3,4,2014,NA,NA,NA,NA,1,0,0,776,3137.7500000000023,4.826714082503555,329
2014-04-08,CA_1,CA,FOODS,Tuesday,4,4,2014,NA,NA,NA,NA,1,0,0,3020,7114.51999999999,2.563053061224465,646
2014-04-08,CA_1,CA,HOBBIES,Tuesday,4,4,2014,NA,NA,NA,NA,1,0,0,370,1487.8400000000013,4.8951831750339005,161
2014-04-08,CA_1,CA,HOUSEHOLD,Tuesday,4,4,2014,NA,NA,NA,NA,1,0,0,655,2885.3499999999995,5.047424359968968,325
2014-04-09,CA_1,CA,FOODS,Wednesday,5,4,2014,NA,NA,NA,NA,1,0,0,2843,6827.67999999999,2.603941564021748,653
2014-04-09,CA_1,CA,HOBBIES,Wednesday,5,4,2014,NA,NA,NA,NA,1,0,0,454,1460.4500000000025,4.402135922330081,158
2014-04-09,CA_1,CA,HOUSEHOLD,Wednesday,5,4,2014,NA,NA,NA,NA,1,0,0,669,2744.7400000000016,4.93565384615384,328
2014-04-10,CA_1,CA,FOODS,Thursday,6,4,2014,NA,NA,NA,NA,1,0,0,2875,6822.50999999999,2.586139903709974,645
2014-04-10,CA_1,CA,HOBBIES,Thursday,6,4,2014,NA,NA,NA,NA,1,0,0,450,1385.9500000000014,4.307890909090894,153
2014-04-10,CA_1,CA,HOUSEHOLD,Thursday,6,4,2014,NA,NA,NA,NA,1,0,0,690,2982.030000000001,4.9764827586206835,344
2014-04-11,CA_1,CA,FOODS,Friday,7,4,2014,NA,NA,NA,NA,0,0,0,2996,7468.1999999999925,2.6619873033397528,674
2014-04-11,CA_1,CA,HOBBIES,Friday,7,4,2014,NA,NA,NA,NA,0,0,0,625,1506.6900000000014,3.6932107355864665,147
2014-04-11,CA_1,CA,HOUSEHOLD,Friday,7,4,2014,NA,NA,NA,NA,0,0,0,729,3077.420000000001,4.881528614457831,360
2014-04-12,CA_1,CA,FOODS,Saturday,1,4,2014,NA,NA,NA,NA,0,0,1,3664,8933.499999999978,2.5830794623909266,726
2014-04-12,CA_1,CA,HOBBIES,Saturday,1,4,2014,NA,NA,NA,NA,0,0,1,493,1964.020000000002,4.609749403341272,185
2014-04-12,CA_1,CA,HOUSEHOLD,Saturday,1,4,2014,NA,NA,NA,NA,0,0,1,1014,4216.839999999997,4.736673076923077,413
2014-04-13,CA_1,CA,FOODS,Sunday,2,4,2014,NA,NA,NA,NA,0,0,1,3978,10245.589999999973,2.6918590308369845,741
2014-04-13,CA_1,CA,HOBBIES,Sunday,2,4,2014,NA,NA,NA,NA,0,0,1,532,1914.7400000000018,4.465437003405206,181
2014-04-13,CA_1,CA,HOUSEHOLD,Sunday,2,4,2014,NA,NA,NA,NA,0,0,1,1080,4615.629999999998,4.7824491054904374,418
2014-04-14,CA_1,CA,FOODS,Monday,3,4,2014,NA,NA,NA,NA,0,0,0,2828,6966.499999999996,2.6699799999999776,631
2014-04-14,CA_1,CA,HOBBIES,Monday,3,4,2014,NA,NA,NA,NA,0,0,0,357,1350.6000000000017,4.7949733333333135,137
2014-04-14,CA_1,CA,HOUSEHOLD,Monday,3,4,2014,NA,NA,NA,NA,0,0,0,716,2679.9800000000014,4.790560058953571,318
2014-04-15,CA_1,CA,FOODS,Tuesday,4,4,2014,NA,NA,NA,NA,0,0,0,2525,6308.429999999992,2.7010590440487086,627
2014-04-15,CA_1,CA,HOBBIES,Tuesday,4,4,2014,NA,NA,NA,NA,0,0,0,296,1292.5900000000004,5.097182080924836,134
2014-04-15,CA_1,CA,HOUSEHOLD,Tuesday,4,4,2014,NA,NA,NA,NA,0,0,0,669,2672.160000000004,4.90219040247678,336
2014-04-16,CA_1,CA,FOODS,Wednesday,5,4,2014,NA,NA,NA,NA,0,0,0,2996,7374.599999999983,2.645760899369321,652
2014-04-16,CA_1,CA,HOBBIES,Wednesday,5,4,2014,NA,NA,NA,NA,0,0,0,379,1584.6400000000012,4.879122807017526,168
2014-04-16,CA_1,CA,HOUSEHOLD,Wednesday,5,4,2014,NA,NA,NA,NA,0,0,0,826,3278.7099999999964,4.7655688202247175,361
2014-04-17,CA_1,CA,FOODS,Thursday,6,4,2014,NA,NA,NA,NA,0,0,0,2857,7043.209999999981,2.6566523605149963,665
2014-04-17,CA_1,CA,HOBBIES,Thursday,6,4,2014,NA,NA,NA,NA,0,0,0,409,1520.7200000000016,4.648333333333318,159
2014-04-17,CA_1,CA,HOUSEHOLD,Thursday,6,4,2014,NA,NA,NA,NA,0,0,0,782,2991.6300000000006,4.766762589928057,351
2014-04-18,CA_1,CA,FOODS,Friday,7,4,2014,NA,NA,NA,NA,0,0,0,3738,9250.249999999969,2.6160811123985868,726
2014-04-18,CA_1,CA,HOBBIES,Friday,7,4,2014,NA,NA,NA,NA,0,0,0,513,2159.5999999999995,4.770106508875726,198
2014-04-18,CA_1,CA,HOUSEHOLD,Friday,7,4,2014,NA,NA,NA,NA,0,0,0,823,3413.4399999999982,4.838360773085181,385
2014-04-19,CA_1,CA,FOODS,Saturday,1,4,2014,NA,NA,NA,NA,0,0,1,4762,11341.389999999972,2.5021942039894416,760
2014-04-19,CA_1,CA,HOBBIES,Saturday,1,4,2014,NA,NA,NA,NA,0,0,1,477,1962.260000000002,4.621598062953979,184
2014-04-19,CA_1,CA,HOUSEHOLD,Saturday,1,4,2014,NA,NA,NA,NA,0,0,1,1018,4176.779999999996,4.715376690276881,428
2014-04-20,CA_1,CA,FOODS,Sunday,2,4,2014,Easter,Cultural,OrthodoxEaster,Religious,0,1,1,3532,8156.149999999975,2.5046166666666494,644
2014-04-20,CA_1,CA,HOBBIES,Sunday,2,4,2014,Easter,Cultural,OrthodoxEaster,Religious,0,1,1,457,1941.450000000003,4.803631840796004,186
2014-04-20,CA_1,CA,HOUSEHOLD,Sunday,2,4,2014,Easter,Cultural,OrthodoxEaster,Religious,0,1,1,825,3211.349999999997,4.733203613620566,349
2014-04-21,CA_1,CA,FOODS,Monday,3,4,2014,NA,NA,NA,NA,0,0,0,2657,6518.969999999993,2.668763102725345,630
2014-04-21,CA_1,CA,HOBBIES,Monday,3,4,2014,NA,NA,NA,NA,0,0,0,390,1345.7100000000019,4.524583866837371,142
2014-04-21,CA_1,CA,HOUSEHOLD,Monday,3,4,2014,NA,NA,NA,NA,0,0,0,782,3076.3399999999983,4.727027220630373,349
2014-04-22,CA_1,CA,FOODS,Tuesday,4,4,2014,Pesach End,Religious,NA,NA,0,1,0,2630,6405.55999999999,2.6780907997594463,616
2014-04-22,CA_1,CA,HOBBIES,Tuesday,4,4,2014,Pesach End,Religious,NA,NA,0,1,0,478,1474.1400000000015,4.338589449541269,139
2014-04-22,CA_1,CA,HOUSEHOLD,Tuesday,4,4,2014,Pesach End,Religious,NA,NA,0,1,0,677,2717.9000000000005,4.904645608628656,342
2014-04-23,CA_1,CA,FOODS,Wednesday,5,4,2014,NA,NA,NA,NA,0,0,0,2159,5293.889999999995,2.7092076788830464,606
2014-04-23,CA_1,CA,HOBBIES,Wednesday,5,4,2014,NA,NA,NA,NA,0,0,0,490,1463.5000000000018,4.1107361268403,140
2014-04-23,CA_1,CA,HOUSEHOLD,Wednesday,5,4,2014,NA,NA,NA,NA,0,0,0,695,2848.5200000000004,4.9299694656488535,348
2014-04-24,CA_1,CA,FOODS,Thursday,6,4,2014,NA,NA,NA,NA,0,0,0,2356,5911.389999999994,2.7226752645502432,644
2014-04-24,CA_1,CA,HOBBIES,Thursday,6,4,2014,NA,NA,NA,NA,0,0,0,452,1496.2300000000016,4.414915048543674,161
2014-04-24,CA_1,CA,HOUSEHOLD,Thursday,6,4,2014,NA,NA,NA,NA,0,0,0,692,2884.61,4.929155145929339,353
2014-04-25,CA_1,CA,FOODS,Friday,7,4,2014,NA,NA,NA,NA,0,0,0,3042,7632.849999999987,2.670163265306097,679
2014-04-25,CA_1,CA,HOBBIES,Friday,7,4,2014,NA,NA,NA,NA,0,0,0,412,1535.7000000000012,4.670102564102548,165
2014-04-25,CA_1,CA,HOUSEHOLD,Friday,7,4,2014,NA,NA,NA,NA,0,0,0,732,3041.61,4.935541448842417,356
2014-04-26,CA_1,CA,FOODS,Saturday,1,4,2014,NA,NA,NA,NA,0,0,1,3741,9456.169999999973,2.668216839677024,721
2014-04-26,CA_1,CA,HOBBIES,Saturday,1,4,2014,NA,NA,NA,NA,0,0,1,599,2087.0500000000006,4.273269841269826,188
2014-04-26,CA_1,CA,HOUSEHOLD,Saturday,1,4,2014,NA,NA,NA,NA,0,0,1,1104,4656.419999999999,4.75711980136561,457
2014-04-27,CA_1,CA,FOODS,Sunday,2,4,2014,NA,NA,NA,NA,0,0,1,3941,9855.35999999997,2.631347345132724,736
2014-04-27,CA_1,CA,HOBBIES,Sunday,2,4,2014,NA,NA,NA,NA,0,0,1,459,1974.1800000000019,4.892377450980374,177
2014-04-27,CA_1,CA,HOUSEHOLD,Sunday,2,4,2014,NA,NA,NA,NA,0,0,1,1170,4989.8499999999995,4.770698090692125,458
2014-04-28,CA_1,CA,FOODS,Monday,3,4,2014,NA,NA,NA,NA,0,0,0,2754,6438.42999999999,2.58997959778488,638
2014-04-28,CA_1,CA,HOBBIES,Monday,3,4,2014,NA,NA,NA,NA,0,0,0,406,1274.0500000000009,4.454462499999984,140
2014-04-28,CA_1,CA,HOUSEHOLD,Monday,3,4,2014,NA,NA,NA,NA,0,0,0,757,3119.52,4.856483516483517,356
2014-04-29,CA_1,CA,FOODS,Tuesday,4,4,2014,NA,NA,NA,NA,0,0,0,2223,5620.789999999997,2.7568053187862027,605
2014-04-29,CA_1,CA,HOBBIES,Tuesday,4,4,2014,NA,NA,NA,NA,0,0,0,338,1020.2600000000006,4.508778220451509,119
2014-04-29,CA_1,CA,HOUSEHOLD,Tuesday,4,4,2014,NA,NA,NA,NA,0,0,0,699,2968.879999999998,4.975103766333587,362
2014-04-30,CA_1,CA,FOODS,Wednesday,5,4,2014,NA,NA,NA,NA,0,0,0,2414,5999.979999999997,2.700178287169667,588
2014-04-30,CA_1,CA,HOBBIES,Wednesday,5,4,2014,NA,NA,NA,NA,0,0,0,455,1328.9800000000012,4.215396449704126,144
2014-04-30,CA_1,CA,HOUSEHOLD,Wednesday,5,4,2014,NA,NA,NA,NA,0,0,0,636,2668.939999999999,5.019991948470208,358
2014-05-01,CA_1,CA,FOODS,Thursday,6,5,2014,NA,NA,NA,NA,1,0,0,2950,7309.439999999988,2.649380530973429,649
2014-05-01,CA_1,CA,HOBBIES,Thursday,6,5,2014,NA,NA,NA,NA,1,0,0,366,1270.710000000001,4.660013351134829,151
2014-05-01,CA_1,CA,HOUSEHOLD,Thursday,6,5,2014,NA,NA,NA,NA,1,0,0,745,3158.950000000001,4.951280175566936,342
2014-05-02,CA_1,CA,FOODS,Friday,7,5,2014,NA,NA,NA,NA,1,0,0,3379,8385.879999999977,2.643704624564872,672
2014-05-02,CA_1,CA,HOBBIES,Friday,7,5,2014,NA,NA,NA,NA,1,0,0,535,1553.6000000000013,4.13327071823203,164
2014-05-02,CA_1,CA,HOUSEHOLD,Friday,7,5,2014,NA,NA,NA,NA,1,0,0,810,3455.5299999999957,4.898761699064077,385
2014-05-03,CA_1,CA,FOODS,Saturday,1,5,2014,NA,NA,NA,NA,1,0,1,4157,10350.149999999974,2.61196835443036,734
2014-05-03,CA_1,CA,HOBBIES,Saturday,1,5,2014,NA,NA,NA,NA,1,0,1,590,1798.060000000002,4.109968487394943,175
2014-05-03,CA_1,CA,HOUSEHOLD,Saturday,1,5,2014,NA,NA,NA,NA,1,0,1,1125,4663.680000000001,4.74054634745243,464
2014-05-04,CA_1,CA,FOODS,Sunday,2,5,2014,NA,NA,NA,NA,1,0,1,4613,12279.279999999968,2.750027032245589,751
2014-05-04,CA_1,CA,HOBBIES,Sunday,2,5,2014,NA,NA,NA,NA,1,0,1,519,2131.2099999999996,4.666887871853532,182
2014-05-04,CA_1,CA,HOUSEHOLD,Sunday,2,5,2014,NA,NA,NA,NA,1,0,1,1193,5070.239999999999,4.756226415094338,465
2014-05-05,CA_1,CA,FOODS,Monday,3,5,2014,Cinco De Mayo,Cultural,NA,NA,1,1,0,3100,8094.409999999984,2.7514491593274335,670
2014-05-05,CA_1,CA,HOBBIES,Monday,3,5,2014,Cinco De Mayo,Cultural,NA,NA,1,1,0,425,1338.2900000000016,4.371107011070093,149
2014-05-05,CA_1,CA,HOUSEHOLD,Monday,3,5,2014,Cinco De Mayo,Cultural,NA,NA,1,1,0,858,3517.6399999999962,4.835377094972067,394
2014-05-06,CA_1,CA,FOODS,Tuesday,4,5,2014,NA,NA,NA,NA,1,0,0,2612,6738.149999999983,2.7518923030118385,642
2014-05-06,CA_1,CA,HOBBIES,Tuesday,4,5,2014,NA,NA,NA,NA,1,0,0,456,1369.8500000000013,4.226099290780123,147
2014-05-06,CA_1,CA,HOUSEHOLD,Tuesday,4,5,2014,NA,NA,NA,NA,1,0,0,750,3141.499999999999,4.9382005899705,362
2014-05-07,CA_1,CA,FOODS,Wednesday,5,5,2014,NA,NA,NA,NA,1,0,0,2662,6819.719999999987,2.7285679758307877,669
2014-05-07,CA_1,CA,HOBBIES,Wednesday,5,5,2014,NA,NA,NA,NA,1,0,0,541,1537.0300000000016,4.026341991341975,154
2014-05-07,CA_1,CA,HOUSEHOLD,Wednesday,5,5,2014,NA,NA,NA,NA,1,0,0,615,2345.2000000000044,4.925327613104524,301
2014-05-08,CA_1,CA,FOODS,Thursday,6,5,2014,NA,NA,NA,NA,1,0,0,2542,6463.219999999996,2.730638231631359,647
2014-05-08,CA_1,CA,HOBBIES,Thursday,6,5,2014,NA,NA,NA,NA,1,0,0,500,1362.5300000000018,4.067499999999986,161
2014-05-08,CA_1,CA,HOUSEHOLD,Thursday,6,5,2014,NA,NA,NA,NA,1,0,0,634,2824.06,5.115755166931636,344
2014-05-09,CA_1,CA,FOODS,Friday,7,5,2014,NA,NA,NA,NA,1,0,0,3128,8081.169999999972,2.7236664885087944,703
2014-05-09,CA_1,CA,HOBBIES,Friday,7,5,2014,NA,NA,NA,NA,1,0,0,470,1768.5400000000031,4.536460606060587,182
2014-05-09,CA_1,CA,HOUSEHOLD,Friday,7,5,2014,NA,NA,NA,NA,1,0,0,788,3260.1800000000003,4.912816593886461,382
2014-05-10,CA_1,CA,FOODS,Saturday,1,5,2014,NA,NA,NA,NA,1,0,1,3699,9665.199999999964,2.7255607695917177,758
2014-05-10,CA_1,CA,HOBBIES,Saturday,1,5,2014,NA,NA,NA,NA,1,0,1,542,2142.65,4.580297142857127,209
2014-05-10,CA_1,CA,HOUSEHOLD,Saturday,1,5,2014,NA,NA,NA,NA,1,0,1,859,3992.6599999999958,5.058021126760568,409
2014-05-11,CA_1,CA,FOODS,Sunday,2,5,2014,Mother's day,Cultural,NA,NA,0,1,1,2971,7551.349999999985,2.6979830090435493,643
2014-05-11,CA_1,CA,HOBBIES,Sunday,2,5,2014,Mother's day,Cultural,NA,NA,0,1,1,441,1584.570000000002,4.550731707317055,163
2014-05-11,CA_1,CA,HOUSEHOLD,Sunday,2,5,2014,Mother's day,Cultural,NA,NA,0,1,1,772,3236.5799999999977,4.9301105379513634,385
2014-05-12,CA_1,CA,FOODS,Monday,3,5,2014,NA,NA,NA,NA,0,0,0,3144,7925.479999999989,2.675998421468011,664
2014-05-12,CA_1,CA,HOBBIES,Monday,3,5,2014,NA,NA,NA,NA,0,0,0,317,1406.920000000002,5.1282336182336,157
2014-05-12,CA_1,CA,HOUSEHOLD,Monday,3,5,2014,NA,NA,NA,NA,0,0,0,795,3418.9999999999973,4.957274021352316,360
2014-05-13,CA_1,CA,FOODS,Tuesday,4,5,2014,NA,NA,NA,NA,0,0,0,2958,6852.759999999996,2.5385836083608133,643
2014-05-13,CA_1,CA,HOBBIES,Tuesday,4,5,2014,NA,NA,NA,NA,0,0,0,377,1386.890000000001,4.647311139564641,138
2014-05-13,CA_1,CA,HOUSEHOLD,Tuesday,4,5,2014,NA,NA,NA,NA,0,0,0,661,2633.470000000001,4.91340803709428,337
2014-05-14,CA_1,CA,FOODS,Wednesday,5,5,2014,NA,NA,NA,NA,0,0,0,2626,6265.269999999994,2.6146478025285753,625
2014-05-14,CA_1,CA,HOBBIES,Wednesday,5,5,2014,NA,NA,NA,NA,0,0,0,309,1486.5600000000015,5.220863309352495,156
2014-05-14,CA_1,CA,HOUSEHOLD,Wednesday,5,5,2014,NA,NA,NA,NA,0,0,0,619,2753.9499999999994,5.113817460317463,329
2014-05-15,CA_1,CA,FOODS,Thursday,6,5,2014,NA,NA,NA,NA,0,0,0,2443,5964.049999999998,2.6786356441911785,605
2014-05-15,CA_1,CA,HOBBIES,Thursday,6,5,2014,NA,NA,NA,NA,0,0,0,409,1598.3000000000022,4.571549118387891,157
2014-05-15,CA_1,CA,HOUSEHOLD,Thursday,6,5,2014,NA,NA,NA,NA,0,0,0,599,2634.6800000000007,5.124919614147911,325
2014-05-16,CA_1,CA,FOODS,Friday,7,5,2014,NA,NA,NA,NA,0,0,0,3076,7540.059999999989,2.634607922392861,686
2014-05-16,CA_1,CA,HOBBIES,Friday,7,5,2014,NA,NA,NA,NA,0,0,0,562,1698.360000000002,4.057296703296688,194
2014-05-16,CA_1,CA,HOUSEHOLD,Friday,7,5,2014,NA,NA,NA,NA,0,0,0,816,3619.8499999999995,5.007807637906647,372
2014-05-17,CA_1,CA,FOODS,Saturday,1,5,2014,NA,NA,NA,NA,0,0,1,3403,8520.40999999998,2.6519714070729656,738
2014-05-17,CA_1,CA,HOBBIES,Saturday,1,5,2014,NA,NA,NA,NA,0,0,1,589,2065.2200000000025,4.293144385026724,201
2014-05-17,CA_1,CA,HOUSEHOLD,Saturday,1,5,2014,NA,NA,NA,NA,0,0,1,1049,4408.509999999997,4.809502233567334,453
2014-05-18,CA_1,CA,FOODS,Sunday,2,5,2014,NA,NA,NA,NA,0,0,1,4049,9671.71999999997,2.5389848812094824,741
2014-05-18,CA_1,CA,HOBBIES,Sunday,2,5,2014,NA,NA,NA,NA,0,0,1,528,2087.7700000000027,4.52378563283921,198
2014-05-18,CA_1,CA,HOUSEHOLD,Sunday,2,5,2014,NA,NA,NA,NA,0,0,1,1126,4993.6900000000005,4.874279661016956,445
2014-05-19,CA_1,CA,FOODS,Monday,3,5,2014,NA,NA,NA,NA,0,0,0,2827,7090.499999999991,2.6924308755760142,677
2014-05-19,CA_1,CA,HOBBIES,Monday,3,5,2014,NA,NA,NA,NA,0,0,0,470,1546.9500000000016,4.356007067137791,168
2014-05-19,CA_1,CA,HOUSEHOLD,Monday,3,5,2014,NA,NA,NA,NA,0,0,0,757,3004.7300000000005,4.845749456915281,347
2014-05-20,CA_1,CA,FOODS,Tuesday,4,5,2014,NA,NA,NA,NA,0,0,0,2256,5618.510000000001,2.722746766507801,640
2014-05-20,CA_1,CA,HOBBIES,Tuesday,4,5,2014,NA,NA,NA,NA,0,0,0,370,1364.3200000000015,4.662401574803131,155
2014-05-20,CA_1,CA,HOUSEHOLD,Tuesday,4,5,2014,NA,NA,NA,NA,0,0,0,563,2409.630000000002,5.109454841334421,305
2014-05-21,CA_1,CA,FOODS,Wednesday,5,5,2014,NA,NA,NA,NA,0,0,0,2211,5754.999999999997,2.7940151254726486,624
2014-05-21,CA_1,CA,HOBBIES,Wednesday,5,5,2014,NA,NA,NA,NA,0,0,0,345,1474.6700000000017,4.852107382550316,147
2014-05-21,CA_1,CA,HOUSEHOLD,Wednesday,5,5,2014,NA,NA,NA,NA,0,0,0,623,2569.520000000003,4.985721040189128,325
2014-05-22,CA_1,CA,FOODS,Thursday,6,5,2014,NA,NA,NA,NA,0,0,0,2400,5915.749999999995,2.7030402576489294,617
2014-05-22,CA_1,CA,HOBBIES,Thursday,6,5,2014,NA,NA,NA,NA,0,0,0,433,1453.4500000000014,4.471381818181801,155
2014-05-22,CA_1,CA,HOUSEHOLD,Thursday,6,5,2014,NA,NA,NA,NA,0,0,0,601,2493.120000000002,5.039068273092372,327
2014-05-23,CA_1,CA,FOODS,Friday,7,5,2014,NA,NA,NA,NA,0,0,0,2630,6724.319999999996,2.7333403869407253,644
2014-05-23,CA_1,CA,HOBBIES,Friday,7,5,2014,NA,NA,NA,NA,0,0,0,548,1847.3200000000022,4.237379912663741,179
2014-05-23,CA_1,CA,HOUSEHOLD,Friday,7,5,2014,NA,NA,NA,NA,0,0,0,740,3171.8099999999995,4.982035661218423,365
2014-05-24,CA_1,CA,FOODS,Saturday,1,5,2014,NA,NA,NA,NA,0,0,1,3158,7939.129999999987,2.6704872267579454,686
2014-05-24,CA_1,CA,HOBBIES,Saturday,1,5,2014,NA,NA,NA,NA,0,0,1,551,1869.4100000000033,4.289823982398224,189
2014-05-24,CA_1,CA,HOUSEHOLD,Saturday,1,5,2014,NA,NA,NA,NA,0,0,1,949,3812.3400000000006,4.767433913604131,371
2014-05-25,CA_1,CA,FOODS,Sunday,2,5,2014,NA,NA,NA,NA,0,0,1,3226,8077.9699999999875,2.671509482316737,649
2014-05-25,CA_1,CA,HOBBIES,Sunday,2,5,2014,NA,NA,NA,NA,0,0,1,414,1748.1500000000028,4.901950904392748,187
2014-05-25,CA_1,CA,HOUSEHOLD,Sunday,2,5,2014,NA,NA,NA,NA,0,0,1,880,3634.5400000000004,4.840973451327437,384
2014-05-26,CA_1,CA,FOODS,Monday,3,5,2014,MemorialDay,National,NA,NA,0,1,0,3141,7913.929999999987,2.6614518674381644,664
2014-05-26,CA_1,CA,HOBBIES,Monday,3,5,2014,MemorialDay,National,NA,NA,0,1,0,379,1640.9300000000026,4.86185039370077,164
2014-05-26,CA_1,CA,HOUSEHOLD,Monday,3,5,2014,MemorialDay,National,NA,NA,0,1,0,885,4030.3000000000006,5.089184086311535,375
2014-05-27,CA_1,CA,FOODS,Tuesday,4,5,2014,NA,NA,NA,NA,0,0,0,2402,6246.699999999991,2.777936197916637,655
2014-05-27,CA_1,CA,HOBBIES,Tuesday,4,5,2014,NA,NA,NA,NA,0,0,0,490,1727.4000000000028,4.366249999999985,165
2014-05-27,CA_1,CA,HOUSEHOLD,Tuesday,4,5,2014,NA,NA,NA,NA,0,0,0,728,2935.4899999999993,4.880368731563421,345
2014-05-28,CA_1,CA,FOODS,Wednesday,5,5,2014,NA,NA,NA,NA,0,0,0,2089,5311.379999999998,2.7563095664636097,623
2014-05-28,CA_1,CA,HOBBIES,Wednesday,5,5,2014,NA,NA,NA,NA,0,0,0,508,1286.2400000000011,3.926361631753017,148
2014-05-28,CA_1,CA,HOUSEHOLD,Wednesday,5,5,2014,NA,NA,NA,NA,0,0,0,707,3069.3099999999995,5.033963828183877,353
2014-05-29,CA_1,CA,FOODS,Thursday,6,5,2014,NA,NA,NA,NA,0,0,0,2230,5402.319999999998,2.651298126064713,620
2014-05-29,CA_1,CA,HOBBIES,Thursday,6,5,2014,NA,NA,NA,NA,0,0,0,335,1607.7200000000016,5.050615595075222,151
2014-05-29,CA_1,CA,HOUSEHOLD,Thursday,6,5,2014,NA,NA,NA,NA,0,0,0,631,2664.720000000005,5.035962145110411,336
2014-05-30,CA_1,CA,FOODS,Friday,7,5,2014,NA,NA,NA,NA,0,0,0,2659,6668.119999999993,2.6974213836477747,645
2014-05-30,CA_1,CA,HOBBIES,Friday,7,5,2014,NA,NA,NA,NA,0,0,0,503,2117.17,4.658736964078781,187
2014-05-30,CA_1,CA,HOUSEHOLD,Friday,7,5,2014,NA,NA,NA,NA,0,0,0,856,3674.0799999999986,4.89155477031802,414
2014-05-31,CA_1,CA,FOODS,Saturday,1,5,2014,NA,NA,NA,NA,0,0,1,3407,8409.949999999983,2.6268621118012216,714
2014-05-31,CA_1,CA,HOBBIES,Saturday,1,5,2014,NA,NA,NA,NA,0,0,1,673,2217.5500000000006,4.094210009813536,201
2014-05-31,CA_1,CA,HOUSEHOLD,Saturday,1,5,2014,NA,NA,NA,NA,0,0,1,1080,4689.1900000000005,4.843735239279058,449
2014-06-01,CA_1,CA,FOODS,Sunday,2,6,2014,NA,NA,NA,NA,1,0,1,4216,10542.229999999974,2.607520868113501,756
2014-06-01,CA_1,CA,HOBBIES,Sunday,2,6,2014,NA,NA,NA,NA,1,0,1,625,2315.620000000001,4.320456905503624,209
2014-06-01,CA_1,CA,HOUSEHOLD,Sunday,2,6,2014,NA,NA,NA,NA,1,0,1,1199,4983.320000000001,4.676436046511633,457
2014-06-02,CA_1,CA,FOODS,Monday,3,6,2014,NA,NA,NA,NA,1,0,0,3002,7596.009999999987,2.69508986928102,662
2014-06-02,CA_1,CA,HOBBIES,Monday,3,6,2014,NA,NA,NA,NA,1,0,0,517,1811.3300000000024,4.4047256438969615,171
2014-06-02,CA_1,CA,HOUSEHOLD,Monday,3,6,2014,NA,NA,NA,NA,1,0,0,869,3749.2599999999998,4.936971153846161,391
2014-06-03,CA_1,CA,FOODS,Tuesday,4,6,2014,NA,NA,NA,NA,1,0,0,2637,6414.529999999999,2.635848200786187,662
2014-06-03,CA_1,CA,HOBBIES,Tuesday,4,6,2014,NA,NA,NA,NA,1,0,0,499,1646.2900000000027,4.2761199095022455,162
2014-06-03,CA_1,CA,HOUSEHOLD,Tuesday,4,6,2014,NA,NA,NA,NA,1,0,0,745,3062.539999999998,4.911781524926685,359
2014-06-04,CA_1,CA,FOODS,Wednesday,5,6,2014,NA,NA,NA,NA,1,0,0,2605,6849.999999999987,2.806445526475927,651
2014-06-04,CA_1,CA,HOBBIES,Wednesday,5,6,2014,NA,NA,NA,NA,1,0,0,462,1632.6000000000015,4.465714285714273,169
2014-06-04,CA_1,CA,HOUSEHOLD,Wednesday,5,6,2014,NA,NA,NA,NA,1,0,0,668,2906.0600000000036,5.027692895339952,337
2014-06-05,CA_1,CA,FOODS,Thursday,6,6,2014,NBAFinalsStart,Sporting,NA,NA,1,1,0,2597,6477.839999999996,2.6915396435156467,675
2014-06-05,CA_1,CA,HOBBIES,Thursday,6,6,2014,NBAFinalsStart,Sporting,NA,NA,1,1,0,455,1631.6800000000019,4.365813397129168,166
2014-06-05,CA_1,CA,HOUSEHOLD,Thursday,6,6,2014,NBAFinalsStart,Sporting,NA,NA,1,1,0,744,3005.280000000001,4.859366351056082,349
2014-06-06,CA_1,CA,FOODS,Friday,7,6,2014,NA,NA,NA,NA,1,0,0,2956,7484.22999999999,2.7001581576026403,684
2014-06-06,CA_1,CA,HOBBIES,Friday,7,6,2014,NA,NA,NA,NA,1,0,0,472,1612.6600000000021,4.337098265895938,154
2014-06-06,CA_1,CA,HOUSEHOLD,Friday,7,6,2014,NA,NA,NA,NA,1,0,0,799,3224.4000000000005,4.894798850574713,385
2014-06-07,CA_1,CA,FOODS,Saturday,1,6,2014,NA,NA,NA,NA,1,0,1,3882,9545.389999999974,2.598979045920619,736
2014-06-07,CA_1,CA,HOBBIES,Saturday,1,6,2014,NA,NA,NA,NA,1,0,1,497,2168.309999999999,4.770933806146558,198
2014-06-07,CA_1,CA,HOUSEHOLD,Saturday,1,6,2014,NA,NA,NA,NA,1,0,1,1037,4780.280000000005,5.01714285714286,433
2014-06-08,CA_1,CA,FOODS,Sunday,2,6,2014,NA,NA,NA,NA,1,0,1,4339,10402.569999999958,2.5259768715763604,750
2014-06-08,CA_1,CA,HOBBIES,Sunday,2,6,2014,NA,NA,NA,NA,1,0,1,504,1802.230000000002,4.431770114942513,181
2014-06-08,CA_1,CA,HOUSEHOLD,Sunday,2,6,2014,NA,NA,NA,NA,1,0,1,1134,4625.850000000004,4.668163141993965,457
2014-06-09,CA_1,CA,FOODS,Monday,3,6,2014,NA,NA,NA,NA,1,0,0,3415,8245.219999999981,2.5813387573964235,699
2014-06-09,CA_1,CA,HOBBIES,Monday,3,6,2014,NA,NA,NA,NA,1,0,0,359,1489.790000000001,4.963790322580629,162
2014-06-09,CA_1,CA,HOUSEHOLD,Monday,3,6,2014,NA,NA,NA,NA,1,0,0,857,3487.1999999999994,4.839889502762437,387
2014-06-10,CA_1,CA,FOODS,Tuesday,4,6,2014,NA,NA,NA,NA,1,0,0,2821,6687.439999999992,2.588624821683285,656
2014-06-10,CA_1,CA,HOBBIES,Tuesday,4,6,2014,NA,NA,NA,NA,1,0,0,307,1127.6000000000008,4.762966573816136,136
2014-06-10,CA_1,CA,HOUSEHOLD,Tuesday,4,6,2014,NA,NA,NA,NA,1,0,0,766,3252.8799999999956,4.899971139971143,358
2014-06-11,CA_1,CA,FOODS,Wednesday,5,6,2014,NA,NA,NA,NA,0,0,0,2765,6756.469999999986,2.63558626709337,668
2014-06-11,CA_1,CA,HOBBIES,Wednesday,5,6,2014,NA,NA,NA,NA,0,0,0,393,1705.3500000000015,4.8973555840821374,161
2014-06-11,CA_1,CA,HOUSEHOLD,Wednesday,5,6,2014,NA,NA,NA,NA,0,0,0,691,2885.1300000000015,4.958802122820322,350
2014-06-12,CA_1,CA,FOODS,Thursday,6,6,2014,NA,NA,NA,NA,0,0,0,2639,6301.369999999987,2.620886227544881,639
2014-06-12,CA_1,CA,HOBBIES,Thursday,6,6,2014,NA,NA,NA,NA,0,0,0,400,1547.8600000000022,4.624017743979707,158
2014-06-12,CA_1,CA,HOUSEHOLD,Thursday,6,6,2014,NA,NA,NA,NA,0,0,0,706,2900.4699999999993,4.935298113207547,359
2014-06-13,CA_1,CA,FOODS,Friday,7,6,2014,NA,NA,NA,NA,0,0,0,3250,7966.599999999986,2.6210733452593638,677
2014-06-13,CA_1,CA,HOBBIES,Friday,7,6,2014,NA,NA,NA,NA,0,0,0,536,1579.5300000000025,4.050284463894952,169
2014-06-13,CA_1,CA,HOUSEHOLD,Friday,7,6,2014,NA,NA,NA,NA,0,0,0,835,3332.3500000000013,4.847105816398035,386
2014-06-14,CA_1,CA,FOODS,Saturday,1,6,2014,NA,NA,NA,NA,0,0,1,3956,9542.229999999974,2.5521406660823636,734
2014-06-14,CA_1,CA,HOBBIES,Saturday,1,6,2014,NA,NA,NA,NA,0,0,1,631,2181.5699999999997,4.207561224489783,199
2014-06-14,CA_1,CA,HOUSEHOLD,Saturday,1,6,2014,NA,NA,NA,NA,0,0,1,1002,4116.2599999999975,4.765259117082534,419
2014-06-15,CA_1,CA,FOODS,Sunday,2,6,2014,NBAFinalsEnd,Sporting,Father's day,Cultural,0,1,1,3439,8344.039999999985,2.5951631901840266,706
2014-06-15,CA_1,CA,HOBBIES,Sunday,2,6,2014,NBAFinalsEnd,Sporting,Father's day,Cultural,0,1,1,507,2061.4000000000024,4.581149825783956,194
2014-06-15,CA_1,CA,HOUSEHOLD,Sunday,2,6,2014,NBAFinalsEnd,Sporting,Father's day,Cultural,0,1,1,984,4293.2699999999995,4.8985844155844145,424
2014-06-16,CA_1,CA,FOODS,Monday,3,6,2014,NA,NA,NA,NA,0,0,0,2860,7043.909999999997,2.6614928774928512,692
2014-06-16,CA_1,CA,HOBBIES,Monday,3,6,2014,NA,NA,NA,NA,0,0,0,496,1830.930000000002,4.45518306636154,170
2014-06-16,CA_1,CA,HOUSEHOLD,Monday,3,6,2014,NA,NA,NA,NA,0,0,0,821,3420.3700000000003,4.848697508896791,396
2014-06-17,CA_1,CA,FOODS,Tuesday,4,6,2014,NA,NA,NA,NA,0,0,0,2398,5749.13,2.6501384863123754,635
2014-06-17,CA_1,CA,HOBBIES,Tuesday,4,6,2014,NA,NA,NA,NA,0,0,0,405,1557.910000000002,4.5474519846350665,172
2014-06-17,CA_1,CA,HOUSEHOLD,Tuesday,4,6,2014,NA,NA,NA,NA,0,0,0,814,3375.589999999998,4.861975920679884,382
2014-06-18,CA_1,CA,FOODS,Wednesday,5,6,2014,NA,NA,NA,NA,0,0,0,2733,6449.479999999988,2.6050702987697467,661
2014-06-18,CA_1,CA,HOBBIES,Wednesday,5,6,2014,NA,NA,NA,NA,0,0,0,514,1636.6600000000028,4.2714679911699625,156
2014-06-18,CA_1,CA,HOUSEHOLD,Wednesday,5,6,2014,NA,NA,NA,NA,0,0,0,751,3106.7800000000007,4.938351568198391,360
2014-06-19,CA_1,CA,FOODS,Thursday,6,6,2014,NA,NA,NA,NA,0,0,0,2535,5927.909999999993,2.611513097072392,632
2014-06-19,CA_1,CA,HOBBIES,Thursday,6,6,2014,NA,NA,NA,NA,0,0,0,413,1498.8300000000029,4.656081946222776,180
2014-06-19,CA_1,CA,HOUSEHOLD,Thursday,6,6,2014,NA,NA,NA,NA,0,0,0,752,3093.9199999999996,4.924491899852722,374
2014-06-20,CA_1,CA,FOODS,Friday,7,6,2014,NA,NA,NA,NA,0,0,0,3397,7965.809999999989,2.541596034696383,704
2014-06-20,CA_1,CA,HOBBIES,Friday,7,6,2014,NA,NA,NA,NA,0,0,0,521,1923.6000000000026,4.419314606741559,179
2014-06-20,CA_1,CA,HOUSEHOLD,Friday,7,6,2014,NA,NA,NA,NA,0,0,0,902,4023.1899999999987,5.002852185981956,441
2014-06-21,CA_1,CA,FOODS,Saturday,1,6,2014,NA,NA,NA,NA,0,0,1,3509,8035.469999999985,2.4877633164617747,706
2014-06-21,CA_1,CA,HOBBIES,Saturday,1,6,2014,NA,NA,NA,NA,0,0,1,575,1801.4900000000027,4.098723404255307,183
2014-06-21,CA_1,CA,HOUSEHOLD,Saturday,1,6,2014,NA,NA,NA,NA,0,0,1,1087,4609.419999999994,4.797380368098157,441
2014-06-22,CA_1,CA,FOODS,Sunday,2,6,2014,NA,NA,NA,NA,0,0,1,3729,8692.789999999983,2.515910866069355,722
2014-06-22,CA_1,CA,HOBBIES,Sunday,2,6,2014,NA,NA,NA,NA,0,0,1,470,2087.1200000000035,4.87148102815176,201
2014-06-22,CA_1,CA,HOUSEHOLD,Sunday,2,6,2014,NA,NA,NA,NA,0,0,1,1251,5124.039999999998,4.672822671156002,453
2014-06-23,CA_1,CA,FOODS,Monday,3,6,2014,NA,NA,NA,NA,0,0,0,2809,6700.419999999982,2.622985931668073,672
2014-06-23,CA_1,CA,HOBBIES,Monday,3,6,2014,NA,NA,NA,NA,0,0,0,480,1798.880000000002,4.494971031286196,165
2014-06-23,CA_1,CA,HOUSEHOLD,Monday,3,6,2014,NA,NA,NA,NA,0,0,0,807,3265.269999999997,4.837179305457117,380
2014-06-24,CA_1,CA,FOODS,Tuesday,4,6,2014,NA,NA,NA,NA,0,0,0,2495,5792.529999999991,2.6116324626865373,625
2014-06-24,CA_1,CA,HOBBIES,Tuesday,4,6,2014,NA,NA,NA,NA,0,0,0,474,1439.900000000002,4.1554322429906385,166
2014-06-24,CA_1,CA,HOUSEHOLD,Tuesday,4,6,2014,NA,NA,NA,NA,0,0,0,674,2724.070000000001,4.961778290993067,359
2014-06-25,CA_1,CA,FOODS,Wednesday,5,6,2014,NA,NA,NA,NA,0,0,0,2410,5808.599999999998,2.6733078149919947,621
2014-06-25,CA_1,CA,HOBBIES,Wednesday,5,6,2014,NA,NA,NA,NA,0,0,0,423,1718.740000000002,4.727908979089772,158
2014-06-25,CA_1,CA,HOUSEHOLD,Wednesday,5,6,2014,NA,NA,NA,NA,0,0,0,740,3065.2599999999975,4.919992706053973,353
2014-06-26,CA_1,CA,FOODS,Thursday,6,6,2014,NA,NA,NA,NA,0,0,0,2302,5532.619999999999,2.660770497201158,611
2014-06-26,CA_1,CA,HOBBIES,Thursday,6,6,2014,NA,NA,NA,NA,0,0,0,442,1742.2600000000018,4.633467933491669,148
2014-06-26,CA_1,CA,HOUSEHOLD,Thursday,6,6,2014,NA,NA,NA,NA,0,0,0,734,2918.6800000000007,4.891620234604099,354
2014-06-27,CA_1,CA,FOODS,Friday,7,6,2014,NA,NA,NA,NA,0,0,0,2783,6276.579999999991,2.5116504576658785,633
2014-06-27,CA_1,CA,HOBBIES,Friday,7,6,2014,NA,NA,NA,NA,0,0,0,541,1796.6700000000021,4.282301762114523,181
2014-06-27,CA_1,CA,HOUSEHOLD,Friday,7,6,2014,NA,NA,NA,NA,0,0,0,811,3249.5199999999986,4.8760384068278775,389
2014-06-28,CA_1,CA,FOODS,Saturday,1,6,2014,NA,NA,NA,NA,0,0,1,3445,8170.559999999991,2.5679927007298997,687
2014-06-28,CA_1,CA,HOBBIES,Saturday,1,6,2014,NA,NA,NA,NA,0,0,1,614,1857.440000000002,4.015352400408568,183
2014-06-28,CA_1,CA,HOUSEHOLD,Saturday,1,6,2014,NA,NA,NA,NA,0,0,1,1056,4438.769999999995,4.7991536050156745,446
2014-06-29,CA_1,CA,FOODS,Sunday,2,6,2014,Ramadan starts,Religious,NA,NA,0,1,1,3751,9052.739999999974,2.5837089095442973,692
2014-06-29,CA_1,CA,HOBBIES,Sunday,2,6,2014,Ramadan starts,Religious,NA,NA,0,1,1,503,1943.6400000000028,4.533298850574699,181
2014-06-29,CA_1,CA,HOUSEHOLD,Sunday,2,6,2014,Ramadan starts,Religious,NA,NA,0,1,1,997,4220.869999999999,4.854515715202048,423
2014-06-30,CA_1,CA,FOODS,Monday,3,6,2014,NA,NA,NA,NA,0,0,0,2831,6677.969999999986,2.589249643366593,678
2014-06-30,CA_1,CA,HOBBIES,Monday,3,6,2014,NA,NA,NA,NA,0,0,0,564,1724.1000000000029,4.0618308351177586,178
2014-06-30,CA_1,CA,HOUSEHOLD,Monday,3,6,2014,NA,NA,NA,NA,0,0,0,900,3783.999999999994,4.895479543930248,394
2014-07-01,CA_1,CA,FOODS,Tuesday,4,7,2014,NA,NA,NA,NA,1,0,0,2942,7162.549999999984,2.6305581782837817,693
2014-07-01,CA_1,CA,HOBBIES,Tuesday,4,7,2014,NA,NA,NA,NA,1,0,0,558,2136.4100000000003,4.46639289678134,205
2014-07-01,CA_1,CA,HOUSEHOLD,Tuesday,4,7,2014,NA,NA,NA,NA,1,0,0,968,4022.409999999998,4.788752462245568,430
2014-07-02,CA_1,CA,FOODS,Wednesday,5,7,2014,NA,NA,NA,NA,1,0,0,2999,7178.9099999999835,2.619805194805169,655
2014-07-02,CA_1,CA,HOBBIES,Wednesday,5,7,2014,NA,NA,NA,NA,1,0,0,491,1960.610000000003,4.658581395348825,179
2014-07-02,CA_1,CA,HOUSEHOLD,Wednesday,5,7,2014,NA,NA,NA,NA,1,0,0,771,3331.870000000001,4.980253807106594,377
2014-07-03,CA_1,CA,FOODS,Thursday,6,7,2014,NA,NA,NA,NA,1,0,0,3948,9646.169999999986,2.6070838794233078,722
2014-07-03,CA_1,CA,HOBBIES,Thursday,6,7,2014,NA,NA,NA,NA,1,0,0,683,2251.7899999999995,4.022754318618035,189
2014-07-03,CA_1,CA,HOUSEHOLD,Thursday,6,7,2014,NA,NA,NA,NA,1,0,0,951,3982.999999999999,4.820848684210526,416
2014-07-04,CA_1,CA,FOODS,Friday,7,7,2014,IndependenceDay,National,NA,NA,1,1,0,3404,8012.439999999985,2.559783928137873,637
2014-07-04,CA_1,CA,HOBBIES,Friday,7,7,2014,IndependenceDay,National,NA,NA,1,1,0,344,1390.8100000000015,4.869759358288751,144
2014-07-04,CA_1,CA,HOUSEHOLD,Friday,7,7,2014,IndependenceDay,National,NA,NA,1,1,0,707,2991.1199999999976,4.99705572289156,364
2014-07-05,CA_1,CA,FOODS,Saturday,1,7,2014,NA,NA,NA,NA,1,0,1,3559,8114.769999999984,2.4778875236294646,681
2014-07-05,CA_1,CA,HOBBIES,Saturday,1,7,2014,NA,NA,NA,NA,1,0,1,525,1922.1800000000035,4.402659217877082,179
2014-07-05,CA_1,CA,HOUSEHOLD,Saturday,1,7,2014,NA,NA,NA,NA,1,0,1,958,3997.2899999999986,4.852233834095363,412
2014-07-06,CA_1,CA,FOODS,Sunday,2,7,2014,NA,NA,NA,NA,1,0,1,4140,9766.859999999975,2.514153361344513,734
2014-07-06,CA_1,CA,HOBBIES,Sunday,2,7,2014,NA,NA,NA,NA,1,0,1,515,2088.520000000002,4.677744186046497,204
2014-07-06,CA_1,CA,HOUSEHOLD,Sunday,2,7,2014,NA,NA,NA,NA,1,0,1,1214,5081.459999999994,4.725789473684207,451
2014-07-07,CA_1,CA,FOODS,Monday,3,7,2014,NA,NA,NA,NA,1,0,0,3391,8259.57999999998,2.6197556762092526,693
2014-07-07,CA_1,CA,HOBBIES,Monday,3,7,2014,NA,NA,NA,NA,1,0,0,451,1941.250000000003,4.863624242424228,175
2014-07-07,CA_1,CA,HOUSEHOLD,Monday,3,7,2014,NA,NA,NA,NA,1,0,0,855,3577.74,4.906600000000004,390
2014-07-08,CA_1,CA,FOODS,Tuesday,4,7,2014,NA,NA,NA,NA,1,0,0,3147,7750.129999999988,2.6547231697716867,690
2014-07-08,CA_1,CA,HOBBIES,Tuesday,4,7,2014,NA,NA,NA,NA,1,0,0,458,1525.080000000002,4.362016706443898,169
2014-07-08,CA_1,CA,HOUSEHOLD,Tuesday,4,7,2014,NA,NA,NA,NA,1,0,0,855,3616.5799999999977,4.917711922811851,389
2014-07-09,CA_1,CA,FOODS,Wednesday,5,7,2014,NA,NA,NA,NA,1,0,0,2857,7179.879999999988,2.7117774647887036,661
2014-07-09,CA_1,CA,HOBBIES,Wednesday,5,7,2014,NA,NA,NA,NA,1,0,0,330,1508.3600000000024,5.107605442176854,144
2014-07-09,CA_1,CA,HOUSEHOLD,Wednesday,5,7,2014,NA,NA,NA,NA,1,0,0,760,3210.9699999999975,4.928536052439903,372
2014-07-10,CA_1,CA,FOODS,Thursday,6,7,2014,NA,NA,NA,NA,1,0,0,3041,7628.879999999987,2.688276510067087,670
2014-07-10,CA_1,CA,HOBBIES,Thursday,6,7,2014,NA,NA,NA,NA,1,0,0,354,1442.9700000000016,4.784773333333316,153
2014-07-10,CA_1,CA,HOUSEHOLD,Thursday,6,7,2014,NA,NA,NA,NA,1,0,0,848,3623.1899999999973,4.8861314878892745,388
2014-07-11,CA_1,CA,FOODS,Friday,7,7,2014,NA,NA,NA,NA,0,0,0,3276,8065.779999999985,2.647718103882981,664
2014-07-11,CA_1,CA,HOBBIES,Friday,7,7,2014,NA,NA,NA,NA,0,0,0,511,1983.1400000000021,4.445449438202231,170
2014-07-11,CA_1,CA,HOUSEHOLD,Friday,7,7,2014,NA,NA,NA,NA,0,0,0,908,3783.0200000000004,4.862816053511706,398
2014-07-12,CA_1,CA,FOODS,Saturday,1,7,2014,NA,NA,NA,NA,0,0,1,3853,9496.049999999981,2.6219583706356087,740
2014-07-12,CA_1,CA,HOBBIES,Saturday,1,7,2014,NA,NA,NA,NA,0,0,1,550,1892.010000000002,4.215375408052215,182
2014-07-12,CA_1,CA,HOUSEHOLD,Saturday,1,7,2014,NA,NA,NA,NA,0,0,1,1062,4505.659999999997,4.777124223602482,438
2014-07-13,CA_1,CA,FOODS,Sunday,2,7,2014,NA,NA,NA,NA,0,0,1,3913,9631.129999999974,2.61442176870746,711
2014-07-13,CA_1,CA,HOBBIES,Sunday,2,7,2014,NA,NA,NA,NA,0,0,1,533,2471.7799999999997,4.827374860956628,185
2014-07-13,CA_1,CA,HOUSEHOLD,Sunday,2,7,2014,NA,NA,NA,NA,0,0,1,1169,4936.959999999999,4.7360442117510155,436
2014-07-14,CA_1,CA,FOODS,Monday,3,7,2014,NA,NA,NA,NA,0,0,0,2857,6994.659999999985,2.6664732394365918,662
2014-07-14,CA_1,CA,HOBBIES,Monday,3,7,2014,NA,NA,NA,NA,0,0,0,456,1465.8300000000017,4.215546415981182,156
2014-07-14,CA_1,CA,HOUSEHOLD,Monday,3,7,2014,NA,NA,NA,NA,0,0,0,851,3537.2499999999986,4.891809458533243,378
2014-07-15,CA_1,CA,FOODS,Tuesday,4,7,2014,NA,NA,NA,NA,0,0,0,2738,6699.179999999993,2.680429394812653,623
2014-07-15,CA_1,CA,HOBBIES,Tuesday,4,7,2014,NA,NA,NA,NA,0,0,0,439,1790.640000000002,4.718697225572962,161
2014-07-15,CA_1,CA,HOUSEHOLD,Tuesday,4,7,2014,NA,NA,NA,NA,0,0,0,771,2987.760000000001,4.779323843416368,352
2014-07-16,CA_1,CA,FOODS,Wednesday,5,7,2014,NA,NA,NA,NA,0,0,0,2625,6484.379999999987,2.724539156626475,660
2014-07-16,CA_1,CA,HOBBIES,Wednesday,5,7,2014,NA,NA,NA,NA,0,0,0,529,1640.560000000002,4.159678111587968,148
2014-07-16,CA_1,CA,HOUSEHOLD,Wednesday,5,7,2014,NA,NA,NA,NA,0,0,0,765,3092.579999999998,4.835092592592591,347
2014-07-17,CA_1,CA,FOODS,Thursday,6,7,2014,NA,NA,NA,NA,0,0,0,2673,6490.689999999985,2.6651838776110326,629
2014-07-17,CA_1,CA,HOBBIES,Thursday,6,7,2014,NA,NA,NA,NA,0,0,0,410,1440.2200000000016,4.5835024752475055,153
2014-07-17,CA_1,CA,HOUSEHOLD,Thursday,6,7,2014,NA,NA,NA,NA,0,0,0,696,2846.27,4.960959409594097,327
2014-07-18,CA_1,CA,FOODS,Friday,7,7,2014,NA,NA,NA,NA,0,0,0,3165,7459.219999999979,2.581250324254188,665
2014-07-18,CA_1,CA,HOBBIES,Friday,7,7,2014,NA,NA,NA,NA,0,0,0,526,1935.2500000000025,4.428614864864847,189
2014-07-18,CA_1,CA,HOUSEHOLD,Friday,7,7,2014,NA,NA,NA,NA,0,0,0,942,3696.2499999999986,4.706515450361605,407
2014-07-19,CA_1,CA,FOODS,Saturday,1,7,2014,NA,NA,NA,NA,0,0,1,3626,8726.829999999987,2.5776355952101198,727
2014-07-19,CA_1,CA,HOBBIES,Saturday,1,7,2014,NA,NA,NA,NA,0,0,1,511,1998.7500000000027,4.611089670828587,181
2014-07-19,CA_1,CA,HOUSEHOLD,Saturday,1,7,2014,NA,NA,NA,NA,0,0,1,1087,4300.539999999997,4.653981707317076,437
2014-07-20,CA_1,CA,FOODS,Sunday,2,7,2014,NA,NA,NA,NA,0,0,1,4196,10271.29999999997,2.5959349761855233,727
2014-07-20,CA_1,CA,HOBBIES,Sunday,2,7,2014,NA,NA,NA,NA,0,0,1,568,2114.05,4.4922330097087295,192
2014-07-20,CA_1,CA,HOUSEHOLD,Sunday,2,7,2014,NA,NA,NA,NA,0,0,1,1198,4683.33,4.534329479768788,458
2014-07-21,CA_1,CA,FOODS,Monday,3,7,2014,NA,NA,NA,NA,0,0,0,2677,6478.669999999985,2.6585573770491524,682
2014-07-21,CA_1,CA,HOBBIES,Monday,3,7,2014,NA,NA,NA,NA,0,0,0,453,1757.310000000003,4.60973809523808,164
2014-07-21,CA_1,CA,HOUSEHOLD,Monday,3,7,2014,NA,NA,NA,NA,0,0,0,878,3567.359999999999,4.811603260869566,396
2014-07-22,CA_1,CA,FOODS,Tuesday,4,7,2014,NA,NA,NA,NA,0,0,0,2484,5888.939999999994,2.634578163771682,620
2014-07-22,CA_1,CA,HOBBIES,Tuesday,4,7,2014,NA,NA,NA,NA,0,0,0,412,1460.9600000000019,4.624731585518086,162
2014-07-22,CA_1,CA,HOUSEHOLD,Tuesday,4,7,2014,NA,NA,NA,NA,0,0,0,700,2911.439999999999,4.948670649738609,351
2014-07-23,CA_1,CA,FOODS,Wednesday,5,7,2014,NA,NA,NA,NA,0,0,0,2692,6252.579999999992,2.5944992657855805,647
2014-07-23,CA_1,CA,HOBBIES,Wednesday,5,7,2014,NA,NA,NA,NA,0,0,0,455,1517.2500000000027,4.354882075471681,158
2014-07-23,CA_1,CA,HOUSEHOLD,Wednesday,5,7,2014,NA,NA,NA,NA,0,0,0,752,3063.960000000001,4.88186246418338,346
2014-07-24,CA_1,CA,FOODS,Thursday,6,7,2014,NA,NA,NA,NA,0,0,0,2751,6305.119999999994,2.5682708273689974,618
2014-07-24,CA_1,CA,HOBBIES,Thursday,6,7,2014,NA,NA,NA,NA,0,0,0,458,1783.650000000003,4.663966942148743,162
2014-07-24,CA_1,CA,HOUSEHOLD,Thursday,6,7,2014,NA,NA,NA,NA,0,0,0,681,2863.5200000000013,5.017537993920972,355
2014-07-25,CA_1,CA,FOODS,Friday,7,7,2014,NA,NA,NA,NA,0,0,0,3042,7126.809999999984,2.5712122023012838,665
2014-07-25,CA_1,CA,HOBBIES,Friday,7,7,2014,NA,NA,NA,NA,0,0,0,402,1284.800000000002,4.4722893081760855,158
2014-07-25,CA_1,CA,HOUSEHOLD,Friday,7,7,2014,NA,NA,NA,NA,0,0,0,771,3084.5099999999975,4.8308207343412475,372
2014-07-26,CA_1,CA,FOODS,Saturday,1,7,2014,NA,NA,NA,NA,0,0,1,3234,7530.079999999979,2.556812484011234,686
2014-07-26,CA_1,CA,HOBBIES,Saturday,1,7,2014,NA,NA,NA,NA,0,0,1,406,1798.9700000000025,4.8922989949748565,162
2014-07-26,CA_1,CA,HOUSEHOLD,Saturday,1,7,2014,NA,NA,NA,NA,0,0,1,969,3952.73,4.767500000000004,439
2014-07-27,CA_1,CA,FOODS,Sunday,2,7,2014,NA,NA,NA,NA,0,0,1,3776,8975.299999999981,2.558870529651401,719
2014-07-27,CA_1,CA,HOBBIES,Sunday,2,7,2014,NA,NA,NA,NA,0,0,1,521,1856.0600000000034,4.402718120805355,179
2014-07-27,CA_1,CA,HOUSEHOLD,Sunday,2,7,2014,NA,NA,NA,NA,0,0,1,1124,4497.379999999995,4.668831942789036,440
2014-07-28,CA_1,CA,FOODS,Monday,3,7,2014,NA,NA,NA,NA,0,0,0,3047,7406.899999999988,2.6306310679611404,700
2014-07-28,CA_1,CA,HOBBIES,Monday,3,7,2014,NA,NA,NA,NA,0,0,0,543,1853.7100000000023,4.231113561190724,188
2014-07-28,CA_1,CA,HOUSEHOLD,Monday,3,7,2014,NA,NA,NA,NA,0,0,0,989,3888.739999999999,4.695954052329293,416
2014-07-29,CA_1,CA,FOODS,Tuesday,4,7,2014,Eid al-Fitr,Religious,NA,NA,0,1,0,2579,6122.229999999987,2.636571428571402,650
2014-07-29,CA_1,CA,HOBBIES,Tuesday,4,7,2014,Eid al-Fitr,Religious,NA,NA,0,1,0,471,1552.2200000000016,4.3821232876712175,147
2014-07-29,CA_1,CA,HOUSEHOLD,Tuesday,4,7,2014,Eid al-Fitr,Religious,NA,NA,0,1,0,760,2969.289999999998,4.809601706970128,348
2014-07-30,CA_1,CA,FOODS,Wednesday,5,7,2014,NA,NA,NA,NA,0,0,0,2798,6548.12999999999,2.5985599770970254,666
2014-07-30,CA_1,CA,HOBBIES,Wednesday,5,7,2014,NA,NA,NA,NA,0,0,0,373,1244.4800000000012,4.575132743362816,134
2014-07-30,CA_1,CA,HOUSEHOLD,Wednesday,5,7,2014,NA,NA,NA,NA,0,0,0,699,2907.6699999999973,4.996476333583773,362
2014-07-31,CA_1,CA,FOODS,Thursday,6,7,2014,NA,NA,NA,NA,0,0,0,2703,6383.819999999993,2.621046037296012,632
2014-07-31,CA_1,CA,HOBBIES,Thursday,6,7,2014,NA,NA,NA,NA,0,0,0,497,1679.2200000000023,4.29220090293452,163
2014-07-31,CA_1,CA,HOUSEHOLD,Thursday,6,7,2014,NA,NA,NA,NA,0,0,0,785,3168.109999999999,4.861716312056735,369
2014-08-01,CA_1,CA,FOODS,Friday,7,8,2014,NA,NA,NA,NA,1,0,0,3579,8839.339999999978,2.6265908552475454,719
2014-08-01,CA_1,CA,HOBBIES,Friday,7,8,2014,NA,NA,NA,NA,1,0,0,627,1945.190000000002,4.095888223552882,177
2014-08-01,CA_1,CA,HOUSEHOLD,Friday,7,8,2014,NA,NA,NA,NA,1,0,0,1023,4248.439999999997,4.7625752722613734,456
2014-08-02,CA_1,CA,FOODS,Saturday,1,8,2014,NA,NA,NA,NA,1,0,1,4136,9708.819999999974,2.502874630645821,761
2014-08-02,CA_1,CA,HOBBIES,Saturday,1,8,2014,NA,NA,NA,NA,1,0,1,624,2024.4800000000027,4.124582484725039,195
2014-08-02,CA_1,CA,HOUSEHOLD,Saturday,1,8,2014,NA,NA,NA,NA,1,0,1,1077,4454.0499999999975,4.762003722084368,462
2014-08-03,CA_1,CA,FOODS,Sunday,2,8,2014,NA,NA,NA,NA,1,0,1,4403,10424.159999999962,2.513738973536466,778
2014-08-03,CA_1,CA,HOBBIES,Sunday,2,8,2014,NA,NA,NA,NA,1,0,1,688,2479.7699999999995,4.169643888354189,202
2014-08-03,CA_1,CA,HOUSEHOLD,Sunday,2,8,2014,NA,NA,NA,NA,1,0,1,1270,5318.639999999991,4.706513303769395,463
2014-08-04,CA_1,CA,FOODS,Monday,3,8,2014,NA,NA,NA,NA,1,0,0,3533,8692.239999999983,2.6263029865125,744
2014-08-04,CA_1,CA,HOBBIES,Monday,3,8,2014,NA,NA,NA,NA,1,0,0,558,1779.5000000000027,4.1541445270988175,170
2014-08-04,CA_1,CA,HOUSEHOLD,Monday,3,8,2014,NA,NA,NA,NA,1,0,0,947,3587.9299999999994,4.655881975625406,385
2014-08-05,CA_1,CA,FOODS,Tuesday,4,8,2014,NA,NA,NA,NA,1,0,0,3135,7455.529999999982,2.5867569700157533,696
2014-08-05,CA_1,CA,HOBBIES,Tuesday,4,8,2014,NA,NA,NA,NA,1,0,0,367,1292.7500000000018,4.664274611398947,148
2014-08-05,CA_1,CA,HOUSEHOLD,Tuesday,4,8,2014,NA,NA,NA,NA,1,0,0,787,3199.7499999999995,4.86758029978587,383
2014-08-06,CA_1,CA,FOODS,Wednesday,5,8,2014,NA,NA,NA,NA,1,0,0,2879,7020.299999999985,2.660879551820703,672
2014-08-06,CA_1,CA,HOBBIES,Wednesday,5,8,2014,NA,NA,NA,NA,1,0,0,466,1680.6400000000026,4.535415676959603,177
2014-08-06,CA_1,CA,HOUSEHOLD,Wednesday,5,8,2014,NA,NA,NA,NA,1,0,0,764,3244.789999999997,4.93428057553957,371
2014-08-07,CA_1,CA,FOODS,Thursday,6,8,2014,NA,NA,NA,NA,1,0,0,2823,6794.169999999986,2.6374773755655845,650
2014-08-07,CA_1,CA,HOBBIES,Thursday,6,8,2014,NA,NA,NA,NA,1,0,0,535,1686.730000000002,4.106978494623642,158
2014-08-07,CA_1,CA,HOUSEHOLD,Thursday,6,8,2014,NA,NA,NA,NA,1,0,0,824,3121.049999999999,4.707895833333328,381
2014-08-08,CA_1,CA,FOODS,Friday,7,8,2014,NA,NA,NA,NA,1,0,0,3316,7911.259999999981,2.59314055820968,702
2014-08-08,CA_1,CA,HOBBIES,Friday,7,8,2014,NA,NA,NA,NA,1,0,0,504,1857.2800000000016,4.439922048997757,159
2014-08-08,CA_1,CA,HOUSEHOLD,Friday,7,8,2014,NA,NA,NA,NA,1,0,0,822,3277.809999999995,4.8218692902319,396
2014-08-09,CA_1,CA,FOODS,Saturday,1,8,2014,NA,NA,NA,NA,1,0,1,4064,9975.289999999966,2.607720273738215,753
2014-08-09,CA_1,CA,HOBBIES,Saturday,1,8,2014,NA,NA,NA,NA,1,0,1,535,1759.0900000000029,4.301814159292018,184
2014-08-09,CA_1,CA,HOUSEHOLD,Saturday,1,8,2014,NA,NA,NA,NA,1,0,1,1168,4714.459999999995,4.599129164231447,454
2014-08-10,CA_1,CA,FOODS,Sunday,2,8,2014,NA,NA,NA,NA,1,0,1,4454,10674.109999999968,2.546585942114566,740
2014-08-10,CA_1,CA,HOBBIES,Sunday,2,8,2014,NA,NA,NA,NA,1,0,1,570,2121.2300000000014,4.384621212121197,199
2014-08-10,CA_1,CA,HOUSEHOLD,Sunday,2,8,2014,NA,NA,NA,NA,1,0,1,1251,5027.159999999997,4.591628169014084,473
2014-08-11,CA_1,CA,FOODS,Monday,3,8,2014,NA,NA,NA,NA,0,0,0,2936,7017.759999999988,2.6294165981922486,650
2014-08-11,CA_1,CA,HOBBIES,Monday,3,8,2014,NA,NA,NA,NA,0,0,0,381,1394.8300000000015,4.673413400758517,143
2014-08-11,CA_1,CA,HOUSEHOLD,Monday,3,8,2014,NA,NA,NA,NA,0,0,0,829,3311.359999999998,4.7914078674948275,377
2014-08-12,CA_1,CA,FOODS,Tuesday,4,8,2014,NA,NA,NA,NA,0,0,0,2675,6279.669999999997,2.5977336860669937,638
2014-08-12,CA_1,CA,HOBBIES,Tuesday,4,8,2014,NA,NA,NA,NA,0,0,0,464,1709.0500000000027,4.485558166862497,166
2014-08-12,CA_1,CA,HOUSEHOLD,Tuesday,4,8,2014,NA,NA,NA,NA,0,0,0,856,3103.28,4.613027461486938,360
2014-08-13,CA_1,CA,FOODS,Wednesday,5,8,2014,NA,NA,NA,NA,0,0,0,2800,6649.239999999989,2.634142413111023,626
2014-08-13,CA_1,CA,HOBBIES,Wednesday,5,8,2014,NA,NA,NA,NA,0,0,0,412,1834.8100000000022,4.913287327478025,168
2014-08-13,CA_1,CA,HOUSEHOLD,Wednesday,5,8,2014,NA,NA,NA,NA,0,0,0,754,3015.149999999999,4.897118155619597,363
2014-08-14,CA_1,CA,FOODS,Thursday,6,8,2014,NA,NA,NA,NA,0,0,0,2776,6500.299999999988,2.6042578237151592,658
2014-08-14,CA_1,CA,HOBBIES,Thursday,6,8,2014,NA,NA,NA,NA,0,0,0,361,1272.5900000000017,4.672766233766214,144
2014-08-14,CA_1,CA,HOUSEHOLD,Thursday,6,8,2014,NA,NA,NA,NA,0,0,0,718,2771.2000000000003,4.811151603498546,343
2014-08-15,CA_1,CA,FOODS,Friday,7,8,2014,NA,NA,NA,NA,0,0,0,2987,7272.729999999988,2.670771103896077,656
2014-08-15,CA_1,CA,HOBBIES,Friday,7,8,2014,NA,NA,NA,NA,0,0,0,601,1947.7800000000022,4.092648870636535,180
2014-08-15,CA_1,CA,HOUSEHOLD,Friday,7,8,2014,NA,NA,NA,NA,0,0,0,854,3635.3100000000004,4.921942347288952,394
2014-08-16,CA_1,CA,FOODS,Saturday,1,8,2014,NA,NA,NA,NA,0,0,1,4024,9677.729999999989,2.562769396551705,753
2014-08-16,CA_1,CA,HOBBIES,Saturday,1,8,2014,NA,NA,NA,NA,0,0,1,567,2056.4600000000023,4.411207834602813,201
2014-08-16,CA_1,CA,HOUSEHOLD,Saturday,1,8,2014,NA,NA,NA,NA,0,0,1,1114,4591.999999999995,4.708598917618766,449
2014-08-17,CA_1,CA,FOODS,Sunday,2,8,2014,NA,NA,NA,NA,0,0,1,4449,11334.909999999982,2.6616307996051143,753
2014-08-17,CA_1,CA,HOBBIES,Sunday,2,8,2014,NA,NA,NA,NA,0,0,1,548,2137.7600000000025,4.492926292629248,192
2014-08-17,CA_1,CA,HOUSEHOLD,Sunday,2,8,2014,NA,NA,NA,NA,0,0,1,1334,5415.379999999997,4.572293131422392,483
2014-08-18,CA_1,CA,FOODS,Monday,3,8,2014,NA,NA,NA,NA,0,0,0,3251,8159.409999999984,2.69523687580023,715
2014-08-18,CA_1,CA,HOBBIES,Monday,3,8,2014,NA,NA,NA,NA,0,0,0,538,1685.0700000000027,4.144886731391569,164
2014-08-18,CA_1,CA,HOUSEHOLD,Monday,3,8,2014,NA,NA,NA,NA,0,0,0,895,3568.2599999999984,4.7733817701453125,379
2014-08-19,CA_1,CA,FOODS,Tuesday,4,8,2014,NA,NA,NA,NA,0,0,0,2530,6228.12,2.7039462431276453,625
2014-08-19,CA_1,CA,HOBBIES,Tuesday,4,8,2014,NA,NA,NA,NA,0,0,0,446,1607.0600000000027,4.561865222623325,168
2014-08-19,CA_1,CA,HOUSEHOLD,Tuesday,4,8,2014,NA,NA,NA,NA,0,0,0,823,3459.539999999999,4.879435650378528,368
2014-08-20,CA_1,CA,FOODS,Wednesday,5,8,2014,NA,NA,NA,NA,0,0,0,2493,6074.129999999989,2.7177736202057714,655
2014-08-20,CA_1,CA,HOBBIES,Wednesday,5,8,2014,NA,NA,NA,NA,0,0,0,411,1511.1800000000017,4.5605990220048715,146
2014-08-20,CA_1,CA,HOUSEHOLD,Wednesday,5,8,2014,NA,NA,NA,NA,0,0,0,741,2931.039999999998,4.883146394756007,366
2014-08-21,CA_1,CA,FOODS,Thursday,6,8,2014,NA,NA,NA,NA,0,0,0,2492,6067.059999999992,2.6777971375233065,647
2014-08-21,CA_1,CA,HOBBIES,Thursday,6,8,2014,NA,NA,NA,NA,0,0,0,392,1546.5700000000018,4.689023779724637,146
2014-08-21,CA_1,CA,HOUSEHOLD,Thursday,6,8,2014,NA,NA,NA,NA,0,0,0,735,2981.8299999999986,4.9034345625451925,350
2014-08-22,CA_1,CA,FOODS,Friday,7,8,2014,NA,NA,NA,NA,0,0,0,2949,6999.489999999989,2.6006696181516085,704
2014-08-22,CA_1,CA,HOBBIES,Friday,7,8,2014,NA,NA,NA,NA,0,0,0,389,1674.270000000002,4.8234460338101215,173
2014-08-22,CA_1,CA,HOUSEHOLD,Friday,7,8,2014,NA,NA,NA,NA,0,0,0,849,3566.2499999999995,4.86468512110727,402
2014-08-23,CA_1,CA,FOODS,Saturday,1,8,2014,NA,NA,NA,NA,0,0,1,3901,9298.619999999979,2.5496906987093677,776
2014-08-23,CA_1,CA,HOBBIES,Saturday,1,8,2014,NA,NA,NA,NA,0,0,1,480,2209.1800000000017,4.902991656734196,194
2014-08-23,CA_1,CA,HOUSEHOLD,Saturday,1,8,2014,NA,NA,NA,NA,0,0,1,1188,4818.159999999998,4.635202078521944,456
2014-08-24,CA_1,CA,FOODS,Sunday,2,8,2014,NA,NA,NA,NA,0,0,1,4733,11554.53999999996,2.5635141285795346,829
2014-08-24,CA_1,CA,HOBBIES,Sunday,2,8,2014,NA,NA,NA,NA,0,0,1,559,2343.640000000001,4.600871964679904,206
2014-08-24,CA_1,CA,HOUSEHOLD,Sunday,2,8,2014,NA,NA,NA,NA,0,0,1,1338,5843.509999999992,4.778227370689642,482
2014-08-25,CA_1,CA,FOODS,Monday,3,8,2014,NA,NA,NA,NA,0,0,0,2637,6521.219999999982,2.7003557431413654,689
2014-08-25,CA_1,CA,HOBBIES,Monday,3,8,2014,NA,NA,NA,NA,0,0,0,461,1455.4700000000028,4.2853341148886095,161
2014-08-25,CA_1,CA,HOUSEHOLD,Monday,3,8,2014,NA,NA,NA,NA,0,0,0,902,3656.0399999999954,4.78927248677249,390
2014-08-26,CA_1,CA,FOODS,Tuesday,4,8,2014,NA,NA,NA,NA,0,0,0,2494,6005.92999999999,2.6665712507778205,649
2014-08-26,CA_1,CA,HOBBIES,Tuesday,4,8,2014,NA,NA,NA,NA,0,0,0,472,1814.7700000000027,4.498043728423458,156
2014-08-26,CA_1,CA,HOUSEHOLD,Tuesday,4,8,2014,NA,NA,NA,NA,0,0,0,778,3123.6199999999976,4.811762208067939,365
2014-08-27,CA_1,CA,FOODS,Wednesday,5,8,2014,NA,NA,NA,NA,0,0,0,2133,5255.349999999997,2.7511022805804806,608
2014-08-27,CA_1,CA,HOBBIES,Wednesday,5,8,2014,NA,NA,NA,NA,0,0,0,375,1519.6600000000017,4.760364583333312,160
2014-08-27,CA_1,CA,HOUSEHOLD,Wednesday,5,8,2014,NA,NA,NA,NA,0,0,0,610,2442.780000000003,5.007832817337461,318
2014-08-28,CA_1,CA,FOODS,Thursday,6,8,2014,NA,NA,NA,NA,0,0,0,2437,5948.2199999999875,2.6841889763779214,631
2014-08-28,CA_1,CA,HOBBIES,Thursday,6,8,2014,NA,NA,NA,NA,0,0,0,424,1420.9700000000014,4.3721411483253405,141
2014-08-28,CA_1,CA,HOUSEHOLD,Thursday,6,8,2014,NA,NA,NA,NA,0,0,0,636,2582.540000000001,4.978571428571427,341
2014-08-29,CA_1,CA,FOODS,Friday,7,8,2014,NA,NA,NA,NA,0,0,0,3154,7429.519999999979,2.5718769716088055,719
2014-08-29,CA_1,CA,HOBBIES,Friday,7,8,2014,NA,NA,NA,NA,0,0,0,383,1608.9300000000026,4.810013227513207,180
2014-08-29,CA_1,CA,HOUSEHOLD,Friday,7,8,2014,NA,NA,NA,NA,0,0,0,895,3503.2600000000025,4.740905432595576,404
2014-08-30,CA_1,CA,FOODS,Saturday,1,8,2014,NA,NA,NA,NA,0,0,1,3750,8881.619999999977,2.5416651439013043,744
2014-08-30,CA_1,CA,HOBBIES,Saturday,1,8,2014,NA,NA,NA,NA,0,0,1,629,2228.8500000000004,4.153073811931231,193
2014-08-30,CA_1,CA,HOUSEHOLD,Saturday,1,8,2014,NA,NA,NA,NA,0,0,1,1211,4994.5199999999995,4.679948453608245,467
2014-08-31,CA_1,CA,FOODS,Sunday,2,8,2014,NA,NA,NA,NA,0,0,1,3673,8940.629999999977,2.604952091610165,766
2014-08-31,CA_1,CA,HOBBIES,Sunday,2,8,2014,NA,NA,NA,NA,0,0,1,509,1876.390000000003,4.409027149321246,178
2014-08-31,CA_1,CA,HOUSEHOLD,Sunday,2,8,2014,NA,NA,NA,NA,0,0,1,1097,4515.62,4.700388170055456,476
2014-09-01,CA_1,CA,FOODS,Monday,3,9,2014,LaborDay,National,NA,NA,1,1,0,3742,9326.739999999974,2.6412795773029853,761
2014-09-01,CA_1,CA,HOBBIES,Monday,3,9,2014,LaborDay,National,NA,NA,1,1,0,425,2033.6700000000023,5.071304347826071,196
2014-09-01,CA_1,CA,HOUSEHOLD,Monday,3,9,2014,LaborDay,National,NA,NA,1,1,0,1177,5212.089999999995,4.889404205607477,467
2014-09-02,CA_1,CA,FOODS,Tuesday,4,9,2014,NA,NA,NA,NA,1,0,0,2669,6465.1999999999825,2.6607493309544767,678
2014-09-02,CA_1,CA,HOBBIES,Tuesday,4,9,2014,NA,NA,NA,NA,1,0,0,509,1686.6800000000014,4.301086717892408,151
2014-09-02,CA_1,CA,HOUSEHOLD,Tuesday,4,9,2014,NA,NA,NA,NA,1,0,0,821,3213.73,4.776022253129347,385
2014-09-03,CA_1,CA,FOODS,Wednesday,5,9,2014,NA,NA,NA,NA,1,0,0,2839,6880.759999999975,2.6633030904451096,684
2014-09-03,CA_1,CA,HOBBIES,Wednesday,5,9,2014,NA,NA,NA,NA,1,0,0,539,1875.3800000000033,4.340312163616778,163
2014-09-03,CA_1,CA,HOUSEHOLD,Wednesday,5,9,2014,NA,NA,NA,NA,1,0,0,849,3488.050000000001,4.811024949426841,368
2014-09-04,CA_1,CA,FOODS,Thursday,6,9,2014,NA,NA,NA,NA,1,0,0,2542,6758.369999999985,2.847888141809262,642
2014-09-04,CA_1,CA,HOBBIES,Thursday,6,9,2014,NA,NA,NA,NA,1,0,0,425,1589.3600000000013,4.615042117930185,147
2014-09-04,CA_1,CA,HOUSEHOLD,Thursday,6,9,2014,NA,NA,NA,NA,1,0,0,728,3010.89,4.940341074020319,352
2014-09-05,CA_1,CA,FOODS,Friday,7,9,2014,NA,NA,NA,NA,1,0,0,3057,7718.539999999988,2.7108470018821964,710
2014-09-05,CA_1,CA,HOBBIES,Friday,7,9,2014,NA,NA,NA,NA,1,0,0,537,2197.940000000001,4.608226872246688,182
2014-09-05,CA_1,CA,HOUSEHOLD,Friday,7,9,2014,NA,NA,NA,NA,1,0,0,810,3495.1199999999967,4.999865152590493,403
2014-09-06,CA_1,CA,FOODS,Saturday,1,9,2014,NA,NA,NA,NA,1,0,1,4235,10449.989999999974,2.605652622883084,771
2014-09-06,CA_1,CA,HOBBIES,Saturday,1,9,2014,NA,NA,NA,NA,1,0,1,515,1974.0200000000032,4.553468208092469,204
2014-09-06,CA_1,CA,HOUSEHOLD,Saturday,1,9,2014,NA,NA,NA,NA,1,0,1,1078,4570.169999999997,4.758272671190627,461
2014-09-07,CA_1,CA,FOODS,Sunday,2,9,2014,NA,NA,NA,NA,1,0,1,4498,11187.479999999974,2.6170748432601654,772
2014-09-07,CA_1,CA,HOBBIES,Sunday,2,9,2014,NA,NA,NA,NA,1,0,1,480,1907.3500000000017,4.70112028301885,186
2014-09-07,CA_1,CA,HOUSEHOLD,Sunday,2,9,2014,NA,NA,NA,NA,1,0,1,1264,5478.8600000000015,4.780270118176702,491
2014-09-08,CA_1,CA,FOODS,Monday,3,9,2014,NA,NA,NA,NA,1,0,0,2848,7328.869999999989,2.7712581283573363,689
2014-09-08,CA_1,CA,HOBBIES,Monday,3,9,2014,NA,NA,NA,NA,1,0,0,356,1580.3300000000017,5.022058432934904,157
2014-09-08,CA_1,CA,HOUSEHOLD,Monday,3,9,2014,NA,NA,NA,NA,1,0,0,769,3226.779999999998,4.9198925501432695,377
2014-09-09,CA_1,CA,FOODS,Tuesday,4,9,2014,NA,NA,NA,NA,1,0,0,2801,7312.279999999985,2.795278255880636,693
2014-09-09,CA_1,CA,HOBBIES,Tuesday,4,9,2014,NA,NA,NA,NA,1,0,0,486,1646.7200000000025,4.324228571428553,165
2014-09-09,CA_1,CA,HOUSEHOLD,Tuesday,4,9,2014,NA,NA,NA,NA,1,0,0,723,3030.559999999997,4.907829232995658,345
2014-09-10,CA_1,CA,FOODS,Wednesday,5,9,2014,NA,NA,NA,NA,1,0,0,2696,7125.439999999978,2.816154074074046,699
2014-09-10,CA_1,CA,HOBBIES,Wednesday,5,9,2014,NA,NA,NA,NA,1,0,0,448,1495.1100000000022,4.369232613908852,168
2014-09-10,CA_1,CA,HOUSEHOLD,Wednesday,5,9,2014,NA,NA,NA,NA,1,0,0,671,2934.18,5.073236173393124,337
2014-09-11,CA_1,CA,FOODS,Thursday,6,9,2014,NA,NA,NA,NA,0,0,0,2819,7081.409999999984,2.712637862421805,679
2014-09-11,CA_1,CA,HOBBIES,Thursday,6,9,2014,NA,NA,NA,NA,0,0,0,361,1482.3200000000013,4.768475689881711,154
2014-09-11,CA_1,CA,HOUSEHOLD,Thursday,6,9,2014,NA,NA,NA,NA,0,0,0,690,2794.4100000000026,4.927298297557363,343
2014-09-12,CA_1,CA,FOODS,Friday,7,9,2014,NA,NA,NA,NA,0,0,0,2980,7353.019999999986,2.680100844916843,689
2014-09-12,CA_1,CA,HOBBIES,Friday,7,9,2014,NA,NA,NA,NA,0,0,0,520,1904.9200000000017,4.420581005586576,179
2014-09-12,CA_1,CA,HOUSEHOLD,Friday,7,9,2014,NA,NA,NA,NA,0,0,0,746,3246.6299999999983,5.049766252739232,381
2014-09-13,CA_1,CA,FOODS,Saturday,1,9,2014,NA,NA,NA,NA,0,0,1,3777,9653.359999999982,2.6889281641961054,770
2014-09-13,CA_1,CA,HOBBIES,Saturday,1,9,2014,NA,NA,NA,NA,0,0,1,609,2293.4899999999993,4.399624217118994,206
2014-09-13,CA_1,CA,HOUSEHOLD,Saturday,1,9,2014,NA,NA,NA,NA,0,0,1,1078,4523.279999999996,4.735325953259535,456
2014-09-14,CA_1,CA,FOODS,Sunday,2,9,2014,NA,NA,NA,NA,0,0,1,3982,10192.229999999969,2.693608022672749,773
2014-09-14,CA_1,CA,HOBBIES,Sunday,2,9,2014,NA,NA,NA,NA,0,0,1,559,2155.0100000000007,4.422782608695637,194
2014-09-14,CA_1,CA,HOUSEHOLD,Sunday,2,9,2014,NA,NA,NA,NA,0,0,1,1149,4801.220000000002,4.7084406379208525,460
2014-09-15,CA_1,CA,FOODS,Monday,3,9,2014,NA,NA,NA,NA,0,0,0,2810,7239.699999999982,2.755227142035625,710
2014-09-15,CA_1,CA,HOBBIES,Monday,3,9,2014,NA,NA,NA,NA,0,0,0,427,1695.770000000002,4.698292978208212,156
2014-09-15,CA_1,CA,HOUSEHOLD,Monday,3,9,2014,NA,NA,NA,NA,0,0,0,822,3495.6699999999964,4.882416666666664,386
2014-09-16,CA_1,CA,FOODS,Tuesday,4,9,2014,NA,NA,NA,NA,0,0,0,2391,5905.159999999996,2.71682108626195,639
2014-09-16,CA_1,CA,HOBBIES,Tuesday,4,9,2014,NA,NA,NA,NA,0,0,0,320,1276.310000000001,4.794433962264129,133
2014-09-16,CA_1,CA,HOUSEHOLD,Tuesday,4,9,2014,NA,NA,NA,NA,0,0,0,651,2725.4000000000024,4.993295281582949,341
2014-09-17,CA_1,CA,FOODS,Wednesday,5,9,2014,NA,NA,NA,NA,0,0,0,2311,5725.8199999999915,2.744916802610086,624
2014-09-17,CA_1,CA,HOBBIES,Wednesday,5,9,2014,NA,NA,NA,NA,0,0,0,486,1733.6700000000017,4.433329493087537,173
2014-09-17,CA_1,CA,HOUSEHOLD,Wednesday,5,9,2014,NA,NA,NA,NA,0,0,0,748,3182.7999999999975,4.920922190201733,364
2014-09-18,CA_1,CA,FOODS,Thursday,6,9,2014,NA,NA,NA,NA,0,0,0,2157,5699.919999999994,2.84844020797224,650
2014-09-18,CA_1,CA,HOBBIES,Thursday,6,9,2014,NA,NA,NA,NA,0,0,0,389,1663.280000000002,4.823794416243635,156
2014-09-18,CA_1,CA,HOUSEHOLD,Thursday,6,9,2014,NA,NA,NA,NA,0,0,0,681,2787.699999999998,4.939189189189187,353
2014-09-19,CA_1,CA,FOODS,Friday,7,9,2014,NA,NA,NA,NA,0,0,0,2881,7179.539999999987,2.689286114221701,687
2014-09-19,CA_1,CA,HOBBIES,Friday,7,9,2014,NA,NA,NA,NA,0,0,0,501,1879.440000000002,4.539817767653742,178
2014-09-19,CA_1,CA,HOUSEHOLD,Friday,7,9,2014,NA,NA,NA,NA,0,0,0,859,3481.1499999999965,4.793947730398904,409
2014-09-20,CA_1,CA,FOODS,Saturday,1,9,2014,NA,NA,NA,NA,0,0,1,3699,9559.599999999984,2.7215619180632915,782
2014-09-20,CA_1,CA,HOBBIES,Saturday,1,9,2014,NA,NA,NA,NA,0,0,1,550,2196.890000000001,4.589188888888877,205
2014-09-20,CA_1,CA,HOUSEHOLD,Saturday,1,9,2014,NA,NA,NA,NA,0,0,1,1263,5399.509999999999,4.747164920022061,454
2014-09-21,CA_1,CA,FOODS,Sunday,2,9,2014,NA,NA,NA,NA,0,0,1,4159,10308.279999999962,2.618841706958147,781
2014-09-21,CA_1,CA,HOBBIES,Sunday,2,9,2014,NA,NA,NA,NA,0,0,1,495,2374.78,4.987328605200941,204
2014-09-21,CA_1,CA,HOUSEHOLD,Sunday,2,9,2014,NA,NA,NA,NA,0,0,1,1234,5442.010000000002,4.790281373100728,461
2014-09-22,CA_1,CA,FOODS,Monday,3,9,2014,NA,NA,NA,NA,0,0,0,2729,6786.899999999989,2.7176131090486937,660
2014-09-22,CA_1,CA,HOBBIES,Monday,3,9,2014,NA,NA,NA,NA,0,0,0,324,1384.1200000000015,4.992281879194608,134
2014-09-22,CA_1,CA,HOUSEHOLD,Monday,3,9,2014,NA,NA,NA,NA,0,0,0,796,3149.1699999999964,4.791702721563157,367
2014-09-23,CA_1,CA,FOODS,Tuesday,4,9,2014,NA,NA,NA,NA,0,0,0,2436,6266.449999999986,2.7927519747235086,650
2014-09-23,CA_1,CA,HOBBIES,Tuesday,4,9,2014,NA,NA,NA,NA,0,0,0,382,1172.8000000000013,4.413593350383611,155
2014-09-23,CA_1,CA,HOUSEHOLD,Tuesday,4,9,2014,NA,NA,NA,NA,0,0,0,664,2879.939999999999,5.033809885931559,353
2014-09-24,CA_1,CA,FOODS,Wednesday,5,9,2014,NA,NA,NA,NA,0,0,0,2412,5747.709999999997,2.672098726114622,651
2014-09-24,CA_1,CA,HOBBIES,Wednesday,5,9,2014,NA,NA,NA,NA,0,0,0,317,1344.9500000000014,4.89512396694213,146
2014-09-24,CA_1,CA,HOUSEHOLD,Wednesday,5,9,2014,NA,NA,NA,NA,0,0,0,689,2822.17,4.893922571219865,324
2014-09-25,CA_1,CA,FOODS,Thursday,6,9,2014,NA,NA,NA,NA,0,0,0,2319,5782.26999999999,2.7511499176276466,663
2014-09-25,CA_1,CA,HOBBIES,Thursday,6,9,2014,NA,NA,NA,NA,0,0,0,477,1438.2000000000019,4.196179516685828,163
2014-09-25,CA_1,CA,HOUSEHOLD,Thursday,6,9,2014,NA,NA,NA,NA,0,0,0,673,2981.8100000000004,5.043424036281174,354
2014-09-26,CA_1,CA,FOODS,Friday,7,9,2014,NA,NA,NA,NA,0,0,0,2895,7194.86999999998,2.688059785673973,728
2014-09-26,CA_1,CA,HOBBIES,Friday,7,9,2014,NA,NA,NA,NA,0,0,0,360,1654.720000000002,5.004920212765936,163
2014-09-26,CA_1,CA,HOUSEHOLD,Friday,7,9,2014,NA,NA,NA,NA,0,0,0,757,3213.05,4.9613492063492055,375
2014-09-27,CA_1,CA,FOODS,Saturday,1,9,2014,NA,NA,NA,NA,0,0,1,3769,9406.889999999967,2.641998154130109,817
2014-09-27,CA_1,CA,HOBBIES,Saturday,1,9,2014,NA,NA,NA,NA,0,0,1,562,2224.43,4.536052344601951,200
2014-09-27,CA_1,CA,HOUSEHOLD,Saturday,1,9,2014,NA,NA,NA,NA,0,0,1,1034,4463.980000000001,4.814842767295602,448
2014-09-28,CA_1,CA,FOODS,Sunday,2,9,2014,NA,NA,NA,NA,0,0,1,4090,10206.549999999948,2.6309541324101864,850
2014-09-28,CA_1,CA,HOBBIES,Sunday,2,9,2014,NA,NA,NA,NA,0,0,1,548,2018.0700000000033,4.4042227122381314,196
2014-09-28,CA_1,CA,HOUSEHOLD,Sunday,2,9,2014,NA,NA,NA,NA,0,0,1,1180,5033.100000000001,4.7412073945696145,453
2014-09-29,CA_1,CA,FOODS,Monday,3,9,2014,NA,NA,NA,NA,0,0,0,2837,7186.669999999979,2.723286004056769,768
2014-09-29,CA_1,CA,HOBBIES,Monday,3,9,2014,NA,NA,NA,NA,0,0,0,422,1771.2900000000018,4.709448529411745,161
2014-09-29,CA_1,CA,HOUSEHOLD,Monday,3,9,2014,NA,NA,NA,NA,0,0,0,814,3433.089999999998,4.900244072524406,384
2014-09-30,CA_1,CA,FOODS,Tuesday,4,9,2014,NA,NA,NA,NA,0,0,0,2541,6050.809999999989,2.647479801118679,705
2014-09-30,CA_1,CA,HOBBIES,Tuesday,4,9,2014,NA,NA,NA,NA,0,0,0,479,1663.6000000000015,4.351628175519614,168
2014-09-30,CA_1,CA,HOUSEHOLD,Tuesday,4,9,2014,NA,NA,NA,NA,0,0,0,777,3156.169999999999,4.812016985138001,368
2014-10-01,CA_1,CA,FOODS,Wednesday,5,10,2014,NA,NA,NA,NA,1,0,0,2629,6969.779999999982,2.8222232360097013,723
2014-10-01,CA_1,CA,HOBBIES,Wednesday,5,10,2014,NA,NA,NA,NA,1,0,0,406,1328.0900000000017,4.526004901960764,145
2014-10-01,CA_1,CA,HOUSEHOLD,Wednesday,5,10,2014,NA,NA,NA,NA,1,0,0,710,3013.060000000001,4.969447310243184,357
2014-10-02,CA_1,CA,FOODS,Thursday,6,10,2014,NA,NA,NA,NA,1,0,0,2773,7211.039999999971,2.774799296806302,742
2014-10-02,CA_1,CA,HOBBIES,Thursday,6,10,2014,NA,NA,NA,NA,1,0,0,473,1513.0500000000009,4.318064889918869,165
2014-10-02,CA_1,CA,HOUSEHOLD,Thursday,6,10,2014,NA,NA,NA,NA,1,0,0,1017,3828.8399999999983,4.569483173076919,357
2014-10-03,CA_1,CA,FOODS,Friday,7,10,2014,NA,NA,NA,NA,1,0,0,3516,9048.849999999975,2.7231613531272614,789
2014-10-03,CA_1,CA,HOBBIES,Friday,7,10,2014,NA,NA,NA,NA,1,0,0,467,1693.6600000000024,4.471777251184816,178
2014-10-03,CA_1,CA,HOUSEHOLD,Friday,7,10,2014,NA,NA,NA,NA,1,0,0,937,3924.5799999999967,4.849973632168755,424
2014-10-04,CA_1,CA,FOODS,Saturday,1,10,2014,EidAlAdha,Religious,NA,NA,1,1,1,4379,11360.519999999957,2.7039210097719675,850
2014-10-04,CA_1,CA,HOBBIES,Saturday,1,10,2014,EidAlAdha,Religious,NA,NA,1,1,1,659,2577.76,4.450264765784118,232
2014-10-04,CA_1,CA,HOUSEHOLD,Saturday,1,10,2014,EidAlAdha,Religious,NA,NA,1,1,1,1139,4839.020000000002,4.778010657193607,457
2014-10-05,CA_1,CA,FOODS,Sunday,2,10,2014,NA,NA,NA,NA,1,0,1,4443,11763.779999999964,2.750740075802893,813
2014-10-05,CA_1,CA,HOBBIES,Sunday,2,10,2014,NA,NA,NA,NA,1,0,1,492,2102.330000000002,4.757380952380935,207
2014-10-05,CA_1,CA,HOUSEHOLD,Sunday,2,10,2014,NA,NA,NA,NA,1,0,1,1362,5831.630000000005,4.70049682875263,477
2014-10-06,CA_1,CA,FOODS,Monday,3,10,2014,NA,NA,NA,NA,1,0,0,3419,8998.489999999969,2.7769696215139192,786
2014-10-06,CA_1,CA,HOBBIES,Monday,3,10,2014,NA,NA,NA,NA,1,0,0,508,1547.9800000000027,4.229615819209021,178
2014-10-06,CA_1,CA,HOUSEHOLD,Monday,3,10,2014,NA,NA,NA,NA,1,0,0,829,3295.1399999999976,4.805247793618468,363
2014-10-07,CA_1,CA,FOODS,Tuesday,4,10,2014,NA,NA,NA,NA,1,0,0,2841,7693.339999999973,2.854748056435333,751
2014-10-07,CA_1,CA,HOBBIES,Tuesday,4,10,2014,NA,NA,NA,NA,1,0,0,382,1394.6900000000012,4.692833333333314,157
2014-10-07,CA_1,CA,HOUSEHOLD,Tuesday,4,10,2014,NA,NA,NA,NA,1,0,0,868,3815.0699999999974,4.9731933929800425,422
2014-10-08,CA_1,CA,FOODS,Wednesday,5,10,2014,NA,NA,NA,NA,1,0,0,2932,7746.579999999978,2.81004178272978,725
2014-10-08,CA_1,CA,HOBBIES,Wednesday,5,10,2014,NA,NA,NA,NA,1,0,0,438,1601.510000000001,4.531091340450752,150
2014-10-08,CA_1,CA,HOUSEHOLD,Wednesday,5,10,2014,NA,NA,NA,NA,1,0,0,710,2965.129999999996,4.9573599999999995,342
2014-10-09,CA_1,CA,FOODS,Thursday,6,10,2014,NA,NA,NA,NA,1,0,0,3057,7770.529999999984,2.720732099758622,711
2014-10-09,CA_1,CA,HOBBIES,Thursday,6,10,2014,NA,NA,NA,NA,1,0,0,424,1558.3700000000022,4.521467324290979,168
2014-10-09,CA_1,CA,HOUSEHOLD,Thursday,6,10,2014,NA,NA,NA,NA,1,0,0,696,2830.89,4.934697640117989,347
2014-10-10,CA_1,CA,FOODS,Friday,7,10,2014,NA,NA,NA,NA,1,0,0,3163,8523.309999999976,2.8181324188868166,755
2014-10-10,CA_1,CA,HOBBIES,Friday,7,10,2014,NA,NA,NA,NA,1,0,0,521,1981.390000000003,4.386976483762583,183
2014-10-10,CA_1,CA,HOUSEHOLD,Friday,7,10,2014,NA,NA,NA,NA,1,0,0,845,3462.0599999999977,4.856176870748301,382
2014-10-11,CA_1,CA,FOODS,Saturday,1,10,2014,NA,NA,NA,NA,0,0,1,3883,10112.339999999956,2.732260365581787,783
2014-10-11,CA_1,CA,HOBBIES,Saturday,1,10,2014,NA,NA,NA,NA,0,0,1,527,1889.3400000000033,4.415929705215403,200
2014-10-11,CA_1,CA,HOUSEHOLD,Saturday,1,10,2014,NA,NA,NA,NA,0,0,1,1119,4660.780000000001,4.744771241830065,449
2014-10-12,CA_1,CA,FOODS,Sunday,2,10,2014,NA,NA,NA,NA,0,0,1,4194,11671.969999999954,2.874336947456187,784
2014-10-12,CA_1,CA,HOBBIES,Sunday,2,10,2014,NA,NA,NA,NA,0,0,1,474,1662.5900000000022,4.437237308146381,182
2014-10-12,CA_1,CA,HOUSEHOLD,Sunday,2,10,2014,NA,NA,NA,NA,0,0,1,1150,5029.760000000001,4.83690281030445,455
2014-10-13,CA_1,CA,FOODS,Monday,3,10,2014,ColumbusDay,National,NA,NA,0,1,0,2992,7908.189999999982,2.7999454446262697,712
2014-10-13,CA_1,CA,HOBBIES,Monday,3,10,2014,ColumbusDay,National,NA,NA,0,1,0,464,1752.630000000003,4.569032648125736,192
2014-10-13,CA_1,CA,HOUSEHOLD,Monday,3,10,2014,ColumbusDay,National,NA,NA,0,1,0,849,3651.0099999999984,4.87178933153275,381
2014-10-14,CA_1,CA,FOODS,Tuesday,4,10,2014,NA,NA,NA,NA,0,0,0,2342,6119.489999999992,2.8269245901639035,678
2014-10-14,CA_1,CA,HOBBIES,Tuesday,4,10,2014,NA,NA,NA,NA,0,0,0,435,1447.7000000000016,4.412449464922693,149
2014-10-14,CA_1,CA,HOUSEHOLD,Tuesday,4,10,2014,NA,NA,NA,NA,0,0,0,600,2572.8400000000015,5.07221617418351,327
2014-10-15,CA_1,CA,FOODS,Wednesday,5,10,2014,NA,NA,NA,NA,0,0,0,2269,6227.06999999999,2.9188509212729983,670
2014-10-15,CA_1,CA,HOBBIES,Wednesday,5,10,2014,NA,NA,NA,NA,0,0,0,486,1472.300000000002,4.219433106575947,159
2014-10-15,CA_1,CA,HOUSEHOLD,Wednesday,5,10,2014,NA,NA,NA,NA,0,0,0,744,2853.339999999996,4.813228571428572,357
2014-10-16,CA_1,CA,FOODS,Thursday,6,10,2014,NA,NA,NA,NA,0,0,0,2314,6248.039999999989,2.8782179529645275,681
2014-10-16,CA_1,CA,HOBBIES,Thursday,6,10,2014,NA,NA,NA,NA,0,0,0,316,1565.180000000002,5.112527932960871,155
2014-10-16,CA_1,CA,HOUSEHOLD,Thursday,6,10,2014,NA,NA,NA,NA,0,0,0,719,3040.6699999999987,5.004415680473373,380
2014-10-17,CA_1,CA,FOODS,Friday,7,10,2014,NA,NA,NA,NA,0,0,0,2962,8030.799999999972,2.866689885762022,759
2014-10-17,CA_1,CA,HOBBIES,Friday,7,10,2014,NA,NA,NA,NA,0,0,0,610,1918.7800000000034,4.075020491803265,189
2014-10-17,CA_1,CA,HOUSEHOLD,Friday,7,10,2014,NA,NA,NA,NA,0,0,0,824,3543.339999999999,4.9329756097561,402
2014-10-18,CA_1,CA,FOODS,Saturday,1,10,2014,NA,NA,NA,NA,0,0,1,4135,10705.939999999955,2.7027028753993387,828
2014-10-18,CA_1,CA,HOBBIES,Saturday,1,10,2014,NA,NA,NA,NA,0,0,1,738,2490.909999999999,4.028781163434908,210
2014-10-18,CA_1,CA,HOUSEHOLD,Saturday,1,10,2014,NA,NA,NA,NA,0,0,1,1215,4864.829999999994,4.612326369282891,458
2014-10-19,CA_1,CA,FOODS,Sunday,2,10,2014,NA,NA,NA,NA,0,0,1,4342,12040.30999999996,2.860840130505688,826
2014-10-19,CA_1,CA,HOBBIES,Sunday,2,10,2014,NA,NA,NA,NA,0,0,1,518,2020.8800000000026,4.619667431192644,201
2014-10-19,CA_1,CA,HOUSEHOLD,Sunday,2,10,2014,NA,NA,NA,NA,0,0,1,1233,5215.059999999998,4.734296171171168,471
2014-10-20,CA_1,CA,FOODS,Monday,3,10,2014,NA,NA,NA,NA,0,0,0,2948,7923.249999999976,2.83055999999997,711
2014-10-20,CA_1,CA,HOBBIES,Monday,3,10,2014,NA,NA,NA,NA,0,0,0,501,2032.3000000000013,4.571114982578381,195
2014-10-20,CA_1,CA,HOUSEHOLD,Monday,3,10,2014,NA,NA,NA,NA,0,0,0,842,3470.010000000003,4.843772819472621,377
2014-10-21,CA_1,CA,FOODS,Tuesday,4,10,2014,NA,NA,NA,NA,0,0,0,2269,6010.299999999984,2.854702540106924,665
2014-10-21,CA_1,CA,HOBBIES,Tuesday,4,10,2014,NA,NA,NA,NA,0,0,0,513,1623.1200000000022,4.221320754716964,167
2014-10-21,CA_1,CA,HOUSEHOLD,Tuesday,4,10,2014,NA,NA,NA,NA,0,0,0,684,2820.400000000001,4.926301775147928,346
2014-10-22,CA_1,CA,FOODS,Wednesday,5,10,2014,NA,NA,NA,NA,0,0,0,2317,6027.729999999988,2.834865925441433,647
2014-10-22,CA_1,CA,HOBBIES,Wednesday,5,10,2014,NA,NA,NA,NA,0,0,0,469,1614.6800000000026,4.478551068883595,182
2014-10-22,CA_1,CA,HOUSEHOLD,Wednesday,5,10,2014,NA,NA,NA,NA,0,0,0,610,2530.0600000000013,5.0019629057187,330
2014-10-23,CA_1,CA,FOODS,Thursday,6,10,2014,NA,NA,NA,NA,0,0,0,2313,6064.31999999999,2.8344115691489065,693
2014-10-23,CA_1,CA,HOBBIES,Thursday,6,10,2014,NA,NA,NA,NA,0,0,0,387,1282.9500000000019,4.4943924050632695,152
2014-10-23,CA_1,CA,HOUSEHOLD,Thursday,6,10,2014,NA,NA,NA,NA,0,0,0,734,3010.2100000000005,4.91113750899928,359
2014-10-24,CA_1,CA,FOODS,Friday,7,10,2014,NA,NA,NA,NA,0,0,0,2800,7322.709999999978,2.7990252293577695,700
2014-10-24,CA_1,CA,HOBBIES,Friday,7,10,2014,NA,NA,NA,NA,0,0,0,502,1774.2200000000023,4.400483870967727,189
2014-10-24,CA_1,CA,HOUSEHOLD,Friday,7,10,2014,NA,NA,NA,NA,0,0,0,839,3537.5299999999957,4.902286501377412,401
2014-10-25,CA_1,CA,FOODS,Saturday,1,10,2014,NA,NA,NA,NA,0,0,1,3920,10225.559999999958,2.716551107134846,839
2014-10-25,CA_1,CA,HOBBIES,Saturday,1,10,2014,NA,NA,NA,NA,0,0,1,645,2357.0699999999997,4.348715596330281,219
2014-10-25,CA_1,CA,HOUSEHOLD,Saturday,1,10,2014,NA,NA,NA,NA,0,0,1,1169,4879.01,4.710493325594895,460
2014-10-26,CA_1,CA,FOODS,Sunday,2,10,2014,NA,NA,NA,NA,0,0,1,3639,9777.979999999949,2.7984642604387555,790
2014-10-26,CA_1,CA,HOBBIES,Sunday,2,10,2014,NA,NA,NA,NA,0,0,1,525,2208.9900000000002,4.784815242494217,214
2014-10-26,CA_1,CA,HOUSEHOLD,Sunday,2,10,2014,NA,NA,NA,NA,0,0,1,1144,5047.100000000002,4.909093023255817,438
2014-10-27,CA_1,CA,FOODS,Monday,3,10,2014,NA,NA,NA,NA,0,0,0,2846,7611.879999999983,2.83375500858612,742
2014-10-27,CA_1,CA,HOBBIES,Monday,3,10,2014,NA,NA,NA,NA,0,0,0,525,1762.9800000000025,4.332585258525835,171
2014-10-27,CA_1,CA,HOUSEHOLD,Monday,3,10,2014,NA,NA,NA,NA,0,0,0,818,3439.0500000000006,4.8970684931506865,372
2014-10-28,CA_1,CA,FOODS,Tuesday,4,10,2014,NA,NA,NA,NA,0,0,0,2249,5893.399999999995,2.8445381793930986,640
2014-10-28,CA_1,CA,HOBBIES,Tuesday,4,10,2014,NA,NA,NA,NA,0,0,0,592,1485.6800000000026,3.7987512794268015,170
2014-10-28,CA_1,CA,HOUSEHOLD,Tuesday,4,10,2014,NA,NA,NA,NA,0,0,0,613,2543.6000000000026,4.9651679389312955,317
2014-10-29,CA_1,CA,FOODS,Wednesday,5,10,2014,NA,NA,NA,NA,0,0,0,2313,5952.789999999994,2.785174571804976,667
2014-10-29,CA_1,CA,HOBBIES,Wednesday,5,10,2014,NA,NA,NA,NA,0,0,0,481,1617.7000000000025,4.208422857142841,161
2014-10-29,CA_1,CA,HOUSEHOLD,Wednesday,5,10,2014,NA,NA,NA,NA,0,0,0,527,2427.3300000000013,5.198236714975844,299
2014-10-30,CA_1,CA,FOODS,Thursday,6,10,2014,NA,NA,NA,NA,0,0,0,2564,6760.479999999982,2.824076665652541,667
2014-10-30,CA_1,CA,HOBBIES,Thursday,6,10,2014,NA,NA,NA,NA,0,0,0,457,1714.6600000000028,4.629086538461521,180
2014-10-30,CA_1,CA,HOUSEHOLD,Thursday,6,10,2014,NA,NA,NA,NA,0,0,0,651,2632.46,4.9480060195635795,336
2014-10-31,CA_1,CA,FOODS,Friday,7,10,2014,Halloween,Cultural,NA,NA,0,1,0,2735,7446.579999999977,2.874365010171426,684
2014-10-31,CA_1,CA,HOBBIES,Friday,7,10,2014,Halloween,Cultural,NA,NA,0,1,0,416,1540.5700000000022,4.580611735330818,170
2014-10-31,CA_1,CA,HOUSEHOLD,Friday,7,10,2014,Halloween,Cultural,NA,NA,0,1,0,666,3022.09,5.119565543071162,345
2014-11-01,CA_1,CA,FOODS,Saturday,1,11,2014,NA,NA,NA,NA,1,0,1,4289,11192.989999999956,2.7225381758150813,833
2014-11-01,CA_1,CA,HOBBIES,Saturday,1,11,2014,NA,NA,NA,NA,1,0,1,953,3025.25,3.696695245518336,226
2014-11-01,CA_1,CA,HOUSEHOLD,Saturday,1,11,2014,NA,NA,NA,NA,1,0,1,1300,5647.269999999996,4.7720248380129515,465
2014-11-02,CA_1,CA,FOODS,Sunday,2,11,2014,NA,NA,NA,NA,1,0,1,4546,12179.019999999955,2.7641189253259366,874
2014-11-02,CA_1,CA,HOBBIES,Sunday,2,11,2014,NA,NA,NA,NA,1,0,1,571,2136.090000000001,4.4050162513542634,204
2014-11-02,CA_1,CA,HOUSEHOLD,Sunday,2,11,2014,NA,NA,NA,NA,1,0,1,1360,5814.709999999996,4.720446096654267,494
2014-11-03,CA_1,CA,FOODS,Monday,3,11,2014,NA,NA,NA,NA,1,0,0,3425,9002.369999999966,2.7596985550572732,801
2014-11-03,CA_1,CA,HOBBIES,Monday,3,11,2014,NA,NA,NA,NA,1,0,0,539,2193.359999999998,4.655822368421049,183
2014-11-03,CA_1,CA,HOUSEHOLD,Monday,3,11,2014,NA,NA,NA,NA,1,0,0,975,3921.9999999999986,4.760864353312308,407
2014-11-04,CA_1,CA,FOODS,Tuesday,4,11,2014,NA,NA,NA,NA,1,0,0,2859,7704.689999999969,2.852850241545861,730
2014-11-04,CA_1,CA,HOBBIES,Tuesday,4,11,2014,NA,NA,NA,NA,1,0,0,439,1637.590000000002,4.6567718446601765,171
2014-11-04,CA_1,CA,HOUSEHOLD,Tuesday,4,11,2014,NA,NA,NA,NA,1,0,0,698,2848.6899999999996,4.899677419354838,351
2014-11-05,CA_1,CA,FOODS,Wednesday,5,11,2014,NA,NA,NA,NA,1,0,0,2348,6517.469999999981,2.945250901935026,689
2014-11-05,CA_1,CA,HOBBIES,Wednesday,5,11,2014,NA,NA,NA,NA,1,0,0,377,1490.1600000000021,4.758511749347238,167
2014-11-05,CA_1,CA,HOUSEHOLD,Wednesday,5,11,2014,NA,NA,NA,NA,1,0,0,727,2784.619999999997,4.794262295081971,341
2014-11-06,CA_1,CA,FOODS,Thursday,6,11,2014,NA,NA,NA,NA,1,0,0,2706,7109.869999999979,2.815729873193718,705
2014-11-06,CA_1,CA,HOBBIES,Thursday,6,11,2014,NA,NA,NA,NA,1,0,0,543,1690.040000000002,4.144978260869549,179
2014-11-06,CA_1,CA,HOUSEHOLD,Thursday,6,11,2014,NA,NA,NA,NA,1,0,0,694,2952.1399999999967,5.009764011799415,355
2014-11-07,CA_1,CA,FOODS,Friday,7,11,2014,NA,NA,NA,NA,1,0,0,2997,8012.189999999979,2.8086611796981904,742
2014-11-07,CA_1,CA,HOBBIES,Friday,7,11,2014,NA,NA,NA,NA,1,0,0,549,1654.6900000000028,4.082437158469929,190
2014-11-07,CA_1,CA,HOUSEHOLD,Friday,7,11,2014,NA,NA,NA,NA,1,0,0,815,3610.8099999999963,5.022721606648204,388
2014-11-08,CA_1,CA,FOODS,Saturday,1,11,2014,NA,NA,NA,NA,1,0,1,3886,10376.759999999946,2.7753466906798505,836
2014-11-08,CA_1,CA,HOBBIES,Saturday,1,11,2014,NA,NA,NA,NA,1,0,1,541,1943.2600000000036,4.428440979955441,199
2014-11-08,CA_1,CA,HOUSEHOLD,Saturday,1,11,2014,NA,NA,NA,NA,1,0,1,1114,4573.25,4.724312796208532,443
2014-11-09,CA_1,CA,FOODS,Sunday,2,11,2014,NA,NA,NA,NA,1,0,1,4398,11955.27999999996,2.8028896103895913,862
2014-11-09,CA_1,CA,HOBBIES,Sunday,2,11,2014,NA,NA,NA,NA,1,0,1,569,2047.6900000000044,4.349944567627481,223
2014-11-09,CA_1,CA,HOUSEHOLD,Sunday,2,11,2014,NA,NA,NA,NA,1,0,1,1123,4300.749999999997,4.616047869235264,427
2014-11-10,CA_1,CA,FOODS,Monday,3,11,2014,NA,NA,NA,NA,1,0,0,3290,9116.37999999997,2.8812660833761985,796
2014-11-10,CA_1,CA,HOBBIES,Monday,3,11,2014,NA,NA,NA,NA,1,0,0,438,1776.230000000002,4.70580801944105,171
2014-11-10,CA_1,CA,HOUSEHOLD,Monday,3,11,2014,NA,NA,NA,NA,1,0,0,795,3130.339999999996,4.814805825242721,370
2014-11-11,CA_1,CA,FOODS,Tuesday,4,11,2014,VeteransDay,National,NA,NA,0,1,0,2709,7262.609999999976,2.8425235571259995,705
2014-11-11,CA_1,CA,HOBBIES,Tuesday,4,11,2014,VeteransDay,National,NA,NA,0,1,0,490,1760.9800000000034,4.321631701631683,188
2014-11-11,CA_1,CA,HOUSEHOLD,Tuesday,4,11,2014,VeteransDay,National,NA,NA,0,1,0,685,2853.4099999999994,4.960225782957031,329
2014-11-12,CA_1,CA,FOODS,Wednesday,5,11,2014,NA,NA,NA,NA,0,0,0,2340,6238.369999999989,2.8413596348222696,665
2014-11-12,CA_1,CA,HOBBIES,Wednesday,5,11,2014,NA,NA,NA,NA,0,0,0,419,1354.730000000002,4.3117539585870706,154
2014-11-12,CA_1,CA,HOUSEHOLD,Wednesday,5,11,2014,NA,NA,NA,NA,0,0,0,604,2353.8500000000026,4.950114242193451,308
2014-11-13,CA_1,CA,FOODS,Thursday,6,11,2014,NA,NA,NA,NA,0,0,0,2290,6167.5299999999825,2.8728361695027997,685
2014-11-13,CA_1,CA,HOBBIES,Thursday,6,11,2014,NA,NA,NA,NA,0,0,0,420,1273.5000000000014,4.336985472154944,150
2014-11-13,CA_1,CA,HOUSEHOLD,Thursday,6,11,2014,NA,NA,NA,NA,0,0,0,609,2506.4000000000024,5.044860248447203,338
2014-11-14,CA_1,CA,FOODS,Friday,7,11,2014,NA,NA,NA,NA,0,0,0,2793,7378.029999999979,2.821439263097263,711
2014-11-14,CA_1,CA,HOBBIES,Friday,7,11,2014,NA,NA,NA,NA,0,0,0,520,1859.9400000000028,4.451065482796877,175
2014-11-14,CA_1,CA,HOUSEHOLD,Friday,7,11,2014,NA,NA,NA,NA,0,0,0,735,2953.339999999998,4.879893009985737,350
2014-11-15,CA_1,CA,FOODS,Saturday,1,11,2014,NA,NA,NA,NA,0,0,1,3624,9691.889999999961,2.796964833608659,779
2014-11-15,CA_1,CA,HOBBIES,Saturday,1,11,2014,NA,NA,NA,NA,0,0,1,626,2396.9100000000008,4.41092975206612,215
2014-11-15,CA_1,CA,HOUSEHOLD,Saturday,1,11,2014,NA,NA,NA,NA,0,0,1,1028,4382.7199999999975,4.834561839651958,436
2014-11-16,CA_1,CA,FOODS,Sunday,2,11,2014,NA,NA,NA,NA,0,0,1,4048,10946.099999999964,2.8036567970607065,813
2014-11-16,CA_1,CA,HOBBIES,Sunday,2,11,2014,NA,NA,NA,NA,0,0,1,638,2652.469999999998,4.551802083333343,235
2014-11-16,CA_1,CA,HOUSEHOLD,Sunday,2,11,2014,NA,NA,NA,NA,0,0,1,1171,5053.350000000001,4.794893617021274,449
2014-11-17,CA_1,CA,FOODS,Monday,3,11,2014,NA,NA,NA,NA,0,0,0,2770,7322.449999999983,2.828784610900582,731
2014-11-17,CA_1,CA,HOBBIES,Monday,3,11,2014,NA,NA,NA,NA,0,0,0,469,1732.7700000000027,4.542172869147638,193
2014-11-17,CA_1,CA,HOUSEHOLD,Monday,3,11,2014,NA,NA,NA,NA,0,0,0,689,2884.879999999999,4.964086892488958,348
2014-11-18,CA_1,CA,FOODS,Tuesday,4,11,2014,NA,NA,NA,NA,0,0,0,2290,5869.76999999999,2.802710465500132,653
2014-11-18,CA_1,CA,HOBBIES,Tuesday,4,11,2014,NA,NA,NA,NA,0,0,0,419,1483.2100000000028,4.537539393939375,151
2014-11-18,CA_1,CA,HOUSEHOLD,Tuesday,4,11,2014,NA,NA,NA,NA,0,0,0,638,2654.749999999998,4.986452830188683,330
2014-11-19,CA_1,CA,FOODS,Wednesday,5,11,2014,NA,NA,NA,NA,0,0,0,2161,5877.279999999985,2.9321936148300383,640
2014-11-19,CA_1,CA,HOBBIES,Wednesday,5,11,2014,NA,NA,NA,NA,0,0,0,446,1503.8900000000026,4.391080760094993,161
2014-11-19,CA_1,CA,HOUSEHOLD,Wednesday,5,11,2014,NA,NA,NA,NA,0,0,0,591,2587.950000000001,5.082733644859815,324
2014-11-20,CA_1,CA,FOODS,Thursday,6,11,2014,NA,NA,NA,NA,0,0,0,2269,5810.049999999995,2.7889137590519746,623
2014-11-20,CA_1,CA,HOBBIES,Thursday,6,11,2014,NA,NA,NA,NA,0,0,0,346,1203.2400000000014,4.66178947368419,143
2014-11-20,CA_1,CA,HOUSEHOLD,Thursday,6,11,2014,NA,NA,NA,NA,0,0,0,715,3086.2899999999972,4.997485632183913,340
2014-11-21,CA_1,CA,FOODS,Friday,7,11,2014,NA,NA,NA,NA,0,0,0,2793,7414.8599999999815,2.8255300201091362,704
2014-11-21,CA_1,CA,HOBBIES,Friday,7,11,2014,NA,NA,NA,NA,0,0,0,608,2078.650000000002,4.159259259259245,193
2014-11-21,CA_1,CA,HOUSEHOLD,Friday,7,11,2014,NA,NA,NA,NA,0,0,0,742,3374.2899999999972,5.108265980896406,398
2014-11-22,CA_1,CA,FOODS,Saturday,1,11,2014,NA,NA,NA,NA,0,0,1,3822,10016.75999999996,2.7438379963898676,783
2014-11-22,CA_1,CA,HOBBIES,Saturday,1,11,2014,NA,NA,NA,NA,0,0,1,659,2452.2999999999984,4.330794438927515,209
2014-11-22,CA_1,CA,HOUSEHOLD,Saturday,1,11,2014,NA,NA,NA,NA,0,0,1,1173,5093.360000000001,4.837918108419838,456
2014-11-23,CA_1,CA,FOODS,Sunday,2,11,2014,NA,NA,NA,NA,0,0,1,3632,9287.119999999964,2.7177465785747716,787
2014-11-23,CA_1,CA,HOBBIES,Sunday,2,11,2014,NA,NA,NA,NA,0,0,1,520,2261.120000000001,4.792314814814797,213
2014-11-23,CA_1,CA,HOUSEHOLD,Sunday,2,11,2014,NA,NA,NA,NA,0,0,1,1147,5059.839999999997,4.870203016241297,440
2014-11-24,CA_1,CA,FOODS,Monday,3,11,2014,NA,NA,NA,NA,0,0,0,3185,8428.639999999968,2.806526261050413,732
2014-11-24,CA_1,CA,HOBBIES,Monday,3,11,2014,NA,NA,NA,NA,0,0,0,472,1811.210000000002,4.555846153846137,184
2014-11-24,CA_1,CA,HOUSEHOLD,Monday,3,11,2014,NA,NA,NA,NA,0,0,0,854,3544.629999999997,4.84187919463088,381
2014-11-25,CA_1,CA,FOODS,Tuesday,4,11,2014,NA,NA,NA,NA,0,0,0,3024,7800.509999999985,2.7669212088504853,711
2014-11-25,CA_1,CA,HOBBIES,Tuesday,4,11,2014,NA,NA,NA,NA,0,0,0,468,1730.8200000000022,4.47912426035501,180
2014-11-25,CA_1,CA,HOUSEHOLD,Tuesday,4,11,2014,NA,NA,NA,NA,0,0,0,783,3453.7300000000005,5.022618384401121,364
2014-11-26,CA_1,CA,FOODS,Wednesday,5,11,2014,NA,NA,NA,NA,0,0,0,3165,8109.669999999979,2.7385582112567195,667
2014-11-26,CA_1,CA,HOBBIES,Wednesday,5,11,2014,NA,NA,NA,NA,0,0,0,462,1541.6900000000023,4.4414134275618204,170
2014-11-26,CA_1,CA,HOUSEHOLD,Wednesday,5,11,2014,NA,NA,NA,NA,0,0,0,807,3387.119999999995,4.912071576049558,371
2014-11-27,CA_1,CA,FOODS,Thursday,6,11,2014,Thanksgiving,National,NA,NA,0,1,0,1972,4520.63,2.671485148514819,436
2014-11-27,CA_1,CA,HOBBIES,Thursday,6,11,2014,Thanksgiving,National,NA,NA,0,1,0,145,752.0600000000002,5.4516666666666405,90
2014-11-27,CA_1,CA,HOUSEHOLD,Thursday,6,11,2014,Thanksgiving,National,NA,NA,0,1,0,372,1692.5400000000038,5.244969696969698,234
2014-11-28,CA_1,CA,FOODS,Friday,7,11,2014,NA,NA,NA,NA,0,0,0,2295,5649.359999999995,2.719303000968021,589
2014-11-28,CA_1,CA,HOBBIES,Friday,7,11,2014,NA,NA,NA,NA,0,0,0,361,1552.7600000000025,4.8568289473684,158
2014-11-28,CA_1,CA,HOUSEHOLD,Friday,7,11,2014,NA,NA,NA,NA,0,0,0,637,2957.25,5.173940548780492,342
2014-11-29,CA_1,CA,FOODS,Saturday,1,11,2014,NA,NA,NA,NA,0,0,1,2983,7747.159999999985,2.779693268186724,693
2014-11-29,CA_1,CA,HOBBIES,Saturday,1,11,2014,NA,NA,NA,NA,0,0,1,606,2008.750000000003,4.120083507306872,206
2014-11-29,CA_1,CA,HOUSEHOLD,Saturday,1,11,2014,NA,NA,NA,NA,0,0,1,915,4046.2600000000007,4.956373193166884,410
2014-11-30,CA_1,CA,FOODS,Sunday,2,11,2014,NA,NA,NA,NA,0,0,1,3229,8128.479999999982,2.7082007722007466,738
2014-11-30,CA_1,CA,HOBBIES,Sunday,2,11,2014,NA,NA,NA,NA,0,0,1,563,2003.440000000003,4.378586839266435,194
2014-11-30,CA_1,CA,HOUSEHOLD,Sunday,2,11,2014,NA,NA,NA,NA,0,0,1,1020,4547.129999999997,4.9137890864500315,406
2014-12-01,CA_1,CA,FOODS,Monday,3,12,2014,NA,NA,NA,NA,1,0,0,2867,8108.619999999975,2.9484792495735883,743
2014-12-01,CA_1,CA,HOBBIES,Monday,3,12,2014,NA,NA,NA,NA,1,0,0,640,1886.840000000003,3.8706225296442542,186
2014-12-01,CA_1,CA,HOUSEHOLD,Monday,3,12,2014,NA,NA,NA,NA,1,0,0,846,3728.939999999996,4.933801485482786,382
2014-12-02,CA_1,CA,FOODS,Tuesday,4,12,2014,NA,NA,NA,NA,1,0,0,2311,6228.3299999999845,2.8833256351038923,674
2014-12-02,CA_1,CA,HOBBIES,Tuesday,4,12,2014,NA,NA,NA,NA,1,0,0,424,1497.6600000000014,4.563852657004811,154
2014-12-02,CA_1,CA,HOUSEHOLD,Tuesday,4,12,2014,NA,NA,NA,NA,1,0,0,624,2783.090000000001,5.090791258477771,314
2014-12-03,CA_1,CA,FOODS,Wednesday,5,12,2014,NA,NA,NA,NA,1,0,0,2337,6269.619999999988,2.886546408658543,682
2014-12-03,CA_1,CA,HOBBIES,Wednesday,5,12,2014,NA,NA,NA,NA,1,0,0,421,1829.9000000000035,4.838132004981302,176
2014-12-03,CA_1,CA,HOUSEHOLD,Wednesday,5,12,2014,NA,NA,NA,NA,1,0,0,686,2950.800000000001,5.026587473002163,314
2014-12-04,CA_1,CA,FOODS,Thursday,6,12,2014,NA,NA,NA,NA,1,0,0,2774,7632.989999999963,2.915046620046587,736
2014-12-04,CA_1,CA,HOBBIES,Thursday,6,12,2014,NA,NA,NA,NA,1,0,0,479,1951.0700000000024,4.6872313084112,181
2014-12-04,CA_1,CA,HOUSEHOLD,Thursday,6,12,2014,NA,NA,NA,NA,1,0,0,824,3749.6199999999976,5.046987048398095,374
2014-12-05,CA_1,CA,FOODS,Friday,7,12,2014,NA,NA,NA,NA,1,0,0,2730,7599.399999999982,2.9236973800411814,727
2014-12-05,CA_1,CA,HOBBIES,Friday,7,12,2014,NA,NA,NA,NA,1,0,0,543,1889.180000000003,4.303142227122366,194
2014-12-05,CA_1,CA,HOUSEHOLD,Friday,7,12,2014,NA,NA,NA,NA,1,0,0,936,4235.859999999997,5.003503836317141,389
2014-12-06,CA_1,CA,FOODS,Saturday,1,12,2014,NA,NA,NA,NA,1,0,1,3741,9874.099999999962,2.7696841134424424,800
2014-12-06,CA_1,CA,HOBBIES,Saturday,1,12,2014,NA,NA,NA,NA,1,0,1,707,2404.5099999999998,4.147140115163153,223
2014-12-06,CA_1,CA,HOUSEHOLD,Saturday,1,12,2014,NA,NA,NA,NA,1,0,1,1108,4716.9,4.810181074766357,415
2014-12-07,CA_1,CA,FOODS,Sunday,2,12,2014,NA,NA,NA,NA,1,0,1,3751,10803.23999999996,2.9573591467655644,834
2014-12-07,CA_1,CA,HOBBIES,Sunday,2,12,2014,NA,NA,NA,NA,1,0,1,547,2405.4999999999995,4.761244292237432,229
2014-12-07,CA_1,CA,HOUSEHOLD,Sunday,2,12,2014,NA,NA,NA,NA,1,0,1,1106,5045.980000000002,4.95494991160872,428
2014-12-08,CA_1,CA,FOODS,Monday,3,12,2014,NA,NA,NA,NA,1,0,0,3102,8237.569999999974,2.8039230358096976,756
2014-12-08,CA_1,CA,HOBBIES,Monday,3,12,2014,NA,NA,NA,NA,1,0,0,436,1781.5900000000029,4.771928306551279,185
2014-12-08,CA_1,CA,HOUSEHOLD,Monday,3,12,2014,NA,NA,NA,NA,1,0,0,755,3288.209999999998,5.020371408549412,347
2014-12-09,CA_1,CA,FOODS,Tuesday,4,12,2014,NA,NA,NA,NA,1,0,0,2687,7174.159999999984,2.847088235294082,683
2014-12-09,CA_1,CA,HOBBIES,Tuesday,4,12,2014,NA,NA,NA,NA,1,0,0,557,1726.840000000002,4.201182795698908,185
2014-12-09,CA_1,CA,HOUSEHOLD,Tuesday,4,12,2014,NA,NA,NA,NA,1,0,0,694,2923.5000000000005,4.981946454413895,331
2014-12-10,CA_1,CA,FOODS,Wednesday,5,12,2014,NA,NA,NA,NA,1,0,0,3222,8746.549999999972,2.8470991177996585,764
2014-12-10,CA_1,CA,HOBBIES,Wednesday,5,12,2014,NA,NA,NA,NA,1,0,0,649,2019.1500000000026,3.9530558276199628,186
2014-12-10,CA_1,CA,HOUSEHOLD,Wednesday,5,12,2014,NA,NA,NA,NA,1,0,0,698,2967.239999999999,4.983338171262703,339
2014-12-11,CA_1,CA,FOODS,Thursday,6,12,2014,NA,NA,NA,NA,0,0,0,1665,4623.440000000001,3.0052771084336967,571
2014-12-11,CA_1,CA,HOBBIES,Thursday,6,12,2014,NA,NA,NA,NA,0,0,0,236,1039.8600000000006,5.138313069908793,136
2014-12-11,CA_1,CA,HOUSEHOLD,Thursday,6,12,2014,NA,NA,NA,NA,0,0,0,397,1605.2500000000036,5.1659021922428305,230
2014-12-12,CA_1,CA,FOODS,Friday,7,12,2014,NA,NA,NA,NA,0,0,0,2472,6565.499999999988,2.853701034158537,677
2014-12-12,CA_1,CA,HOBBIES,Friday,7,12,2014,NA,NA,NA,NA,0,0,0,453,1684.2400000000027,4.617342073897479,172
2014-12-12,CA_1,CA,HOUSEHOLD,Friday,7,12,2014,NA,NA,NA,NA,0,0,0,709,3052.7900000000004,5.008750902527083,343
2014-12-13,CA_1,CA,FOODS,Saturday,1,12,2014,NA,NA,NA,NA,0,0,1,3310,8828.449999999972,2.793801673852367,765
2014-12-13,CA_1,CA,HOBBIES,Saturday,1,12,2014,NA,NA,NA,NA,0,0,1,666,2499.3999999999983,4.388769074262466,241
2014-12-13,CA_1,CA,HOUSEHOLD,Saturday,1,12,2014,NA,NA,NA,NA,0,0,1,1063,4557.229999999992,4.876752293577984,448
2014-12-14,CA_1,CA,FOODS,Sunday,2,12,2014,NA,NA,NA,NA,0,0,1,3860,10505.289999999963,2.8248429789142846,800
2014-12-14,CA_1,CA,HOBBIES,Sunday,2,12,2014,NA,NA,NA,NA,0,0,1,596,2508.2400000000002,4.702278074866317,219
2014-12-14,CA_1,CA,HOUSEHOLD,Sunday,2,12,2014,NA,NA,NA,NA,0,0,1,1194,5283.520000000004,4.839656338028168,439
2014-12-15,CA_1,CA,FOODS,Monday,3,12,2014,NA,NA,NA,NA,0,0,0,2613,7185.949999999984,2.9156664674237565,665
2014-12-15,CA_1,CA,HOBBIES,Monday,3,12,2014,NA,NA,NA,NA,0,0,0,412,1770.4000000000028,4.888213836477968,175
2014-12-15,CA_1,CA,HOUSEHOLD,Monday,3,12,2014,NA,NA,NA,NA,0,0,0,607,2760.280000000001,5.151674242424244,307
2014-12-16,CA_1,CA,FOODS,Tuesday,4,12,2014,NA,NA,NA,NA,0,0,0,2549,6996.229999999986,2.903880368098123,687
2014-12-16,CA_1,CA,HOBBIES,Tuesday,4,12,2014,NA,NA,NA,NA,0,0,0,588,1556.760000000001,3.827618556701015,176
2014-12-16,CA_1,CA,HOUSEHOLD,Tuesday,4,12,2014,NA,NA,NA,NA,0,0,0,743,3240.8999999999996,5.006571018651363,369
2014-12-17,CA_1,CA,FOODS,Wednesday,5,12,2014,NA,NA,NA,NA,0,0,0,2523,7072.179999999977,2.9525077495349907,695
2014-12-17,CA_1,CA,HOBBIES,Wednesday,5,12,2014,NA,NA,NA,NA,0,0,0,434,1640.760000000002,4.489146341463396,172
2014-12-17,CA_1,CA,HOUSEHOLD,Wednesday,5,12,2014,NA,NA,NA,NA,0,0,0,654,2777.0600000000013,5.013880149812738,339
2014-12-18,CA_1,CA,FOODS,Thursday,6,12,2014,NA,NA,NA,NA,0,0,0,2671,7295.789999999983,2.8887156231714126,651
2014-12-18,CA_1,CA,HOBBIES,Thursday,6,12,2014,NA,NA,NA,NA,0,0,0,502,1886.8300000000027,4.53024137931033,190
2014-12-18,CA_1,CA,HOUSEHOLD,Thursday,6,12,2014,NA,NA,NA,NA,0,0,0,663,2717.0199999999995,4.991560390097531,350
2014-12-19,CA_1,CA,FOODS,Friday,7,12,2014,NA,NA,NA,NA,0,0,0,2668,7261.769999999981,2.890179200940034,662
2014-12-19,CA_1,CA,HOBBIES,Friday,7,12,2014,NA,NA,NA,NA,0,0,0,476,2084.8300000000013,4.74042755344416,192
2014-12-19,CA_1,CA,HOUSEHOLD,Friday,7,12,2014,NA,NA,NA,NA,0,0,0,688,3000.720000000002,5.075203854707189,359
2014-12-20,CA_1,CA,FOODS,Saturday,1,12,2014,NA,NA,NA,NA,0,0,1,3560,9697.669999999958,2.8445707547169503,722
2014-12-20,CA_1,CA,HOBBIES,Saturday,1,12,2014,NA,NA,NA,NA,0,0,1,736,2569.2799999999984,4.100579439252347,225
2014-12-20,CA_1,CA,HOUSEHOLD,Saturday,1,12,2014,NA,NA,NA,NA,0,0,1,1006,4635.109999999996,5.021761755485897,432
2014-12-21,CA_1,CA,FOODS,Sunday,2,12,2014,NA,NA,NA,NA,0,0,1,3858,10032.86999999997,2.7312630410654544,755
2014-12-21,CA_1,CA,HOBBIES,Sunday,2,12,2014,NA,NA,NA,NA,0,0,1,557,2407.9100000000017,4.68277777777777,216
2014-12-21,CA_1,CA,HOUSEHOLD,Sunday,2,12,2014,NA,NA,NA,NA,0,0,1,1049,4419.949999999996,4.803224440411374,417
2014-12-22,CA_1,CA,FOODS,Monday,3,12,2014,NA,NA,NA,NA,0,0,0,3460,8739.449999999966,2.6854014067426326,739
2014-12-22,CA_1,CA,HOBBIES,Monday,3,12,2014,NA,NA,NA,NA,0,0,0,473,2022.7900000000036,4.780470446320852,203
2014-12-22,CA_1,CA,HOUSEHOLD,Monday,3,12,2014,NA,NA,NA,NA,0,0,0,872,3623.3499999999945,4.875805592543279,391
2014-12-23,CA_1,CA,FOODS,Tuesday,4,12,2014,NA,NA,NA,NA,0,0,0,3179,7995.149999999981,2.689880619761208,644
2014-12-23,CA_1,CA,HOBBIES,Tuesday,4,12,2014,NA,NA,NA,NA,0,0,0,586,2174.280000000002,4.435500526870383,196
2014-12-23,CA_1,CA,HOUSEHOLD,Tuesday,4,12,2014,NA,NA,NA,NA,0,0,0,766,3193.329999999999,4.9354660126138805,360
2014-12-24,CA_1,CA,FOODS,Wednesday,5,12,2014,Chanukah End,Religious,NA,NA,0,1,0,2610,7237.029999999973,2.913843468140784,575
2014-12-24,CA_1,CA,HOBBIES,Wednesday,5,12,2014,Chanukah End,Religious,NA,NA,0,1,0,277,1179.4100000000012,5.006516690856292,147
2014-12-24,CA_1,CA,HOUSEHOLD,Wednesday,5,12,2014,Chanukah End,Religious,NA,NA,0,1,0,600,2341.2400000000043,4.974304182509505,306
2014-12-25,CA_1,CA,FOODS,Thursday,6,12,2014,Christmas,National,NA,NA,0,1,0,0,0,3.3082738944364984,0
2014-12-25,CA_1,CA,HOBBIES,Thursday,6,12,2014,Christmas,National,NA,NA,0,1,0,0,0,5.570250447227165,0
2014-12-25,CA_1,CA,HOUSEHOLD,Thursday,6,12,2014,Christmas,National,NA,NA,0,1,0,0,0,5.441439764936327,0
2014-12-26,CA_1,CA,FOODS,Friday,7,12,2014,NA,NA,NA,NA,0,0,0,2365,6489.039999999991,2.915818815330976,610
2014-12-26,CA_1,CA,HOBBIES,Friday,7,12,2014,NA,NA,NA,NA,0,0,0,491,2067.920000000002,4.684497716894961,174
2014-12-26,CA_1,CA,HOUSEHOLD,Friday,7,12,2014,NA,NA,NA,NA,0,0,0,737,3064.8500000000017,4.902868383404873,360
2014-12-27,CA_1,CA,FOODS,Saturday,1,12,2014,NA,NA,NA,NA,0,0,1,2744,7472.73999999998,2.8713506493506173,681
2014-12-27,CA_1,CA,HOBBIES,Saturday,1,12,2014,NA,NA,NA,NA,0,0,1,527,2054.860000000002,4.451059085841678,190
2014-12-27,CA_1,CA,HOUSEHOLD,Saturday,1,12,2014,NA,NA,NA,NA,0,0,1,955,4055.059999999999,4.87861023373342,401
2014-12-28,CA_1,CA,FOODS,Sunday,2,12,2014,NA,NA,NA,NA,0,0,1,2958,8185.979999999968,2.903555981385132,707
2014-12-28,CA_1,CA,HOBBIES,Sunday,2,12,2014,NA,NA,NA,NA,0,0,1,434,2263.1999999999994,5.322490613266587,195
2014-12-28,CA_1,CA,HOUSEHOLD,Sunday,2,12,2014,NA,NA,NA,NA,0,0,1,1015,4334.940000000003,4.844259708737871,396
2014-12-29,CA_1,CA,FOODS,Monday,3,12,2014,NA,NA,NA,NA,0,0,0,2560,7031.089999999987,2.9057526717556943,687
2014-12-29,CA_1,CA,HOBBIES,Monday,3,12,2014,NA,NA,NA,NA,0,0,0,502,2103.830000000001,4.6474603174603,180
2014-12-29,CA_1,CA,HOUSEHOLD,Monday,3,12,2014,NA,NA,NA,NA,0,0,0,763,3124.5299999999984,4.8779762735519965,359
2014-12-30,CA_1,CA,FOODS,Tuesday,4,12,2014,NA,NA,NA,NA,0,0,0,2427,6959.249999999978,2.9805279898218515,685
2014-12-30,CA_1,CA,HOBBIES,Tuesday,4,12,2014,NA,NA,NA,NA,0,0,0,434,1550.4700000000014,4.491358760429062,155
2014-12-30,CA_1,CA,HOUSEHOLD,Tuesday,4,12,2014,NA,NA,NA,NA,0,0,0,750,3167.269999999998,4.954838028169018,359
2014-12-31,CA_1,CA,FOODS,Wednesday,5,12,2014,NA,NA,NA,NA,0,0,0,2895,8188.009999999972,2.94338517078586,696
2014-12-31,CA_1,CA,HOBBIES,Wednesday,5,12,2014,NA,NA,NA,NA,0,0,0,509,1710.9600000000023,4.2922975929977945,155
2014-12-31,CA_1,CA,HOUSEHOLD,Wednesday,5,12,2014,NA,NA,NA,NA,0,0,0,722,2997.959999999999,4.945875179340034,357
2015-01-01,CA_1,CA,FOODS,Thursday,6,1,2015,NewYear,National,NA,NA,1,1,0,2179,5751.739999999995,2.8693927125505727,617
2015-01-01,CA_1,CA,HOBBIES,Thursday,6,1,2015,NewYear,National,NA,NA,1,1,0,326,1560.9200000000014,5.300951724137908,161
2015-01-01,CA_1,CA,HOUSEHOLD,Thursday,6,1,2015,NewYear,National,NA,NA,1,1,0,645,2770.0700000000043,5.015379513633016,317
2015-01-02,CA_1,CA,FOODS,Friday,7,1,2015,NA,NA,NA,NA,1,0,0,3172,8834.3399999999765,2.9041928775669033,727
2015-01-02,CA_1,CA,HOBBIES,Friday,7,1,2015,NA,NA,NA,NA,1,0,0,552,2344.460000000002,4.649018338727083,185
2015-01-02,CA_1,CA,HOUSEHOLD,Friday,7,1,2015,NA,NA,NA,NA,1,0,0,939,4047.2199999999984,4.875212968849338,395
2015-01-03,CA_1,CA,FOODS,Saturday,1,1,2015,NA,NA,NA,NA,1,0,1,3651,10077.699999999968,2.855770222743232,792
2015-01-03,CA_1,CA,HOBBIES,Saturday,1,1,2015,NA,NA,NA,NA,1,0,1,530,2511.830000000001,4.952557883131231,186
2015-01-03,CA_1,CA,HOUSEHOLD,Saturday,1,1,2015,NA,NA,NA,NA,1,0,1,1171,4943.159999999997,4.712421700223711,414
2015-01-04,CA_1,CA,FOODS,Sunday,2,1,2015,NA,NA,NA,NA,1,0,1,4168,11298.209999999968,2.816225275869228,771
2015-01-04,CA_1,CA,HOBBIES,Sunday,2,1,2015,NA,NA,NA,NA,1,0,1,590,2345.5999999999985,4.509502074688807,189
2015-01-04,CA_1,CA,HOUSEHOLD,Sunday,2,1,2015,NA,NA,NA,NA,1,0,1,908,3868.8699999999994,4.8591736066624,378
2015-01-05,CA_1,CA,FOODS,Monday,3,1,2015,NA,NA,NA,NA,1,0,0,3140,8583.65999999997,2.8734071372753025,707
2015-01-05,CA_1,CA,HOBBIES,Monday,3,1,2015,NA,NA,NA,NA,1,0,0,565,2206.47,4.551782283884742,191
2015-01-05,CA_1,CA,HOUSEHOLD,Monday,3,1,2015,NA,NA,NA,NA,1,0,0,780,3485.1599999999985,5.033930795847757,366
2015-01-06,CA_1,CA,FOODS,Tuesday,4,1,2015,NA,NA,NA,NA,1,0,0,2597,7284.549999999984,2.9378480629539636,699
2015-01-06,CA_1,CA,HOBBIES,Tuesday,4,1,2015,NA,NA,NA,NA,1,0,0,447,1536.4000000000021,4.439813084112132,154
2015-01-06,CA_1,CA,HOUSEHOLD,Tuesday,4,1,2015,NA,NA,NA,NA,1,0,0,572,2622.2099999999996,5.147476851851852,307
2015-01-07,CA_1,CA,FOODS,Wednesday,5,1,2015,OrthodoxChristmas,Religious,NA,NA,1,1,0,2503,6779.179999999985,2.890475450590399,691
2015-01-07,CA_1,CA,HOBBIES,Wednesday,5,1,2015,OrthodoxChristmas,Religious,NA,NA,1,1,0,331,1509.0500000000009,5.042306666666645,144
2015-01-07,CA_1,CA,HOUSEHOLD,Wednesday,5,1,2015,OrthodoxChristmas,Religious,NA,NA,1,1,0,560,2398.620000000002,5.054219607843138,316
2015-01-08,CA_1,CA,FOODS,Thursday,6,1,2015,NA,NA,NA,NA,1,0,0,2510,6761.059999999984,2.8754618226600632,668
2015-01-08,CA_1,CA,HOBBIES,Thursday,6,1,2015,NA,NA,NA,NA,1,0,0,364,1779.1600000000026,5.150038809831805,154
2015-01-08,CA_1,CA,HOUSEHOLD,Thursday,6,1,2015,NA,NA,NA,NA,1,0,0,643,2665.860000000002,5.001257396449707,322
2015-01-09,CA_1,CA,FOODS,Friday,7,1,2015,NA,NA,NA,NA,1,0,0,2899,7831.209999999979,2.8644102850754303,727
2015-01-09,CA_1,CA,HOBBIES,Friday,7,1,2015,NA,NA,NA,NA,1,0,0,427,1688.0500000000022,4.717085365853639,170
2015-01-09,CA_1,CA,HOUSEHOLD,Friday,7,1,2015,NA,NA,NA,NA,1,0,0,709,2998.219999999999,4.968223965763199,338
2015-01-10,CA_1,CA,FOODS,Saturday,1,1,2015,NA,NA,NA,NA,1,0,1,3999,11100.679999999958,2.860433173704808,816
2015-01-10,CA_1,CA,HOBBIES,Saturday,1,1,2015,NA,NA,NA,NA,1,0,1,676,2823.1900000000014,4.5187462981244115,226
2015-01-10,CA_1,CA,HOUSEHOLD,Saturday,1,1,2015,NA,NA,NA,NA,1,0,1,1030,4419.8899999999985,4.8473524041387686,418
2015-01-11,CA_1,CA,FOODS,Sunday,2,1,2015,NA,NA,NA,NA,0,0,1,4148,11295.379999999954,2.815959382272029,832
2015-01-11,CA_1,CA,HOBBIES,Sunday,2,1,2015,NA,NA,NA,NA,0,0,1,530,2323.689999999999,4.726771300448428,201
2015-01-11,CA_1,CA,HOUSEHOLD,Sunday,2,1,2015,NA,NA,NA,NA,0,0,1,1126,4597.460000000005,4.7009609784507855,440
2015-01-12,CA_1,CA,FOODS,Monday,3,1,2015,NA,NA,NA,NA,0,0,0,2785,7167.399999999979,2.7556077981651037,708
2015-01-12,CA_1,CA,HOBBIES,Monday,3,1,2015,NA,NA,NA,NA,0,0,0,505,2036.1700000000023,4.610435754189929,173
2015-01-12,CA_1,CA,HOUSEHOLD,Monday,3,1,2015,NA,NA,NA,NA,0,0,0,793,3217.4699999999984,4.844317548746524,388
2015-01-13,CA_1,CA,FOODS,Tuesday,4,1,2015,NA,NA,NA,NA,0,0,0,2240,5783.229999999994,2.821127369471201,644
2015-01-13,CA_1,CA,HOBBIES,Tuesday,4,1,2015,NA,NA,NA,NA,0,0,0,418,1508.800000000001,4.543017964071838,146
2015-01-13,CA_1,CA,HOUSEHOLD,Tuesday,4,1,2015,NA,NA,NA,NA,0,0,0,626,2457.860000000004,4.912231343283583,317
2015-01-14,CA_1,CA,FOODS,Wednesday,5,1,2015,NA,NA,NA,NA,0,0,0,2187,5676.919999999987,2.8498018804566483,620
2015-01-14,CA_1,CA,HOBBIES,Wednesday,5,1,2015,NA,NA,NA,NA,0,0,0,432,1757.9900000000016,4.705665859564143,169
2015-01-14,CA_1,CA,HOUSEHOLD,Wednesday,5,1,2015,NA,NA,NA,NA,0,0,0,606,2399.9000000000033,4.9629488158899955,328
2015-01-15,CA_1,CA,FOODS,Thursday,6,1,2015,NA,NA,NA,NA,0,0,0,2360,6295.909999999988,2.870437743190629,687
2015-01-15,CA_1,CA,HOBBIES,Thursday,6,1,2015,NA,NA,NA,NA,0,0,0,447,1798.6300000000024,4.605997596153826,178
2015-01-15,CA_1,CA,HOUSEHOLD,Thursday,6,1,2015,NA,NA,NA,NA,0,0,0,652,2359.130000000002,4.823546255506612,321
2015-01-16,CA_1,CA,FOODS,Friday,7,1,2015,NA,NA,NA,NA,0,0,0,2745,7525.219999999977,2.892662601625983,712
2015-01-16,CA_1,CA,HOBBIES,Friday,7,1,2015,NA,NA,NA,NA,0,0,0,518,1878.6200000000026,4.400668896321054,184
2015-01-16,CA_1,CA,HOUSEHOLD,Friday,7,1,2015,NA,NA,NA,NA,0,0,0,760,3067.650000000002,4.913930555555558,351
2015-01-17,CA_1,CA,FOODS,Saturday,1,1,2015,NA,NA,NA,NA,0,0,1,3480,9001.979999999963,2.7201486717036074,792
2015-01-17,CA_1,CA,HOBBIES,Saturday,1,1,2015,NA,NA,NA,NA,0,0,1,631,2475.079999999998,4.48166666666668,216
2015-01-17,CA_1,CA,HOUSEHOLD,Saturday,1,1,2015,NA,NA,NA,NA,0,0,1,1055,4353.069999999995,4.812816474863718,436
2015-01-18,CA_1,CA,FOODS,Sunday,2,1,2015,NA,NA,NA,NA,0,0,1,3658,9761.97999999996,2.7938911053742994,812
2015-01-18,CA_1,CA,HOBBIES,Sunday,2,1,2015,NA,NA,NA,NA,0,0,1,472,1912.3900000000026,4.759323040380028,193
2015-01-18,CA_1,CA,HOUSEHOLD,Sunday,2,1,2015,NA,NA,NA,NA,0,0,1,1065,4505.509999999998,4.813688029020558,443
2015-01-19,CA_1,CA,FOODS,Monday,3,1,2015,MartinLutherKingDay,National,NA,NA,0,1,0,2945,7866.959999999978,2.8175054945054634,720
2015-01-19,CA_1,CA,HOBBIES,Monday,3,1,2015,MartinLutherKingDay,National,NA,NA,0,1,0,570,2136.9800000000005,4.37756558237145,180
2015-01-19,CA_1,CA,HOUSEHOLD,Monday,3,1,2015,MartinLutherKingDay,National,NA,NA,0,1,0,941,3878.3199999999974,4.840584457289663,416
2015-01-20,CA_1,CA,FOODS,Tuesday,4,1,2015,NA,NA,NA,NA,0,0,0,2302,6167.409999999984,2.893377893707174,650
2015-01-20,CA_1,CA,HOBBIES,Tuesday,4,1,2015,NA,NA,NA,NA,0,0,0,346,1498.7300000000023,5.037884362680664,148
2015-01-20,CA_1,CA,HOUSEHOLD,Tuesday,4,1,2015,NA,NA,NA,NA,0,0,0,652,2695.850000000001,4.956336047372318,333
2015-01-21,CA_1,CA,FOODS,Wednesday,5,1,2015,NA,NA,NA,NA,0,0,0,2228,5826.369999999989,2.845551458263456,660
2015-01-21,CA_1,CA,HOBBIES,Wednesday,5,1,2015,NA,NA,NA,NA,0,0,0,387,1763.3500000000022,4.98786179921771,183
2015-01-21,CA_1,CA,HOUSEHOLD,Wednesday,5,1,2015,NA,NA,NA,NA,0,0,0,666,2932.2699999999977,5.0847928994082885,346
2015-01-22,CA_1,CA,FOODS,Thursday,6,1,2015,NA,NA,NA,NA,0,0,0,2046,5444.129999999995,2.891219425735519,640
2015-01-22,CA_1,CA,HOBBIES,Thursday,6,1,2015,NA,NA,NA,NA,0,0,0,285,1223.2500000000018,5.025121951219488,151
2015-01-22,CA_1,CA,HOUSEHOLD,Thursday,6,1,2015,NA,NA,NA,NA,0,0,0,570,2319.350000000004,5.04649027237354,317
2015-01-23,CA_1,CA,FOODS,Friday,7,1,2015,NA,NA,NA,NA,0,0,0,2678,6702.349999999985,2.7194747652581843,685
2015-01-23,CA_1,CA,HOBBIES,Friday,7,1,2015,NA,NA,NA,NA,0,0,0,505,1861.070000000002,4.571430167597748,173
2015-01-23,CA_1,CA,HOUSEHOLD,Friday,7,1,2015,NA,NA,NA,NA,0,0,0,859,3328.1299999999974,4.719632786885251,366
2015-01-24,CA_1,CA,FOODS,Saturday,1,1,2015,NA,NA,NA,NA,0,0,1,3708,9422.369999999964,2.681347665279678,803
2015-01-24,CA_1,CA,HOBBIES,Saturday,1,1,2015,NA,NA,NA,NA,0,0,1,680,2549.6199999999994,4.289440628066743,224
2015-01-24,CA_1,CA,HOUSEHOLD,Saturday,1,1,2015,NA,NA,NA,NA,0,0,1,1149,4410.3399999999965,4.563166089965398,448
2015-01-25,CA_1,CA,FOODS,Sunday,2,1,2015,NA,NA,NA,NA,0,0,1,3727,9457.889999999963,2.684040684234835,822
2015-01-25,CA_1,CA,HOBBIES,Sunday,2,1,2015,NA,NA,NA,NA,0,0,1,558,2125.5000000000014,4.533358946212944,210
2015-01-25,CA_1,CA,HOUSEHOLD,Sunday,2,1,2015,NA,NA,NA,NA,0,0,1,1292,4977.110000000002,4.467419700214134,457
2015-01-26,CA_1,CA,FOODS,Monday,3,1,2015,NA,NA,NA,NA,0,0,0,2344,6170.0499999999865,2.8524057217164818,689
2015-01-26,CA_1,CA,HOBBIES,Monday,3,1,2015,NA,NA,NA,NA,0,0,0,381,1849.720000000002,5.132258485639667,178
2015-01-26,CA_1,CA,HOUSEHOLD,Monday,3,1,2015,NA,NA,NA,NA,0,0,0,656,2540.000000000001,4.861807580174933,317
2015-01-27,CA_1,CA,FOODS,Tuesday,4,1,2015,NA,NA,NA,NA,0,0,0,1992,5095.239999999996,2.847668798862795,599
2015-01-27,CA_1,CA,HOBBIES,Tuesday,4,1,2015,NA,NA,NA,NA,0,0,0,429,1524.1800000000014,4.594914634146324,172
2015-01-27,CA_1,CA,HOUSEHOLD,Tuesday,4,1,2015,NA,NA,NA,NA,0,0,0,571,2142.950000000004,4.957887537993925,288
2015-01-28,CA_1,CA,FOODS,Wednesday,5,1,2015,NA,NA,NA,NA,0,0,0,2082,5314.529999999999,2.8329401470073146,646
2015-01-28,CA_1,CA,HOBBIES,Wednesday,5,1,2015,NA,NA,NA,NA,0,0,0,419,1696.0200000000023,4.831303827751177,146
2015-01-28,CA_1,CA,HOUSEHOLD,Wednesday,5,1,2015,NA,NA,NA,NA,0,0,0,576,2226.6600000000035,4.970061162079512,301
2015-01-29,CA_1,CA,FOODS,Thursday,6,1,2015,NA,NA,NA,NA,0,0,0,2131,5271.149999999996,2.7687849829351188,622
2015-01-29,CA_1,CA,HOBBIES,Thursday,6,1,2015,NA,NA,NA,NA,0,0,0,446,1563.3000000000027,4.495601458080176,186
2015-01-29,CA_1,CA,HOUSEHOLD,Thursday,6,1,2015,NA,NA,NA,NA,0,0,0,642,2377.5300000000007,4.818382137628114,309
2015-01-30,CA_1,CA,FOODS,Friday,7,1,2015,NA,NA,NA,NA,0,0,0,2713,7223.839999999979,2.8220610687022565,728
2015-01-30,CA_1,CA,HOBBIES,Friday,7,1,2015,NA,NA,NA,NA,0,0,0,565,1968.8000000000025,4.396542155816422,191
2015-01-30,CA_1,CA,HOUSEHOLD,Friday,7,1,2015,NA,NA,NA,NA,0,0,0,881,3505.5800000000017,4.7716124837451295,376
2015-01-31,CA_1,CA,FOODS,Saturday,1,1,2015,NA,NA,NA,NA,0,0,1,4140,10525.849999999959,2.6762476190475923,836
2015-01-31,CA_1,CA,HOBBIES,Saturday,1,1,2015,NA,NA,NA,NA,0,0,1,623,2916.5200000000027,4.889664218258156,233
2015-01-31,CA_1,CA,HOUSEHOLD,Saturday,1,1,2015,NA,NA,NA,NA,0,0,1,1308,5413.4000000000015,4.674436130411535,470
2015-02-01,CA_1,CA,FOODS,Sunday,2,2,2015,SuperBowl,Sporting,NA,NA,1,1,1,3711,9835.51999999996,2.784337794185483,798
2015-02-01,CA_1,CA,HOBBIES,Sunday,2,2,2015,SuperBowl,Sporting,NA,NA,1,1,1,619,2357.379999999999,4.46823157894737,232
2015-02-01,CA_1,CA,HOUSEHOLD,Sunday,2,2,2015,SuperBowl,Sporting,NA,NA,1,1,1,1132,4223.179999999999,4.470039954337901,413
2015-02-02,CA_1,CA,FOODS,Monday,3,2,2015,NA,NA,NA,NA,1,0,0,2640,7036.989999999976,2.853018301830151,728
2015-02-02,CA_1,CA,HOBBIES,Monday,3,2,2015,NA,NA,NA,NA,1,0,0,443,1901.8000000000031,4.897839805825224,182
2015-02-02,CA_1,CA,HOUSEHOLD,Monday,3,2,2015,NA,NA,NA,NA,1,0,0,803,3123.359999999999,4.800777552400274,357
2015-02-03,CA_1,CA,FOODS,Tuesday,4,2,2015,NA,NA,NA,NA,1,0,0,2718,6917.159999999974,2.762409425625888,744
2015-02-03,CA_1,CA,HOBBIES,Tuesday,4,2,2015,NA,NA,NA,NA,1,0,0,495,2030.7100000000019,4.713329545454533,178
2015-02-03,CA_1,CA,HOUSEHOLD,Tuesday,4,2,2015,NA,NA,NA,NA,1,0,0,838,3245.8900000000017,4.740311671087536,363
2015-02-04,CA_1,CA,FOODS,Wednesday,5,2,2015,NA,NA,NA,NA,1,0,0,2588,6714.679999999984,2.809713589274802,727
2015-02-04,CA_1,CA,HOBBIES,Wednesday,5,2,2015,NA,NA,NA,NA,1,0,0,384,1870.370000000002,5.2167011642949355,174
2015-02-04,CA_1,CA,HOUSEHOLD,Wednesday,5,2,2015,NA,NA,NA,NA,1,0,0,701,2678.1799999999994,4.774525339043546,333
2015-02-05,CA_1,CA,FOODS,Thursday,6,2,2015,NA,NA,NA,NA,1,0,0,2632,7194.709999999982,2.898962918299632,736
2015-02-05,CA_1,CA,HOBBIES,Thursday,6,2,2015,NA,NA,NA,NA,1,0,0,453,1715.6300000000022,4.4586987104337465,163
2015-02-05,CA_1,CA,HOUSEHOLD,Thursday,6,2,2015,NA,NA,NA,NA,1,0,0,804,2988.3799999999956,4.694668896321075,342
2015-02-06,CA_1,CA,FOODS,Friday,7,2,2015,NA,NA,NA,NA,1,0,0,2797,7202.539999999979,2.7803325688073084,730
2015-02-06,CA_1,CA,HOBBIES,Friday,7,2,2015,NA,NA,NA,NA,1,0,0,439,1371.1500000000017,4.4238140643623165,163
2015-02-06,CA_1,CA,HOUSEHOLD,Friday,7,2,2015,NA,NA,NA,NA,1,0,0,782,3112.4699999999984,4.845377747252749,359
2015-02-07,CA_1,CA,FOODS,Saturday,1,2,2015,NA,NA,NA,NA,1,0,1,4219,10924.529999999948,2.716905801621934,833
2015-02-07,CA_1,CA,HOBBIES,Saturday,1,2,2015,NA,NA,NA,NA,1,0,1,777,3228.059999999998,4.580494159928143,227
2015-02-07,CA_1,CA,HOUSEHOLD,Saturday,1,2,2015,NA,NA,NA,NA,1,0,1,1318,5155.459999999994,4.501155272919976,464
2015-02-08,CA_1,CA,FOODS,Sunday,2,2,2015,NA,NA,NA,NA,1,0,1,4086,11166.329999999962,2.8401559495833997,828
2015-02-08,CA_1,CA,HOBBIES,Sunday,2,2,2015,NA,NA,NA,NA,1,0,1,507,2288.4399999999996,4.883501722158443,199
2015-02-08,CA_1,CA,HOUSEHOLD,Sunday,2,2,2015,NA,NA,NA,NA,1,0,1,1266,5051.9800000000005,4.594819016747701,448
2015-02-09,CA_1,CA,FOODS,Monday,3,2,2015,NA,NA,NA,NA,1,0,0,3451,9182.419999999962,2.792230674846597,799
2015-02-09,CA_1,CA,HOBBIES,Monday,3,2,2015,NA,NA,NA,NA,1,0,0,534,1944.710000000002,4.474196035242273,189
2015-02-09,CA_1,CA,HOUSEHOLD,Monday,3,2,2015,NA,NA,NA,NA,1,0,0,992,3675.3799999999983,4.613556511056515,397
2015-02-10,CA_1,CA,FOODS,Tuesday,4,2,2015,NA,NA,NA,NA,1,0,0,2809,7555.399999999973,2.8559914529914234,722
2015-02-10,CA_1,CA,HOBBIES,Tuesday,4,2,2015,NA,NA,NA,NA,1,0,0,566,1798.7100000000028,4.155682773109229,177
2015-02-10,CA_1,CA,HOUSEHOLD,Tuesday,4,2,2015,NA,NA,NA,NA,1,0,0,759,3060.1099999999997,4.863970690858343,359
2015-02-11,CA_1,CA,FOODS,Wednesday,5,2,2015,NA,NA,NA,NA,0,0,0,2745,7209.929999999976,2.8092200637865696,719
2015-02-11,CA_1,CA,HOBBIES,Wednesday,5,2,2015,NA,NA,NA,NA,0,0,0,508,1927.9700000000025,4.622111237230401,190
2015-02-11,CA_1,CA,HOUSEHOLD,Wednesday,5,2,2015,NA,NA,NA,NA,0,0,0,787,2992.47,4.799134349030475,376
2015-02-12,CA_1,CA,FOODS,Thursday,6,2,2015,NA,NA,NA,NA,0,0,0,2608,6877.469999999984,2.8233806217928987,718
2015-02-12,CA_1,CA,HOBBIES,Thursday,6,2,2015,NA,NA,NA,NA,0,0,0,438,1990.8800000000022,4.923022974606995,174
2015-02-12,CA_1,CA,HOUSEHOLD,Thursday,6,2,2015,NA,NA,NA,NA,0,0,0,783,3211.8700000000013,4.837943015983321,377
2015-02-13,CA_1,CA,FOODS,Friday,7,2,2015,NA,NA,NA,NA,0,0,0,2924,7494.919999999983,2.775485383342491,721
2015-02-13,CA_1,CA,HOBBIES,Friday,7,2,2015,NA,NA,NA,NA,0,0,0,467,2023.570000000002,4.8146533490011585,179
2015-02-13,CA_1,CA,HOUSEHOLD,Friday,7,2,2015,NA,NA,NA,NA,0,0,0,792,3063.9699999999953,4.785350756533708,371
2015-02-14,CA_1,CA,FOODS,Saturday,1,2,2015,ValentinesDay,Cultural,NA,NA,0,1,1,3253,8319.569999999967,2.725836545875062,785
2015-02-14,CA_1,CA,HOBBIES,Saturday,1,2,2015,ValentinesDay,Cultural,NA,NA,0,1,1,600,2559.920000000001,4.748020942408402,208
2015-02-14,CA_1,CA,HOUSEHOLD,Saturday,1,2,2015,ValentinesDay,Cultural,NA,NA,0,1,1,936,3774.8099999999963,4.817309904153356,404
2015-02-15,CA_1,CA,FOODS,Sunday,2,2,2015,NA,NA,NA,NA,0,0,1,3218,9170.439999999968,2.973635662898226,749
2015-02-15,CA_1,CA,HOBBIES,Sunday,2,2,2015,NA,NA,NA,NA,0,0,1,520,2354.11,4.9062585812357025,209
2015-02-15,CA_1,CA,HOUSEHOLD,Sunday,2,2,2015,NA,NA,NA,NA,0,0,1,1086,4515.559999999997,4.777768595041321,425
2015-02-16,CA_1,CA,FOODS,Monday,3,2,2015,PresidentsDay,National,NA,NA,0,1,0,2752,7690.669999999974,2.9478979414322697,726
2015-02-16,CA_1,CA,HOBBIES,Monday,3,2,2015,PresidentsDay,National,NA,NA,0,1,0,507,2253.3700000000013,4.810561926605497,198
2015-02-16,CA_1,CA,HOUSEHOLD,Monday,3,2,2015,PresidentsDay,National,NA,NA,0,1,0,1022,4057.809999999997,4.732300556586271,438
2015-02-17,CA_1,CA,FOODS,Tuesday,4,2,2015,NA,NA,NA,NA,0,0,0,2202,6102.159999999995,2.9657441781977383,662
2015-02-17,CA_1,CA,HOBBIES,Tuesday,4,2,2015,NA,NA,NA,NA,0,0,0,400,2095.8700000000003,5.176725663716795,172
2015-02-17,CA_1,CA,HOUSEHOLD,Tuesday,4,2,2015,NA,NA,NA,NA,0,0,0,810,3340.459999999997,4.877838953888512,390
2015-02-18,CA_1,CA,FOODS,Wednesday,5,2,2015,LentStart,Religious,NA,NA,0,1,0,1961,5567.439999999993,3.0288252356779894,626
2015-02-18,CA_1,CA,HOBBIES,Wednesday,5,2,2015,LentStart,Religious,NA,NA,0,1,0,433,1749.4600000000019,4.7403143893591135,169
2015-02-18,CA_1,CA,HOUSEHOLD,Wednesday,5,2,2015,LentStart,Religious,NA,NA,0,1,0,644,2619.360000000002,4.953234641006665,326
2015-02-19,CA_1,CA,FOODS,Thursday,6,2,2015,NA,NA,NA,NA,0,0,0,2072,5619.019999999994,2.938980802792289,630
2015-02-19,CA_1,CA,HOBBIES,Thursday,6,2,2015,NA,NA,NA,NA,0,0,0,467,1942.4200000000026,4.71234669811319,182
2015-02-19,CA_1,CA,HOUSEHOLD,Thursday,6,2,2015,NA,NA,NA,NA,0,0,0,641,2604.5100000000016,4.968543833580982,328
2015-02-20,CA_1,CA,FOODS,Friday,7,2,2015,NA,NA,NA,NA,0,0,0,2773,7338.7499999999845,2.8387535898908354,714
2015-02-20,CA_1,CA,HOBBIES,Friday,7,2,2015,NA,NA,NA,NA,0,0,0,500,1834.0400000000022,4.52362268518517,199
2015-02-20,CA_1,CA,HOUSEHOLD,Friday,7,2,2015,NA,NA,NA,NA,0,0,0,865,3571.5699999999983,4.861666666666673,398
2015-02-21,CA_1,CA,FOODS,Saturday,1,2,2015,NA,NA,NA,NA,0,0,1,3112,8403.669999999987,2.848477913783899,778
2015-02-21,CA_1,CA,HOBBIES,Saturday,1,2,2015,NA,NA,NA,NA,0,0,1,567,2504.2199999999993,4.869505494505512,220
2015-02-21,CA_1,CA,HOUSEHOLD,Saturday,1,2,2015,NA,NA,NA,NA,0,0,1,1088,4781.379999999998,4.904354936402179,470
2015-02-22,CA_1,CA,FOODS,Sunday,2,2,2015,NA,NA,NA,NA,0,0,1,3559,9669.77999999996,2.859911589008339,798
2015-02-22,CA_1,CA,HOBBIES,Sunday,2,2,2015,NA,NA,NA,NA,0,0,1,591,2481.37,4.6476584317937775,223
2015-02-22,CA_1,CA,HOUSEHOLD,Sunday,2,2,2015,NA,NA,NA,NA,0,0,1,1276,5203.040000000001,4.633684210526312,466
2015-02-23,CA_1,CA,FOODS,Monday,3,2,2015,NA,NA,NA,NA,0,0,0,2396,6504.7999999999865,2.9279720723579503,669
2015-02-23,CA_1,CA,HOBBIES,Monday,3,2,2015,NA,NA,NA,NA,0,0,0,348,2021.4700000000018,5.53773279352225,170
2015-02-23,CA_1,CA,HOUSEHOLD,Monday,3,2,2015,NA,NA,NA,NA,0,0,0,804,3338.3599999999983,4.890680412371139,382
2015-02-24,CA_1,CA,FOODS,Tuesday,4,2,2015,NA,NA,NA,NA,0,0,0,1923,5230.739999999994,2.946965065502144,599
2015-02-24,CA_1,CA,HOBBIES,Tuesday,4,2,2015,NA,NA,NA,NA,0,0,0,378,1621.4600000000019,4.94035943517328,162
2015-02-24,CA_1,CA,HOUSEHOLD,Tuesday,4,2,2015,NA,NA,NA,NA,0,0,0,671,2786.500000000003,5.005838235294119,344
2015-02-25,CA_1,CA,FOODS,Wednesday,5,2,2015,LentWeek2,Religious,NA,NA,0,1,0,1903,5262.989999999998,2.986675363399142,644
2015-02-25,CA_1,CA,HOBBIES,Wednesday,5,2,2015,LentWeek2,Religious,NA,NA,0,1,0,553,1949.620000000002,4.3089323467230285,170
2015-02-25,CA_1,CA,HOUSEHOLD,Wednesday,5,2,2015,LentWeek2,Religious,NA,NA,0,1,0,650,2893.5500000000006,5.131110277569394,350
2015-02-26,CA_1,CA,FOODS,Thursday,6,2,2015,NA,NA,NA,NA,0,0,0,1842,5067.029999999996,2.968317544524404,627
2015-02-26,CA_1,CA,HOBBIES,Thursday,6,2,2015,NA,NA,NA,NA,0,0,0,482,1995.5500000000025,4.723230240549814,172
2015-02-26,CA_1,CA,HOUSEHOLD,Thursday,6,2,2015,NA,NA,NA,NA,0,0,0,688,2913.6999999999975,5.013531598513008,376
2015-02-27,CA_1,CA,FOODS,Friday,7,2,2015,NA,NA,NA,NA,0,0,0,2519,6735.46999999998,2.870838230745403,710
2015-02-27,CA_1,CA,HOBBIES,Friday,7,2,2015,NA,NA,NA,NA,0,0,0,701,2348.1799999999994,4.126241860465131,189
2015-02-27,CA_1,CA,HOUSEHOLD,Friday,7,2,2015,NA,NA,NA,NA,0,0,0,894,3716.7399999999934,4.902908605737166,428
2015-02-28,CA_1,CA,FOODS,Saturday,1,2,2015,NA,NA,NA,NA,0,0,1,3517,9428.18999999997,2.823620019436317,825
2015-02-28,CA_1,CA,HOBBIES,Saturday,1,2,2015,NA,NA,NA,NA,0,0,1,803,3435.8699999999967,4.494779874213859,253
2015-02-28,CA_1,CA,HOUSEHOLD,Saturday,1,2,2015,NA,NA,NA,NA,0,0,1,1283,5404.749999999999,4.757315325248066,502
2015-03-01,CA_1,CA,FOODS,Sunday,2,3,2015,NA,NA,NA,NA,1,0,1,3771,10554.259999999957,2.910105432042147,832
2015-03-01,CA_1,CA,HOBBIES,Sunday,2,3,2015,NA,NA,NA,NA,1,0,1,741,2950.6999999999994,4.406388367729857,238
2015-03-01,CA_1,CA,HOUSEHOLD,Sunday,2,3,2015,NA,NA,NA,NA,1,0,1,1262,5455.910000000006,4.820391400220493,481
2015-03-02,CA_1,CA,FOODS,Monday,3,3,2015,NA,NA,NA,NA,1,0,0,2688,7632.2499999999845,2.9834479691668805,739
2015-03-02,CA_1,CA,HOBBIES,Monday,3,3,2015,NA,NA,NA,NA,1,0,0,441,2310.0899999999997,5.232562874251512,169
2015-03-02,CA_1,CA,HOUSEHOLD,Monday,3,3,2015,NA,NA,NA,NA,1,0,0,884,3667.2899999999977,4.855276153346333,378
2015-03-03,CA_1,CA,FOODS,Tuesday,4,3,2015,NA,NA,NA,NA,1,0,0,2443,6646.179999999985,2.911472892510152,676
2015-03-03,CA_1,CA,HOBBIES,Tuesday,4,3,2015,NA,NA,NA,NA,1,0,0,506,2144.249999999999,4.754048442906558,202
2015-03-03,CA_1,CA,HOUSEHOLD,Tuesday,4,3,2015,NA,NA,NA,NA,1,0,0,878,3553.6599999999967,4.846673215455141,384
2015-03-04,CA_1,CA,FOODS,Wednesday,5,3,2015,NA,NA,NA,NA,1,0,0,2365,6847.349999999989,3.0464354527937987,675
2015-03-04,CA_1,CA,HOBBIES,Wednesday,5,3,2015,NA,NA,NA,NA,1,0,0,476,1885.2500000000023,4.639884925201364,170
2015-03-04,CA_1,CA,HOUSEHOLD,Wednesday,5,3,2015,NA,NA,NA,NA,1,0,0,743,3210.3999999999974,5.026860546601263,349
2015-03-05,CA_1,CA,FOODS,Thursday,6,3,2015,Purim End,Religious,NA,NA,1,1,0,2377,6471.339999999991,2.9136351958894964,687
2015-03-05,CA_1,CA,HOBBIES,Thursday,6,3,2015,Purim End,Religious,NA,NA,1,1,0,553,2173.0600000000018,4.590865800865801,192
2015-03-05,CA_1,CA,HOUSEHOLD,Thursday,6,3,2015,Purim End,Religious,NA,NA,1,1,0,730,3102.489999999997,5.0224818577648795,385
2015-03-06,CA_1,CA,FOODS,Friday,7,3,2015,NA,NA,NA,NA,1,0,0,2897,7691.249999999979,2.8409646927995276,724
2015-03-06,CA_1,CA,HOBBIES,Friday,7,3,2015,NA,NA,NA,NA,1,0,0,581,2319.1599999999994,4.636919875130095,183
2015-03-06,CA_1,CA,HOUSEHOLD,Friday,7,3,2015,NA,NA,NA,NA,1,0,0,853,3764.109999999999,4.973963538149903,405
2015-03-07,CA_1,CA,FOODS,Saturday,1,3,2015,NA,NA,NA,NA,1,0,1,3536,9830.029999999959,2.889723225030057,805
2015-03-07,CA_1,CA,HOBBIES,Saturday,1,3,2015,NA,NA,NA,NA,1,0,1,627,2838.0899999999992,4.738760245901662,215
2015-03-07,CA_1,CA,HOUSEHOLD,Saturday,1,3,2015,NA,NA,NA,NA,1,0,1,1071,4446.929999999994,4.754342581423399,446
2015-03-08,CA_1,CA,FOODS,Sunday,2,3,2015,NA,NA,NA,NA,1,0,1,3940,11104.959999999954,2.905573374340924,812
2015-03-08,CA_1,CA,HOBBIES,Sunday,2,3,2015,NA,NA,NA,NA,1,0,1,608,2649.2000000000003,4.731545741324944,221
2015-03-08,CA_1,CA,HOUSEHOLD,Sunday,2,3,2015,NA,NA,NA,NA,1,0,1,1423,5572.97,4.4960550458715485,494
2015-03-09,CA_1,CA,FOODS,Monday,3,3,2015,NA,NA,NA,NA,1,0,0,2721,7506.599999999984,2.917059166423751,714
2015-03-09,CA_1,CA,HOBBIES,Monday,3,3,2015,NA,NA,NA,NA,1,0,0,436,1748.3800000000012,4.752185592185575,181
2015-03-09,CA_1,CA,HOUSEHOLD,Monday,3,3,2015,NA,NA,NA,NA,1,0,0,889,3652.4599999999955,4.845718050065878,404
2015-03-10,CA_1,CA,FOODS,Tuesday,4,3,2015,NA,NA,NA,NA,1,0,0,2408,6596.7599999999975,2.930261747082904,661
2015-03-10,CA_1,CA,HOBBIES,Tuesday,4,3,2015,NA,NA,NA,NA,1,0,0,470,1822.4100000000028,4.5983566433566265,176
2015-03-10,CA_1,CA,HOUSEHOLD,Tuesday,4,3,2015,NA,NA,NA,NA,1,0,0,832,3389.449999999998,4.809284280936457,370
2015-03-11,CA_1,CA,FOODS,Wednesday,5,3,2015,NA,NA,NA,NA,0,0,0,2374,6458.559999999998,2.9202098805295127,701
2015-03-11,CA_1,CA,HOBBIES,Wednesday,5,3,2015,NA,NA,NA,NA,0,0,0,410,1909.670000000002,5.048801498127322,173
2015-03-11,CA_1,CA,HOUSEHOLD,Wednesday,5,3,2015,NA,NA,NA,NA,0,0,0,690,2811.4300000000007,4.975051319648093,359
2015-03-12,CA_1,CA,FOODS,Thursday,6,3,2015,NA,NA,NA,NA,0,0,0,2319,6041.119999999995,2.835546874999968,671
2015-03-12,CA_1,CA,HOBBIES,Thursday,6,3,2015,NA,NA,NA,NA,0,0,0,507,1966.310000000003,4.612328767123272,195
2015-03-12,CA_1,CA,HOUSEHOLD,Thursday,6,3,2015,NA,NA,NA,NA,0,0,0,693,2760.919999999999,4.954074074074075,349
2015-03-13,CA_1,CA,FOODS,Friday,7,3,2015,NA,NA,NA,NA,0,0,0,2881,7771.329999999978,2.8789377085650405,709
2015-03-13,CA_1,CA,HOBBIES,Friday,7,3,2015,NA,NA,NA,NA,0,0,0,412,2110.44,5.294053367217267,189
2015-03-13,CA_1,CA,HOUSEHOLD,Friday,7,3,2015,NA,NA,NA,NA,0,0,0,891,3522.189999999998,4.802148978246541,407
2015-03-14,CA_1,CA,FOODS,Saturday,1,3,2015,NA,NA,NA,NA,0,0,1,3270,8362.85999999998,2.7428894472361547,717
2015-03-14,CA_1,CA,HOBBIES,Saturday,1,3,2015,NA,NA,NA,NA,0,0,1,572,2538.2799999999997,4.773546255506617,228
2015-03-14,CA_1,CA,HOUSEHOLD,Saturday,1,3,2015,NA,NA,NA,NA,0,0,1,1173,4573.189999999996,4.533768786127171,476
2015-03-15,CA_1,CA,FOODS,Sunday,2,3,2015,NA,NA,NA,NA,0,0,1,3894,10323.559999999963,2.780824696802621,786
2015-03-15,CA_1,CA,HOBBIES,Sunday,2,3,2015,NA,NA,NA,NA,0,0,1,563,2899.0499999999997,5.273018867924559,226
2015-03-15,CA_1,CA,HOUSEHOLD,Sunday,2,3,2015,NA,NA,NA,NA,0,0,1,1348,5404.170000000003,4.591939586645461,494
2015-03-16,CA_1,CA,FOODS,Monday,3,3,2015,NA,NA,NA,NA,0,0,0,2504,6799.889999999988,2.926125766871134,671
2015-03-16,CA_1,CA,HOBBIES,Monday,3,3,2015,NA,NA,NA,NA,0,0,0,668,2028.5400000000016,3.905374407582927,177
2015-03-16,CA_1,CA,HOUSEHOLD,Monday,3,3,2015,NA,NA,NA,NA,0,0,0,892,3604.5999999999963,4.803379265091863,401
2015-03-17,CA_1,CA,FOODS,Tuesday,4,3,2015,StPatricksDay,Cultural,NA,NA,0,1,0,2220,5798.359999999993,2.852679220350149,620
2015-03-17,CA_1,CA,HOBBIES,Tuesday,4,3,2015,StPatricksDay,Cultural,NA,NA,0,1,0,489,1963.3900000000033,4.740356731875708,184
2015-03-17,CA_1,CA,HOUSEHOLD,Tuesday,4,3,2015,StPatricksDay,Cultural,NA,NA,0,1,0,722,2836.4199999999987,4.8717910447761215,348
2015-03-18,CA_1,CA,FOODS,Wednesday,5,3,2015,NA,NA,NA,NA,0,0,0,2216,5985.049999999995,2.923120614767758,650
2015-03-18,CA_1,CA,HOBBIES,Wednesday,5,3,2015,NA,NA,NA,NA,0,0,0,480,1741.9000000000015,4.5911415525114005,168
2015-03-18,CA_1,CA,HOUSEHOLD,Wednesday,5,3,2015,NA,NA,NA,NA,0,0,0,746,3166.269999999997,4.981926605504592,362
2015-03-19,CA_1,CA,FOODS,Thursday,6,3,2015,NA,NA,NA,NA,0,0,0,2072,5296.17,2.831747368421018,649
2015-03-19,CA_1,CA,HOBBIES,Thursday,6,3,2015,NA,NA,NA,NA,0,0,0,435,1942.050000000002,4.818019323671478,171
2015-03-19,CA_1,CA,HOUSEHOLD,Thursday,6,3,2015,NA,NA,NA,NA,0,0,0,687,2946.0099999999993,5.034603524229076,358
2015-03-20,CA_1,CA,FOODS,Friday,7,3,2015,NA,NA,NA,NA,0,0,0,2733,7159.699999999981,2.8190890688258805,702
2015-03-20,CA_1,CA,HOBBIES,Friday,7,3,2015,NA,NA,NA,NA,0,0,0,506,2082.9300000000026,4.68078498293514,191
2015-03-20,CA_1,CA,HOUSEHOLD,Friday,7,3,2015,NA,NA,NA,NA,0,0,0,881,3460.8999999999955,4.76114285714286,409
2015-03-21,CA_1,CA,FOODS,Saturday,1,3,2015,NA,NA,NA,NA,0,0,1,3625,9454.519999999971,2.77171783454415,785
2015-03-21,CA_1,CA,HOBBIES,Saturday,1,3,2015,NA,NA,NA,NA,0,0,1,660,2637.5500000000015,4.470879120879145,223
2015-03-21,CA_1,CA,HOUSEHOLD,Saturday,1,3,2015,NA,NA,NA,NA,0,0,1,1243,5325.960000000004,4.790520716685322,491
2015-03-22,CA_1,CA,FOODS,Sunday,2,3,2015,NA,NA,NA,NA,0,0,1,3709,9907.489999999967,2.817601374570419,771
2015-03-22,CA_1,CA,HOBBIES,Sunday,2,3,2015,NA,NA,NA,NA,0,0,1,492,2564.7400000000007,5.378765133171937,230
2015-03-22,CA_1,CA,HOUSEHOLD,Sunday,2,3,2015,NA,NA,NA,NA,0,0,1,1369,5915.680000000004,4.757012644889343,505
2015-03-23,CA_1,CA,FOODS,Monday,3,3,2015,NA,NA,NA,NA,0,0,0,2452,6506.75999999999,2.8602518098835032,702
2015-03-23,CA_1,CA,HOBBIES,Monday,3,3,2015,NA,NA,NA,NA,0,0,0,462,2199.3900000000003,5.030272511848341,182
2015-03-23,CA_1,CA,HOUSEHOLD,Monday,3,3,2015,NA,NA,NA,NA,0,0,0,904,3680.009999999997,4.84859136212625,433
2015-03-24,CA_1,CA,FOODS,Tuesday,4,3,2015,NA,NA,NA,NA,0,0,0,2133,5535.029999999995,2.84256887052338,656
2015-03-24,CA_1,CA,HOBBIES,Tuesday,4,3,2015,NA,NA,NA,NA,0,0,0,540,1874.4000000000017,4.3331944444444295,168
2015-03-24,CA_1,CA,HOUSEHOLD,Tuesday,4,3,2015,NA,NA,NA,NA,0,0,0,728,3091.2999999999965,4.952813390313392,358
2015-03-25,CA_1,CA,FOODS,Wednesday,5,3,2015,NA,NA,NA,NA,0,0,0,2082,5345.2500000000055,2.8452649930264675,641
2015-03-25,CA_1,CA,HOBBIES,Wednesday,5,3,2015,NA,NA,NA,NA,0,0,0,409,2071.2600000000016,5.213460591133002,161
2015-03-25,CA_1,CA,HOUSEHOLD,Wednesday,5,3,2015,NA,NA,NA,NA,0,0,0,702,2827.8999999999983,4.92583994232156,349
2015-03-26,CA_1,CA,FOODS,Thursday,6,3,2015,NA,NA,NA,NA,0,0,0,2210,5966.159999999994,2.9220303030302683,667
2015-03-26,CA_1,CA,HOBBIES,Thursday,6,3,2015,NA,NA,NA,NA,0,0,0,414,1773.5600000000015,4.91645443196003,177
2015-03-26,CA_1,CA,HOUSEHOLD,Thursday,6,3,2015,NA,NA,NA,NA,0,0,0,763,3089.7300000000005,4.890377886634012,368
2015-03-27,CA_1,CA,FOODS,Friday,7,3,2015,NA,NA,NA,NA,0,0,0,2684,6988.30999999999,2.8126245945148614,720
2015-03-27,CA_1,CA,HOBBIES,Friday,7,3,2015,NA,NA,NA,NA,0,0,0,529,2063.080000000002,4.538329646017685,189
2015-03-27,CA_1,CA,HOUSEHOLD,Friday,7,3,2015,NA,NA,NA,NA,0,0,0,828,3575.0299999999975,4.980725034199732,400
2015-03-28,CA_1,CA,FOODS,Saturday,1,3,2015,NA,NA,NA,NA,0,0,1,3340,8729.749999999967,2.7832401812688508,796
2015-03-28,CA_1,CA,HOBBIES,Saturday,1,3,2015,NA,NA,NA,NA,0,0,1,528,2501.0200000000004,4.982096219931284,219
2015-03-28,CA_1,CA,HOUSEHOLD,Saturday,1,3,2015,NA,NA,NA,NA,0,0,1,999,4390.19,4.894074074074075,442
2015-03-29,CA_1,CA,FOODS,Sunday,2,3,2015,NA,NA,NA,NA,0,0,1,3909,10133.259999999964,2.7394023904382236,819
2015-03-29,CA_1,CA,HOBBIES,Sunday,2,3,2015,NA,NA,NA,NA,0,0,1,475,2321.659999999999,5.313733333333353,214
2015-03-29,CA_1,CA,HOUSEHOLD,Sunday,2,3,2015,NA,NA,NA,NA,0,0,1,1069,4530.209999999992,4.837564798071122,446
2015-03-30,CA_1,CA,FOODS,Monday,3,3,2015,NA,NA,NA,NA,0,0,0,2755,7188.519999999987,2.801939429237011,749
2015-03-30,CA_1,CA,HOBBIES,Monday,3,3,2015,NA,NA,NA,NA,0,0,0,579,2313.79,4.540984293193728,188
2015-03-30,CA_1,CA,HOUSEHOLD,Monday,3,3,2015,NA,NA,NA,NA,0,0,0,922,3673.879999999996,4.7534701731879405,399
2015-03-31,CA_1,CA,FOODS,Tuesday,4,3,2015,NA,NA,NA,NA,0,0,0,2654,6571.599999999984,2.730106445889975,700
2015-03-31,CA_1,CA,HOBBIES,Tuesday,4,3,2015,NA,NA,NA,NA,0,0,0,384,1877.1200000000017,5.228700128700108,171
2015-03-31,CA_1,CA,HOUSEHOLD,Tuesday,4,3,2015,NA,NA,NA,NA,0,0,0,839,3290.509999999997,4.770174966352626,389
2015-04-01,CA_1,CA,FOODS,Wednesday,5,4,2015,NA,NA,NA,NA,1,0,0,2903,7414.169999999977,2.7500644077288974,760
2015-04-01,CA_1,CA,HOBBIES,Wednesday,5,4,2015,NA,NA,NA,NA,1,0,0,632,2373.7200000000007,4.356656746031759,188
2015-04-01,CA_1,CA,HOUSEHOLD,Wednesday,5,4,2015,NA,NA,NA,NA,1,0,0,911,3830.95,4.900171390903101,430
2015-04-02,CA_1,CA,FOODS,Thursday,6,4,2015,NA,NA,NA,NA,1,0,0,2980,7384.419999999982,2.6956772255597743,746
2015-04-02,CA_1,CA,HOBBIES,Thursday,6,4,2015,NA,NA,NA,NA,1,0,0,518,2039.8100000000015,4.576744444444432,182
2015-04-02,CA_1,CA,HOUSEHOLD,Thursday,6,4,2015,NA,NA,NA,NA,1,0,0,897,3706.869999999996,4.879343832020999,409
2015-04-03,CA_1,CA,FOODS,Friday,7,4,2015,NA,NA,NA,NA,1,0,0,4005,10074.019999999968,2.6758491789109518,805
2015-04-03,CA_1,CA,HOBBIES,Friday,7,4,2015,NA,NA,NA,NA,1,0,0,556,2656.140000000001,5.041362637362664,210
2015-04-03,CA_1,CA,HOUSEHOLD,Friday,7,4,2015,NA,NA,NA,NA,1,0,0,1071,4215.159999999998,4.6222128174123345,453
2015-04-04,CA_1,CA,FOODS,Saturday,1,4,2015,NA,NA,NA,NA,1,0,1,4688,12178.829999999962,2.702057871692345,863
2015-04-04,CA_1,CA,HOBBIES,Saturday,1,4,2015,NA,NA,NA,NA,1,0,1,668,2813.89,4.630202224469185,243
2015-04-04,CA_1,CA,HOUSEHOLD,Saturday,1,4,2015,NA,NA,NA,NA,1,0,1,1280,5310.2300000000005,4.688616730453791,495
2015-04-05,CA_1,CA,FOODS,Sunday,2,4,2015,Easter,Cultural,NA,NA,1,1,1,3291,8791.919999999975,2.826900628930787,744
2015-04-05,CA_1,CA,HOBBIES,Sunday,2,4,2015,Easter,Cultural,NA,NA,1,1,1,502,2228.7400000000002,4.858374717832962,180
2015-04-05,CA_1,CA,HOUSEHOLD,Sunday,2,4,2015,Easter,Cultural,NA,NA,1,1,1,1081,4533.84,4.796398075766686,462
2015-04-06,CA_1,CA,FOODS,Monday,3,4,2015,NA,NA,NA,NA,1,0,0,2663,7316.439999999982,2.9149615839243146,707
2015-04-06,CA_1,CA,HOBBIES,Monday,3,4,2015,NA,NA,NA,NA,1,0,0,503,1984.5900000000033,4.676499429874556,190
2015-04-06,CA_1,CA,HOUSEHOLD,Monday,3,4,2015,NA,NA,NA,NA,1,0,0,935,3757.5599999999977,4.7545169385194495,385
2015-04-07,CA_1,CA,FOODS,Tuesday,4,4,2015,NA,NA,NA,NA,1,0,0,2538,7148.099999999981,2.971741400491365,710
2015-04-07,CA_1,CA,HOBBIES,Tuesday,4,4,2015,NA,NA,NA,NA,1,0,0,592,2001.0100000000014,4.193602040816312,176
2015-04-07,CA_1,CA,HOUSEHOLD,Tuesday,4,4,2015,NA,NA,NA,NA,1,0,0,680,3028.949999999997,5.116579139314367,353
2015-04-08,CA_1,CA,FOODS,Wednesday,5,4,2015,NA,NA,NA,NA,1,0,0,2610,7070.289999999991,2.880563592525586,720
2015-04-08,CA_1,CA,HOBBIES,Wednesday,5,4,2015,NA,NA,NA,NA,1,0,0,439,1915.0800000000038,4.829223300970859,179
2015-04-08,CA_1,CA,HOUSEHOLD,Wednesday,5,4,2015,NA,NA,NA,NA,1,0,0,760,3210.229999999996,5.012108559498958,367
2015-04-09,CA_1,CA,FOODS,Thursday,6,4,2015,NA,NA,NA,NA,1,0,0,2538,6576.569999999983,2.7853567035670044,714
2015-04-09,CA_1,CA,HOBBIES,Thursday,6,4,2015,NA,NA,NA,NA,1,0,0,448,2013.9000000000021,5.042233128834338,197
2015-04-09,CA_1,CA,HOUSEHOLD,Thursday,6,4,2015,NA,NA,NA,NA,1,0,0,740,3222.3899999999994,5.066421428571424,384
2015-04-10,CA_1,CA,FOODS,Friday,7,4,2015,NA,NA,NA,NA,1,0,0,3175,8534.529999999977,2.831304347826056,762
2015-04-10,CA_1,CA,HOBBIES,Friday,7,4,2015,NA,NA,NA,NA,1,0,0,492,2118.359999999999,4.811123986095005,193
2015-04-10,CA_1,CA,HOUSEHOLD,Friday,7,4,2015,NA,NA,NA,NA,1,0,0,917,4027.5499999999965,5.010629921259845,437
2015-04-11,CA_1,CA,FOODS,Saturday,1,4,2015,Pesach End,Religious,NA,NA,0,1,1,3627,9491.489999999963,2.763486302973516,784
2015-04-11,CA_1,CA,HOBBIES,Saturday,1,4,2015,Pesach End,Religious,NA,NA,0,1,1,684,2688.79,4.359053658536603,223
2015-04-11,CA_1,CA,HOUSEHOLD,Saturday,1,4,2015,Pesach End,Religious,NA,NA,0,1,1,1184,4883.069999999996,4.714742327735958,501
2015-04-12,CA_1,CA,FOODS,Sunday,2,4,2015,OrthodoxEaster,Religious,NA,NA,0,1,1,4125,11376.839999999958,2.8556336234344917,842
2015-04-12,CA_1,CA,HOBBIES,Sunday,2,4,2015,OrthodoxEaster,Religious,NA,NA,0,1,1,629,2881.3200000000006,4.922536082474251,223
2015-04-12,CA_1,CA,HOUSEHOLD,Sunday,2,4,2015,OrthodoxEaster,Religious,NA,NA,0,1,1,1339,5461.870000000004,4.642675159235655,499
2015-04-13,CA_1,CA,FOODS,Monday,3,4,2015,NA,NA,NA,NA,0,0,0,2829,7691.04999999998,2.884456706281806,723
2015-04-13,CA_1,CA,HOBBIES,Monday,3,4,2015,NA,NA,NA,NA,0,0,0,432,2040.4400000000023,5.050684079601968,192
2015-04-13,CA_1,CA,HOUSEHOLD,Monday,3,4,2015,NA,NA,NA,NA,0,0,0,910,3692.399999999995,4.7990394736842115,434
2015-04-14,CA_1,CA,FOODS,Tuesday,4,4,2015,NA,NA,NA,NA,0,0,0,2354,6410.969999999994,2.9379566062175835,694
2015-04-14,CA_1,CA,HOBBIES,Tuesday,4,4,2015,NA,NA,NA,NA,0,0,0,563,2036.560000000003,4.3545182012847805,193
2015-04-14,CA_1,CA,HOUSEHOLD,Tuesday,4,4,2015,NA,NA,NA,NA,0,0,0,785,3138.809999999997,4.847205982324946,358
2015-04-15,CA_1,CA,FOODS,Wednesday,5,4,2015,NA,NA,NA,NA,0,0,0,2370,6344.019999999991,2.8988599033816094,693
2015-04-15,CA_1,CA,HOBBIES,Wednesday,5,4,2015,NA,NA,NA,NA,0,0,0,491,1968.760000000002,4.804539089848294,198
2015-04-15,CA_1,CA,HOUSEHOLD,Wednesday,5,4,2015,NA,NA,NA,NA,0,0,0,807,3197.319999999998,4.832472451790635,399
2015-04-16,CA_1,CA,FOODS,Thursday,6,4,2015,NA,NA,NA,NA,0,0,0,2464,6513.879999999988,2.8504643191024917,683
2015-04-16,CA_1,CA,HOBBIES,Thursday,6,4,2015,NA,NA,NA,NA,0,0,0,535,1913.260000000002,4.345526601520072,178
2015-04-16,CA_1,CA,HOUSEHOLD,Thursday,6,4,2015,NA,NA,NA,NA,0,0,0,733,2958.670000000001,4.892107117688514,358
2015-04-17,CA_1,CA,FOODS,Friday,7,4,2015,NA,NA,NA,NA,0,0,0,2951,7525.239999999981,2.75715648854959,711
2015-04-17,CA_1,CA,HOBBIES,Friday,7,4,2015,NA,NA,NA,NA,0,0,0,412,1883.8300000000017,4.98610340479191,183
2015-04-17,CA_1,CA,HOUSEHOLD,Friday,7,4,2015,NA,NA,NA,NA,0,0,0,873,3477.999999999999,4.820668896321069,422
2015-04-18,CA_1,CA,FOODS,Saturday,1,4,2015,NA,NA,NA,NA,0,0,1,3651,9715.239999999965,2.7994036482693843,803
2015-04-18,CA_1,CA,HOBBIES,Saturday,1,4,2015,NA,NA,NA,NA,0,0,1,743,2895.929999999999,4.428306527909201,250
2015-04-18,CA_1,CA,HOUSEHOLD,Saturday,1,4,2015,NA,NA,NA,NA,0,0,1,1257,5119.809999999999,4.67201101928374,486
2015-04-19,CA_1,CA,FOODS,Sunday,2,4,2015,NA,NA,NA,NA,0,0,1,3868,10690.549999999963,2.877427674366427,837
2015-04-19,CA_1,CA,HOBBIES,Sunday,2,4,2015,NA,NA,NA,NA,0,0,1,598,3057.099999999997,5.2555277475517155,243
2015-04-19,CA_1,CA,HOUSEHOLD,Sunday,2,4,2015,NA,NA,NA,NA,0,0,1,1383,5497.209999999995,4.5379854620976,501
2015-04-20,CA_1,CA,FOODS,Monday,3,4,2015,NA,NA,NA,NA,0,0,0,2656,7248.6499999999805,2.9060561697041822,737
2015-04-20,CA_1,CA,HOBBIES,Monday,3,4,2015,NA,NA,NA,NA,0,0,0,459,2029.4400000000014,4.87927725118482,179
2015-04-20,CA_1,CA,HOUSEHOLD,Monday,3,4,2015,NA,NA,NA,NA,0,0,0,1016,4173.499999999995,4.783080194410695,414
2015-04-21,CA_1,CA,FOODS,Tuesday,4,4,2015,NA,NA,NA,NA,0,0,0,2254,6282.019999999989,2.985773059057697,668
2015-04-21,CA_1,CA,HOBBIES,Tuesday,4,4,2015,NA,NA,NA,NA,0,0,0,504,1973.2200000000034,4.6043572241182975,189
2015-04-21,CA_1,CA,HOUSEHOLD,Tuesday,4,4,2015,NA,NA,NA,NA,0,0,0,785,3324.3899999999985,4.929037396121884,385
2015-04-22,CA_1,CA,FOODS,Wednesday,5,4,2015,NA,NA,NA,NA,0,0,0,2169,5880.9299999999885,2.9123224043715497,669
2015-04-22,CA_1,CA,HOBBIES,Wednesday,5,4,2015,NA,NA,NA,NA,0,0,0,480,1990.490000000002,4.704694348327549,177
2015-04-22,CA_1,CA,HOUSEHOLD,Wednesday,5,4,2015,NA,NA,NA,NA,0,0,0,795,3194.3799999999956,4.848388203017835,381
2015-04-23,CA_1,CA,FOODS,Thursday,6,4,2015,NA,NA,NA,NA,0,0,0,2510,6589.67999999998,2.8358513931888223,708
2015-04-23,CA_1,CA,HOBBIES,Thursday,6,4,2015,NA,NA,NA,NA,0,0,0,515,2013.9700000000028,4.710226500566243,196
2015-04-23,CA_1,CA,HOUSEHOLD,Thursday,6,4,2015,NA,NA,NA,NA,0,0,0,772,3099.1199999999985,4.87725806451613,390
2015-04-24,CA_1,CA,FOODS,Friday,7,4,2015,NA,NA,NA,NA,0,0,0,2792,7412.72999999998,2.841937338315577,741
2015-04-24,CA_1,CA,HOBBIES,Friday,7,4,2015,NA,NA,NA,NA,0,0,0,625,2533.93,4.602947052947078,188
2015-04-24,CA_1,CA,HOUSEHOLD,Friday,7,4,2015,NA,NA,NA,NA,0,0,0,895,3443.449999999997,4.762721268163805,425
2015-04-25,CA_1,CA,FOODS,Saturday,1,4,2015,NA,NA,NA,NA,0,0,1,4005,10974.639999999956,2.845233892321249,901
2015-04-25,CA_1,CA,HOBBIES,Saturday,1,4,2015,NA,NA,NA,NA,0,0,1,632,2696.0200000000004,4.776165803108833,231
2015-04-25,CA_1,CA,HOUSEHOLD,Saturday,1,4,2015,NA,NA,NA,NA,0,0,1,1382,5841.179999999994,4.701138381201028,511
2015-04-26,CA_1,CA,FOODS,Sunday,2,4,2015,NA,NA,NA,NA,0,0,1,3952,10567.139999999968,2.7991091069071494,834
2015-04-26,CA_1,CA,HOBBIES,Sunday,2,4,2015,NA,NA,NA,NA,0,0,1,589,2551.019999999999,4.7129732620321025,218
2015-04-26,CA_1,CA,HOUSEHOLD,Sunday,2,4,2015,NA,NA,NA,NA,0,0,1,1274,4964.119999999992,4.517040650406503,473
2015-04-27,CA_1,CA,FOODS,Monday,3,4,2015,NA,NA,NA,NA,0,0,0,2712,7066.109999999983,2.824727219109376,749
2015-04-27,CA_1,CA,HOBBIES,Monday,3,4,2015,NA,NA,NA,NA,0,0,0,459,1956.0600000000031,4.877792207792195,176
2015-04-27,CA_1,CA,HOUSEHOLD,Monday,3,4,2015,NA,NA,NA,NA,0,0,0,824,3231.149999999999,4.80815612382234,382
2015-04-28,CA_1,CA,FOODS,Tuesday,4,4,2015,NA,NA,NA,NA,0,0,0,2344,6146.3799999999865,2.8465993485341703,702
2015-04-28,CA_1,CA,HOBBIES,Tuesday,4,4,2015,NA,NA,NA,NA,0,0,0,394,1966.150000000003,5.159715762273884,184
2015-04-28,CA_1,CA,HOUSEHOLD,Tuesday,4,4,2015,NA,NA,NA,NA,0,0,0,788,3187.45,4.88792984869326,378
2015-04-29,CA_1,CA,FOODS,Wednesday,5,4,2015,NA,NA,NA,NA,0,0,0,2400,6128.789999999981,2.795179993628512,689
2015-04-29,CA_1,CA,HOBBIES,Wednesday,5,4,2015,NA,NA,NA,NA,0,0,0,456,1726.8900000000026,4.691729857819887,176
2015-04-29,CA_1,CA,HOUSEHOLD,Wednesday,5,4,2015,NA,NA,NA,NA,0,0,0,704,2741.05,4.876406926406922,362
2015-04-30,CA_1,CA,FOODS,Thursday,6,4,2015,NA,NA,NA,NA,0,0,0,2320,6028.669999999986,2.8507474481395785,711
2015-04-30,CA_1,CA,HOBBIES,Thursday,6,4,2015,NA,NA,NA,NA,0,0,0,427,1619.4200000000026,4.6463547995139525,168
2015-04-30,CA_1,CA,HOUSEHOLD,Thursday,6,4,2015,NA,NA,NA,NA,0,0,0,719,3186.099999999997,5.060510424155282,372
2015-05-01,CA_1,CA,FOODS,Friday,7,5,2015,NA,NA,NA,NA,1,0,0,3579,9149.419999999964,2.7284901166944233,808
2015-05-01,CA_1,CA,HOBBIES,Friday,7,5,2015,NA,NA,NA,NA,1,0,0,546,2501.0800000000013,4.914208754208767,219
2015-05-01,CA_1,CA,HOUSEHOLD,Friday,7,5,2015,NA,NA,NA,NA,1,0,0,996,4103.460000000001,4.841579275905119,438
2015-05-02,CA_1,CA,FOODS,Saturday,1,5,2015,NA,NA,NA,NA,1,0,1,4042,10628.899999999945,2.7605661605205802,860
2015-05-02,CA_1,CA,HOBBIES,Saturday,1,5,2015,NA,NA,NA,NA,1,0,1,614,2425.3799999999997,4.54355949895617,220
2015-05-02,CA_1,CA,HOUSEHOLD,Saturday,1,5,2015,NA,NA,NA,NA,1,0,1,1145,4722.1399999999985,4.7030615835777105,486
2015-05-03,CA_1,CA,FOODS,Sunday,2,5,2015,NA,NA,NA,NA,1,0,1,4426,12050.309999999952,2.829106100261706,887
2015-05-03,CA_1,CA,HOBBIES,Sunday,2,5,2015,NA,NA,NA,NA,1,0,1,613,2788.42,4.787141350210998,229
2015-05-03,CA_1,CA,HOUSEHOLD,Sunday,2,5,2015,NA,NA,NA,NA,1,0,1,1485,6392.9,4.714201095072158,522
2015-05-04,CA_1,CA,FOODS,Monday,3,5,2015,NA,NA,NA,NA,1,0,0,3184,8773.929999999958,2.9124720270621607,769
2015-05-04,CA_1,CA,HOBBIES,Monday,3,5,2015,NA,NA,NA,NA,1,0,0,601,2415.5499999999993,4.5731945889698356,204
2015-05-04,CA_1,CA,HOUSEHOLD,Monday,3,5,2015,NA,NA,NA,NA,1,0,0,1009,4146.9599999999955,4.791605929586163,436
2015-05-05,CA_1,CA,FOODS,Tuesday,4,5,2015,Cinco De Mayo,Cultural,NA,NA,1,1,0,2891,7599.809999999981,2.824487000279535,742
2015-05-05,CA_1,CA,HOBBIES,Tuesday,4,5,2015,Cinco De Mayo,Cultural,NA,NA,1,1,0,495,1945.550000000002,4.668493150684915,183
2015-05-05,CA_1,CA,HOUSEHOLD,Tuesday,4,5,2015,Cinco De Mayo,Cultural,NA,NA,1,1,0,782,3325.199999999998,4.95426694329184,382
2015-05-06,CA_1,CA,FOODS,Wednesday,5,5,2015,NA,NA,NA,NA,1,0,0,2613,6964.309999999979,2.853167515732659,704
2015-05-06,CA_1,CA,HOBBIES,Wednesday,5,5,2015,NA,NA,NA,NA,1,0,0,551,1630.7400000000027,4.197646432374851,176
2015-05-06,CA_1,CA,HOUSEHOLD,Wednesday,5,5,2015,NA,NA,NA,NA,1,0,0,861,3476.2499999999977,4.795198150594452,393
2015-05-07,CA_1,CA,FOODS,Thursday,6,5,2015,NA,NA,NA,NA,1,0,0,2874,7670.019999999978,2.85357803306245,733
2015-05-07,CA_1,CA,HOBBIES,Thursday,6,5,2015,NA,NA,NA,NA,1,0,0,506,1760.800000000003,4.458896396396377,182
2015-05-07,CA_1,CA,HOUSEHOLD,Thursday,6,5,2015,NA,NA,NA,NA,1,0,0,802,3272.4799999999973,4.893698630136988,388
2015-05-08,CA_1,CA,FOODS,Friday,7,5,2015,NA,NA,NA,NA,1,0,0,3242,8389.47999999997,2.7588428059395502,764
2015-05-08,CA_1,CA,HOBBIES,Friday,7,5,2015,NA,NA,NA,NA,1,0,0,543,2285.16,4.700592105263162,195
2015-05-08,CA_1,CA,HOUSEHOLD,Friday,7,5,2015,NA,NA,NA,NA,1,0,0,912,3837.7,4.879397511460376,431
2015-05-09,CA_1,CA,FOODS,Saturday,1,5,2015,NA,NA,NA,NA,1,0,1,4146,10808.979999999947,2.7358517582648716,825
2015-05-09,CA_1,CA,HOBBIES,Saturday,1,5,2015,NA,NA,NA,NA,1,0,1,588,2849.7300000000014,5.025176211453768,244
2015-05-09,CA_1,CA,HOUSEHOLD,Saturday,1,5,2015,NA,NA,NA,NA,1,0,1,1106,4765.559999999994,4.815201900237525,468
2015-05-10,CA_1,CA,FOODS,Sunday,2,5,2015,Mother's day,Cultural,NA,NA,1,1,1,3482,9210.419999999966,2.813005293551463,754
2015-05-10,CA_1,CA,HOBBIES,Sunday,2,5,2015,Mother's day,Cultural,NA,NA,1,1,1,532,1912.850000000003,4.411878453038659,191
2015-05-10,CA_1,CA,HOUSEHOLD,Sunday,2,5,2015,Mother's day,Cultural,NA,NA,1,1,1,1000,4361.899999999996,4.9019209039548,453
2015-05-11,CA_1,CA,FOODS,Monday,3,5,2015,NA,NA,NA,NA,0,0,0,3123,8131.689999999979,2.7922740296952053,712
2015-05-11,CA_1,CA,HOBBIES,Monday,3,5,2015,NA,NA,NA,NA,0,0,0,631,2224.310000000001,4.261047904191622,193
2015-05-11,CA_1,CA,HOUSEHOLD,Monday,3,5,2015,NA,NA,NA,NA,0,0,0,848,3584.6299999999997,4.901858108108108,414
2015-05-12,CA_1,CA,FOODS,Tuesday,4,5,2015,NA,NA,NA,NA,0,0,0,2419,6608.399999999984,2.9424976045991387,716
2015-05-12,CA_1,CA,HOBBIES,Tuesday,4,5,2015,NA,NA,NA,NA,0,0,0,548,1983.4500000000025,4.503972012917109,183
2015-05-12,CA_1,CA,HOUSEHOLD,Tuesday,4,5,2015,NA,NA,NA,NA,0,0,0,843,3450.419999999997,4.85871293800539,405
2015-05-13,CA_1,CA,FOODS,Wednesday,5,5,2015,NA,NA,NA,NA,0,0,0,2594,6783.319999999983,2.8572749099639525,690
2015-05-13,CA_1,CA,HOBBIES,Wednesday,5,5,2015,NA,NA,NA,NA,0,0,0,536,1869.9500000000019,4.325011111111095,200
2015-05-13,CA_1,CA,HOUSEHOLD,Wednesday,5,5,2015,NA,NA,NA,NA,0,0,0,828,3561.859999999997,5.010967302452315,406
2015-05-14,CA_1,CA,FOODS,Thursday,6,5,2015,NA,NA,NA,NA,0,0,0,2395,6206.0099999999875,2.8361829152111455,674
2015-05-14,CA_1,CA,HOBBIES,Thursday,6,5,2015,NA,NA,NA,NA,0,0,0,385,1614.350000000002,4.933666666666649,169
2015-05-14,CA_1,CA,HOUSEHOLD,Thursday,6,5,2015,NA,NA,NA,NA,0,0,0,707,2850.6999999999975,4.9397992831541195,358
2015-05-15,CA_1,CA,FOODS,Friday,7,5,2015,NA,NA,NA,NA,0,0,0,2890,7899.679999999984,2.888926080892583,733
2015-05-15,CA_1,CA,HOBBIES,Friday,7,5,2015,NA,NA,NA,NA,0,0,0,588,2232.950000000001,4.499658119658115,216
2015-05-15,CA_1,CA,HOUSEHOLD,Friday,7,5,2015,NA,NA,NA,NA,0,0,0,897,3826.0099999999957,4.910529065969956,412
2015-05-16,CA_1,CA,FOODS,Saturday,1,5,2015,NA,NA,NA,NA,0,0,1,3628,9487.619999999957,2.762252422595102,826
2015-05-16,CA_1,CA,HOBBIES,Saturday,1,5,2015,NA,NA,NA,NA,0,0,1,673,2500.0899999999983,4.36970089730809,234
2015-05-16,CA_1,CA,HOUSEHOLD,Saturday,1,5,2015,NA,NA,NA,NA,0,0,1,1288,5605.809999999996,4.7934918032786715,504
2015-05-17,CA_1,CA,FOODS,Sunday,2,5,2015,NA,NA,NA,NA,0,0,1,3722,10148.58999999996,2.8507713690062295,834
2015-05-17,CA_1,CA,HOBBIES,Sunday,2,5,2015,NA,NA,NA,NA,0,0,1,582,2595.3399999999992,4.871387665198256,238
2015-05-17,CA_1,CA,HOUSEHOLD,Sunday,2,5,2015,NA,NA,NA,NA,0,0,1,1264,5201.9500000000035,4.61965648854961,476
2015-05-18,CA_1,CA,FOODS,Monday,3,5,2015,NA,NA,NA,NA,0,0,0,2746,7336.239999999981,2.8588840579709847,725
2015-05-18,CA_1,CA,HOBBIES,Monday,3,5,2015,NA,NA,NA,NA,0,0,0,481,2439.719999999999,5.183622327790988,203
2015-05-18,CA_1,CA,HOUSEHOLD,Monday,3,5,2015,NA,NA,NA,NA,0,0,0,958,3977.489999999998,4.806236825790452,391
2015-05-19,CA_1,CA,FOODS,Tuesday,4,5,2015,NA,NA,NA,NA,0,0,0,2346,6366.239999999989,2.9178562134026995,701
2015-05-19,CA_1,CA,HOBBIES,Tuesday,4,5,2015,NA,NA,NA,NA,0,0,0,519,2128.8099999999995,4.662667410714276,187
2015-05-19,CA_1,CA,HOUSEHOLD,Tuesday,4,5,2015,NA,NA,NA,NA,0,0,0,711,2819.1999999999985,4.885964539007091,347
2015-05-20,CA_1,CA,FOODS,Wednesday,5,5,2015,NA,NA,NA,NA,0,0,0,2230,5945.359999999989,2.899503522307916,678
2015-05-20,CA_1,CA,HOBBIES,Wednesday,5,5,2015,NA,NA,NA,NA,0,0,0,568,2181.489999999999,4.49620253164557,184
2015-05-20,CA_1,CA,HOUSEHOLD,Wednesday,5,5,2015,NA,NA,NA,NA,0,0,0,782,3139.829999999999,4.868874309392262,380
2015-05-21,CA_1,CA,FOODS,Thursday,6,5,2015,NA,NA,NA,NA,0,0,0,2396,6376.429999999992,2.89690734824278,695
2015-05-21,CA_1,CA,HOBBIES,Thursday,6,5,2015,NA,NA,NA,NA,0,0,0,464,1771.660000000003,4.705288461538444,196
2015-05-21,CA_1,CA,HOUSEHOLD,Thursday,6,5,2015,NA,NA,NA,NA,0,0,0,775,3033.2499999999973,4.847079521463753,400
2015-05-22,CA_1,CA,FOODS,Friday,7,5,2015,NA,NA,NA,NA,0,0,0,3110,8264.599999999979,2.8330361894624514,781
2015-05-22,CA_1,CA,HOBBIES,Friday,7,5,2015,NA,NA,NA,NA,0,0,0,564,2435.6899999999987,4.754783080260316,206
2015-05-22,CA_1,CA,HOUSEHOLD,Friday,7,5,2015,NA,NA,NA,NA,0,0,0,904,3692.109999999998,4.827280471821753,424
2015-05-23,CA_1,CA,FOODS,Saturday,1,5,2015,NA,NA,NA,NA,0,0,1,3493,9120.77999999997,2.775087591240847,812
2015-05-23,CA_1,CA,HOBBIES,Saturday,1,5,2015,NA,NA,NA,NA,0,0,1,686,2864.9500000000003,4.665219512195145,225
2015-05-23,CA_1,CA,HOUSEHOLD,Saturday,1,5,2015,NA,NA,NA,NA,0,0,1,1236,4874.699999999994,4.555227021040975,476
2015-05-24,CA_1,CA,FOODS,Sunday,2,5,2015,NA,NA,NA,NA,0,0,1,3498,9201.09999999997,2.7760611947547065,809
2015-05-24,CA_1,CA,HOBBIES,Sunday,2,5,2015,NA,NA,NA,NA,0,0,1,678,3157.18,4.8405241935484105,250
2015-05-24,CA_1,CA,HOUSEHOLD,Sunday,2,5,2015,NA,NA,NA,NA,0,0,1,1236,5138.140000000006,4.746588759042838,485
2015-05-25,CA_1,CA,FOODS,Monday,3,5,2015,MemorialDay,National,NA,NA,0,1,0,3306,9152.279999999984,2.9132644836271777,765
2015-05-25,CA_1,CA,HOBBIES,Monday,3,5,2015,MemorialDay,National,NA,NA,0,1,0,461,2073.780000000003,4.9204999999999846,205
2015-05-25,CA_1,CA,HOUSEHOLD,Monday,3,5,2015,MemorialDay,National,NA,NA,0,1,0,1092,4358.779999999998,4.669488669378267,417
2015-05-26,CA_1,CA,FOODS,Tuesday,4,5,2015,NA,NA,NA,NA,0,0,0,2356,6399.9999999999845,2.9248220698661096,722
2015-05-26,CA_1,CA,HOBBIES,Tuesday,4,5,2015,NA,NA,NA,NA,0,0,0,467,1887.1200000000033,4.675613825983295,192
2015-05-26,CA_1,CA,HOUSEHOLD,Tuesday,4,5,2015,NA,NA,NA,NA,0,0,0,786,3314.5599999999995,4.9213324175824145,376
2015-05-27,CA_1,CA,FOODS,Wednesday,5,5,2015,NA,NA,NA,NA,0,0,0,2370,6181.399999999992,2.8540096930532806,704
2015-05-27,CA_1,CA,HOBBIES,Wednesday,5,5,2015,NA,NA,NA,NA,0,0,0,564,2134.46,4.421545842217472,190
2015-05-27,CA_1,CA,HOUSEHOLD,Wednesday,5,5,2015,NA,NA,NA,NA,0,0,0,788,3177.8499999999976,4.863195515066569,407
2015-05-28,CA_1,CA,FOODS,Thursday,6,5,2015,NA,NA,NA,NA,0,0,0,2209,5477.559999999996,2.7796718017414266,652
2015-05-28,CA_1,CA,HOBBIES,Thursday,6,5,2015,NA,NA,NA,NA,0,0,0,453,1719.4500000000016,4.647429245283001,169
2015-05-28,CA_1,CA,HOUSEHOLD,Thursday,6,5,2015,NA,NA,NA,NA,0,0,0,719,2887.4399999999996,4.893031609195395,373
2015-05-29,CA_1,CA,FOODS,Friday,7,5,2015,NA,NA,NA,NA,0,0,0,2475,6262.229999999988,2.7845451713395324,694
2015-05-29,CA_1,CA,HOBBIES,Friday,7,5,2015,NA,NA,NA,NA,0,0,0,457,2197.1999999999994,5.089389499389487,202
2015-05-29,CA_1,CA,HOUSEHOLD,Friday,7,5,2015,NA,NA,NA,NA,0,0,0,871,3520.129999999998,4.8414085447262964,419
2015-05-30,CA_1,CA,FOODS,Saturday,1,5,2015,NA,NA,NA,NA,0,0,1,3542,8936.399999999967,2.7039760191846263,801
2015-05-30,CA_1,CA,HOBBIES,Saturday,1,5,2015,NA,NA,NA,NA,0,0,1,610,2651.4600000000014,4.727395397489567,218
2015-05-30,CA_1,CA,HOUSEHOLD,Saturday,1,5,2015,NA,NA,NA,NA,0,0,1,1190,4978.799999999995,4.757101033295054,494
2015-05-31,CA_1,CA,FOODS,Sunday,2,5,2015,NA,NA,NA,NA,0,0,1,3824,9804.549999999945,2.7123825654922977,825
2015-05-31,CA_1,CA,HOBBIES,Sunday,2,5,2015,NA,NA,NA,NA,0,0,1,717,3030.88,4.575462345090587,232
2015-05-31,CA_1,CA,HOUSEHOLD,Sunday,2,5,2015,NA,NA,NA,NA,0,0,1,1439,5677.89,4.489758915118017,494
2015-06-01,CA_1,CA,FOODS,Monday,3,6,2015,NA,NA,NA,NA,1,0,0,3125,8060.20999999998,2.764107894736811,754
2015-06-01,CA_1,CA,HOBBIES,Monday,3,6,2015,NA,NA,NA,NA,1,0,0,528,2305.7799999999993,4.8649546485260835,210
2015-06-01,CA_1,CA,HOUSEHOLD,Monday,3,6,2015,NA,NA,NA,NA,1,0,0,1049,3986.4099999999953,4.634277035236933,449
2015-06-02,CA_1,CA,FOODS,Tuesday,4,6,2015,NA,NA,NA,NA,1,0,0,2803,7044.819999999983,2.746998861047804,720
2015-06-02,CA_1,CA,HOBBIES,Tuesday,4,6,2015,NA,NA,NA,NA,1,0,0,585,1943.5900000000017,4.167918834547332,188
2015-06-02,CA_1,CA,HOUSEHOLD,Tuesday,4,6,2015,NA,NA,NA,NA,1,0,0,894,3482.249999999997,4.69483622350674,383
2015-06-03,CA_1,CA,FOODS,Wednesday,5,6,2015,NA,NA,NA,NA,1,0,0,2657,6809.48999999998,2.7888341204249936,698
2015-06-03,CA_1,CA,HOBBIES,Wednesday,5,6,2015,NA,NA,NA,NA,1,0,0,428,1895.530000000003,4.900259579728036,183
2015-06-03,CA_1,CA,HOUSEHOLD,Wednesday,5,6,2015,NA,NA,NA,NA,1,0,0,922,3774.4299999999957,4.830664087685363,417
2015-06-04,CA_1,CA,FOODS,Thursday,6,6,2015,NBAFinalsStart,Sporting,NA,NA,1,1,0,2570,6535.639999999976,2.805502262443405,684
2015-06-04,CA_1,CA,HOBBIES,Thursday,6,6,2015,NBAFinalsStart,Sporting,NA,NA,1,1,0,414,2076.4100000000017,5.239712499999992,178
2015-06-04,CA_1,CA,HOUSEHOLD,Thursday,6,6,2015,NBAFinalsStart,Sporting,NA,NA,1,1,0,834,3270.829999999998,4.799959294436903,406
2015-06-05,CA_1,CA,FOODS,Friday,7,6,2015,NA,NA,NA,NA,1,0,0,3221,8085.679999999967,2.7120360360360025,765
2015-06-05,CA_1,CA,HOBBIES,Friday,7,6,2015,NA,NA,NA,NA,1,0,0,505,2103.220000000001,4.78845086705201,204
2015-06-05,CA_1,CA,HOUSEHOLD,Friday,7,6,2015,NA,NA,NA,NA,1,0,0,920,3769.3899999999985,4.831515544041444,422
2015-06-06,CA_1,CA,FOODS,Saturday,1,6,2015,NA,NA,NA,NA,1,0,1,3748,9565.07999999996,2.719801369862986,797
2015-06-06,CA_1,CA,HOBBIES,Saturday,1,6,2015,NA,NA,NA,NA,1,0,1,665,2597.7499999999995,4.475418326693253,225
2015-06-06,CA_1,CA,HOUSEHOLD,Saturday,1,6,2015,NA,NA,NA,NA,1,0,1,1297,5134.079999999996,4.563760822510818,495
2015-06-07,CA_1,CA,FOODS,Sunday,2,6,2015,NA,NA,NA,NA,1,0,1,3932,10227.489999999954,2.752182096738865,792
2015-06-07,CA_1,CA,HOBBIES,Sunday,2,6,2015,NA,NA,NA,NA,1,0,1,577,2629.1499999999987,4.924749199573131,204
2015-06-07,CA_1,CA,HOUSEHOLD,Sunday,2,6,2015,NA,NA,NA,NA,1,0,1,1317,5408.819999999996,4.621657810839521,481
2015-06-08,CA_1,CA,FOODS,Monday,3,6,2015,NA,NA,NA,NA,1,0,0,3149,7917.069999999979,2.7220890856993756,739
2015-06-08,CA_1,CA,HOBBIES,Monday,3,6,2015,NA,NA,NA,NA,1,0,0,408,1864.550000000002,5.019405063291122,182
2015-06-08,CA_1,CA,HOUSEHOLD,Monday,3,6,2015,NA,NA,NA,NA,1,0,0,918,3717.509999999999,4.763813179782469,401
2015-06-09,CA_1,CA,FOODS,Tuesday,4,6,2015,NA,NA,NA,NA,1,0,0,2924,7537.209999999975,2.7881979977752755,757
2015-06-09,CA_1,CA,HOBBIES,Tuesday,4,6,2015,NA,NA,NA,NA,1,0,0,380,1779.0800000000015,5.142892670157048,180
2015-06-09,CA_1,CA,HOUSEHOLD,Tuesday,4,6,2015,NA,NA,NA,NA,1,0,0,841,3193.2299999999964,4.7130743691899015,381
2015-06-10,CA_1,CA,FOODS,Wednesday,5,6,2015,NA,NA,NA,NA,1,0,0,2883,7358.049999999988,2.7704592262732772,719
2015-06-10,CA_1,CA,HOBBIES,Wednesday,5,6,2015,NA,NA,NA,NA,1,0,0,521,2146.2299999999996,4.767511160714287,189
2015-06-10,CA_1,CA,HOUSEHOLD,Wednesday,5,6,2015,NA,NA,NA,NA,1,0,0,806,3404.6599999999953,4.935864920744311,401
2015-06-11,CA_1,CA,FOODS,Thursday,6,6,2015,NA,NA,NA,NA,0,0,0,2619,6614.289999999994,2.772166118912427,701
2015-06-11,CA_1,CA,HOBBIES,Thursday,6,6,2015,NA,NA,NA,NA,0,0,0,407,1621.420000000002,4.804126394052027,164
2015-06-11,CA_1,CA,HOUSEHOLD,Thursday,6,6,2015,NA,NA,NA,NA,0,0,0,818,3151.2799999999975,4.769939475453929,377
2015-06-12,CA_1,CA,FOODS,Friday,7,6,2015,NA,NA,NA,NA,0,0,0,3148,7940.219999999977,2.737748895243012,730
2015-06-12,CA_1,CA,HOBBIES,Friday,7,6,2015,NA,NA,NA,NA,0,0,0,496,1915.360000000002,4.5785340909090735,180
2015-06-12,CA_1,CA,HOUSEHOLD,Friday,7,6,2015,NA,NA,NA,NA,0,0,0,961,3818.1499999999965,4.735883482714466,445
2015-06-13,CA_1,CA,FOODS,Saturday,1,6,2015,NA,NA,NA,NA,0,0,1,3725,9653.649999999961,2.750789896670466,799
2015-06-13,CA_1,CA,HOBBIES,Saturday,1,6,2015,NA,NA,NA,NA,0,0,1,585,2471.110000000001,4.671787234042568,209
2015-06-13,CA_1,CA,HOUSEHOLD,Saturday,1,6,2015,NA,NA,NA,NA,0,0,1,1185,4634.639999999998,4.557831733483908,460
2015-06-14,CA_1,CA,FOODS,Sunday,2,6,2015,NA,NA,NA,NA,0,0,1,3952,10213.599999999955,2.7137505528526953,859
2015-06-14,CA_1,CA,HOBBIES,Sunday,2,6,2015,NA,NA,NA,NA,0,0,1,532,2458.459999999999,4.930403587443966,204
2015-06-14,CA_1,CA,HOUSEHOLD,Sunday,2,6,2015,NA,NA,NA,NA,0,0,1,1360,5283.379999999996,4.504465668559621,469
2015-06-15,CA_1,CA,FOODS,Monday,3,6,2015,NA,NA,NA,NA,0,0,0,3048,7824.849999999984,2.7782311827956683,757
2015-06-15,CA_1,CA,HOBBIES,Monday,3,6,2015,NA,NA,NA,NA,0,0,0,473,1733.4000000000017,4.636279069767423,177
2015-06-15,CA_1,CA,HOUSEHOLD,Monday,3,6,2015,NA,NA,NA,NA,0,0,0,933,3664.649999999999,4.765212698412696,404
2015-06-16,CA_1,CA,FOODS,Tuesday,4,6,2015,NBAFinalsEnd,Sporting,NA,NA,0,1,0,2490,6563.139999999982,2.8623235747303224,674
2015-06-16,CA_1,CA,HOBBIES,Tuesday,4,6,2015,NBAFinalsEnd,Sporting,NA,NA,0,1,0,409,1954.3700000000026,5.123165195460261,180
2015-06-16,CA_1,CA,HOUSEHOLD,Tuesday,4,6,2015,NBAFinalsEnd,Sporting,NA,NA,0,1,0,893,3885.889999999996,4.925308310991958,447
2015-06-17,CA_1,CA,FOODS,Wednesday,5,6,2015,NA,NA,NA,NA,0,0,0,2566,6335.129999999989,2.7411327057394175,702
2015-06-17,CA_1,CA,HOBBIES,Wednesday,5,6,2015,NA,NA,NA,NA,0,0,0,516,2118.820000000002,4.634580067189242,187
2015-06-17,CA_1,CA,HOUSEHOLD,Wednesday,5,6,2015,NA,NA,NA,NA,0,0,0,820,3425.339999999996,4.916886920980923,398
2015-06-18,CA_1,CA,FOODS,Thursday,6,6,2015,Ramadan starts,Religious,NA,NA,0,1,0,2592,6698.839999999988,2.8091043872919528,716
2015-06-18,CA_1,CA,HOBBIES,Thursday,6,6,2015,Ramadan starts,Religious,NA,NA,0,1,0,468,1923.8300000000022,4.698093567251447,177
2015-06-18,CA_1,CA,HOUSEHOLD,Thursday,6,6,2015,Ramadan starts,Religious,NA,NA,0,1,0,958,4032.629999999996,4.8491762452107245,438
2015-06-19,CA_1,CA,FOODS,Friday,7,6,2015,NA,NA,NA,NA,0,0,0,3170,7938.459999999965,2.7129175311202998,743
2015-06-19,CA_1,CA,HOBBIES,Friday,7,6,2015,NA,NA,NA,NA,0,0,0,543,2498.33,4.940513392857158,211
2015-06-19,CA_1,CA,HOUSEHOLD,Friday,7,6,2015,NA,NA,NA,NA,0,0,0,1067,4475.39,4.789294403892942,469
2015-06-20,CA_1,CA,FOODS,Saturday,1,6,2015,NA,NA,NA,NA,0,0,1,3652,9387.139999999958,2.734981264636975,811
2015-06-20,CA_1,CA,HOBBIES,Saturday,1,6,2015,NA,NA,NA,NA,0,0,1,613,2370.4300000000007,4.493412616339199,210
2015-06-20,CA_1,CA,HOUSEHOLD,Saturday,1,6,2015,NA,NA,NA,NA,0,0,1,1241,4856.229999999998,4.589550748752072,484
2015-06-21,CA_1,CA,FOODS,Sunday,2,6,2015,Father's day,Cultural,NA,NA,0,1,1,3342,8435.769999999966,2.7060004971414076,748
2015-06-21,CA_1,CA,HOBBIES,Sunday,2,6,2015,Father's day,Cultural,NA,NA,0,1,1,499,2073.160000000002,4.7873616018845535,214
2015-06-21,CA_1,CA,HOUSEHOLD,Sunday,2,6,2015,Father's day,Cultural,NA,NA,0,1,1,1040,4307.159999999997,4.779068360556561,433
2015-06-22,CA_1,CA,FOODS,Monday,3,6,2015,NA,NA,NA,NA,0,0,0,2863,7139.909999999978,2.724880247957141,743
2015-06-22,CA_1,CA,HOBBIES,Monday,3,6,2015,NA,NA,NA,NA,0,0,0,490,2175.7599999999993,4.915612602100349,197
2015-06-22,CA_1,CA,HOUSEHOLD,Monday,3,6,2015,NA,NA,NA,NA,0,0,0,910,3664.5599999999986,4.818311688311684,416
2015-06-23,CA_1,CA,FOODS,Tuesday,4,6,2015,NA,NA,NA,NA,0,0,0,2893,6967.139999999981,2.6695587010824027,719
2015-06-23,CA_1,CA,HOBBIES,Tuesday,4,6,2015,NA,NA,NA,NA,0,0,0,480,2113.4900000000007,4.873932322053667,187
2015-06-23,CA_1,CA,HOUSEHOLD,Tuesday,4,6,2015,NA,NA,NA,NA,0,0,0,886,3491.149999999998,4.7863784135240515,394
2015-06-24,CA_1,CA,FOODS,Wednesday,5,6,2015,NA,NA,NA,NA,0,0,0,2456,6055.979999999989,2.735868338557963,695
2015-06-24,CA_1,CA,HOBBIES,Wednesday,5,6,2015,NA,NA,NA,NA,0,0,0,511,2045.8100000000024,4.609510567296986,176
2015-06-24,CA_1,CA,HOUSEHOLD,Wednesday,5,6,2015,NA,NA,NA,NA,0,0,0,884,3492.379999999997,4.720532894736838,410
2015-06-25,CA_1,CA,FOODS,Thursday,6,6,2015,NA,NA,NA,NA,0,0,0,2653,6616.929999999977,2.7435697399526897,698
2015-06-25,CA_1,CA,HOBBIES,Thursday,6,6,2015,NA,NA,NA,NA,0,0,0,471,1952.8100000000036,4.774416961130726,186
2015-06-25,CA_1,CA,HOUSEHOLD,Thursday,6,6,2015,NA,NA,NA,NA,0,0,0,738,2840.3100000000018,4.84949235048678,346
2015-06-26,CA_1,CA,FOODS,Friday,7,6,2015,NA,NA,NA,NA,0,0,0,2776,7087.369999999974,2.763565443513406,744
2015-06-26,CA_1,CA,HOBBIES,Friday,7,6,2015,NA,NA,NA,NA,0,0,0,552,2205.779999999999,4.562183020948168,209
2015-06-26,CA_1,CA,HOUSEHOLD,Friday,7,6,2015,NA,NA,NA,NA,0,0,0,1025,4061.759999999998,4.707807715860375,438
2015-06-27,CA_1,CA,FOODS,Saturday,1,6,2015,NA,NA,NA,NA,0,0,1,3487,8821.159999999965,2.7031418918918644,772
2015-06-27,CA_1,CA,HOBBIES,Saturday,1,6,2015,NA,NA,NA,NA,0,0,1,603,2214.5699999999993,4.4564895833333384,207
2015-06-27,CA_1,CA,HOUSEHOLD,Saturday,1,6,2015,NA,NA,NA,NA,0,0,1,1238,4969.559999999992,4.6347804335742,485
2015-06-28,CA_1,CA,FOODS,Sunday,2,6,2015,NA,NA,NA,NA,0,0,1,3661,9214.929999999962,2.6838847583642855,786
2015-06-28,CA_1,CA,HOBBIES,Sunday,2,6,2015,NA,NA,NA,NA,0,0,1,684,2802.6299999999987,4.537234664070131,221
2015-06-28,CA_1,CA,HOUSEHOLD,Sunday,2,6,2015,NA,NA,NA,NA,0,0,1,1431,5677.689999999999,4.524855549923959,504
2015-06-29,CA_1,CA,FOODS,Monday,3,6,2015,NA,NA,NA,NA,0,0,0,2426,6222.279999999985,2.828084772370456,670
2015-06-29,CA_1,CA,HOBBIES,Monday,3,6,2015,NA,NA,NA,NA,0,0,0,558,2646.940000000001,5.020876623376652,198
2015-06-29,CA_1,CA,HOUSEHOLD,Monday,3,6,2015,NA,NA,NA,NA,0,0,0,935,3779.8000000000006,4.7989443742098565,399
2015-06-30,CA_1,CA,FOODS,Tuesday,4,6,2015,NA,NA,NA,NA,0,0,0,2615,6566.749999999985,2.75013963161019,678
2015-06-30,CA_1,CA,HOBBIES,Tuesday,4,6,2015,NA,NA,NA,NA,0,0,0,481,1669.4900000000025,4.452714617169357,183
2015-06-30,CA_1,CA,HOUSEHOLD,Tuesday,4,6,2015,NA,NA,NA,NA,0,0,0,922,3533.2399999999952,4.711876196553922,401
2015-07-01,CA_1,CA,FOODS,Wednesday,5,7,2015,NA,NA,NA,NA,1,0,0,2920,7174.169999999978,2.6915327868852157,689
2015-07-01,CA_1,CA,HOBBIES,Wednesday,5,7,2015,NA,NA,NA,NA,1,0,0,692,2240.0800000000013,3.978676748582228,198
2015-07-01,CA_1,CA,HOUSEHOLD,Wednesday,5,7,2015,NA,NA,NA,NA,1,0,0,938,3643.6399999999985,4.719470663265302,416
2015-07-02,CA_1,CA,FOODS,Thursday,6,7,2015,NA,NA,NA,NA,1,0,0,3265,8465.239999999952,2.7720290964777656,776
2015-07-02,CA_1,CA,HOBBIES,Thursday,6,7,2015,NA,NA,NA,NA,1,0,0,596,2495.1800000000007,4.533105263157898,210
2015-07-02,CA_1,CA,HOUSEHOLD,Thursday,6,7,2015,NA,NA,NA,NA,1,0,0,1028,4125.619999999994,4.695321888412012,443
2015-07-03,CA_1,CA,FOODS,Friday,7,7,2015,NA,NA,NA,NA,1,0,0,4224,10525.35999999996,2.6469222861841852,789
2015-07-03,CA_1,CA,HOBBIES,Friday,7,7,2015,NA,NA,NA,NA,1,0,0,818,3250.930000000001,4.39833916083918,238
2015-07-03,CA_1,CA,HOUSEHOLD,Friday,7,7,2015,NA,NA,NA,NA,1,0,0,1327,5408.160000000003,4.587109795478998,515
2015-07-04,CA_1,CA,FOODS,Saturday,1,7,2015,IndependenceDay,National,NA,NA,1,1,1,3071,7706.089999999978,2.72757883763354,663
2015-07-04,CA_1,CA,HOBBIES,Saturday,1,7,2015,IndependenceDay,National,NA,NA,1,1,1,476,1932.2200000000034,4.688009422850396,191
2015-07-04,CA_1,CA,HOUSEHOLD,Saturday,1,7,2015,IndependenceDay,National,NA,NA,1,1,1,887,3617.6699999999973,4.794452365521706,390
2015-07-05,CA_1,CA,FOODS,Sunday,2,7,2015,NA,NA,NA,NA,1,0,1,3395,8747.359999999953,2.7593117908238485,770
2015-07-05,CA_1,CA,HOBBIES,Sunday,2,7,2015,NA,NA,NA,NA,1,0,1,514,2513.4699999999975,5.053105446118206,215
2015-07-05,CA_1,CA,HOUSEHOLD,Sunday,2,7,2015,NA,NA,NA,NA,1,0,1,1233,4794.099999999994,4.5316776315789395,455
2015-07-06,CA_1,CA,FOODS,Monday,3,7,2015,NA,NA,NA,NA,1,0,0,3290,8737.90999999995,2.8143125317097613,777
2015-07-06,CA_1,CA,HOBBIES,Monday,3,7,2015,NA,NA,NA,NA,1,0,0,548,2050.270000000003,4.488168103448267,184
2015-07-06,CA_1,CA,HOUSEHOLD,Monday,3,7,2015,NA,NA,NA,NA,1,0,0,1077,4197.56,4.610722320899939,434
2015-07-07,CA_1,CA,FOODS,Tuesday,4,7,2015,NA,NA,NA,NA,1,0,0,2991,7621.319999999976,2.7535956873315066,710
2015-07-07,CA_1,CA,HOBBIES,Tuesday,4,7,2015,NA,NA,NA,NA,1,0,0,535,2433.469999999999,4.846714761376262,198
2015-07-07,CA_1,CA,HOUSEHOLD,Tuesday,4,7,2015,NA,NA,NA,NA,1,0,0,884,3748.8099999999963,4.95380794701986,420
2015-07-08,CA_1,CA,FOODS,Wednesday,5,7,2015,NA,NA,NA,NA,1,0,0,2649,7083.229999999975,2.883465639810394,702
2015-07-08,CA_1,CA,HOBBIES,Wednesday,5,7,2015,NA,NA,NA,NA,1,0,0,533,2361.8399999999992,4.825797752808996,207
2015-07-08,CA_1,CA,HOUSEHOLD,Wednesday,5,7,2015,NA,NA,NA,NA,1,0,0,848,3602.109999999999,4.953275284661752,401
2015-07-09,CA_1,CA,FOODS,Thursday,6,7,2015,NA,NA,NA,NA,1,0,0,2804,7325.899999999974,2.812536848072534,705
2015-07-09,CA_1,CA,HOBBIES,Thursday,6,7,2015,NA,NA,NA,NA,1,0,0,526,1814.6800000000032,4.372922573609581,173
2015-07-09,CA_1,CA,HOUSEHOLD,Thursday,6,7,2015,NA,NA,NA,NA,1,0,0,890,3606.4999999999973,4.7801891715590275,403
2015-07-10,CA_1,CA,FOODS,Friday,7,7,2015,NA,NA,NA,NA,1,0,0,3394,8883.419999999967,2.772683706070263,754
2015-07-10,CA_1,CA,HOBBIES,Friday,7,7,2015,NA,NA,NA,NA,1,0,0,657,2407.739999999998,4.354950787401594,205
2015-07-10,CA_1,CA,HOUSEHOLD,Friday,7,7,2015,NA,NA,NA,NA,1,0,0,1081,4468.8499999999995,4.743942652329741,453
2015-07-11,CA_1,CA,FOODS,Saturday,1,7,2015,NA,NA,NA,NA,0,0,1,3736,10030.469999999961,2.8082960766423093,781
2015-07-11,CA_1,CA,HOBBIES,Saturday,1,7,2015,NA,NA,NA,NA,0,0,1,653,2608.0000000000005,4.550635721493464,227
2015-07-11,CA_1,CA,HOUSEHOLD,Saturday,1,7,2015,NA,NA,NA,NA,0,0,1,1242,5119.769999999999,4.719722530521632,486
2015-07-12,CA_1,CA,FOODS,Sunday,2,7,2015,NA,NA,NA,NA,0,0,1,3772,9881.01999999995,2.7580862656072362,796
2015-07-12,CA_1,CA,HOBBIES,Sunday,2,7,2015,NA,NA,NA,NA,0,0,1,688,2725.8599999999988,4.433750000000026,229
2015-07-12,CA_1,CA,HOUSEHOLD,Sunday,2,7,2015,NA,NA,NA,NA,0,0,1,1459,5719.309999999993,4.4890099999999835,505
2015-07-13,CA_1,CA,FOODS,Monday,3,7,2015,NA,NA,NA,NA,0,0,0,2827,7555.119999999972,2.8544848140788766,733
2015-07-13,CA_1,CA,HOBBIES,Monday,3,7,2015,NA,NA,NA,NA,0,0,0,538,2237.02,4.6018392070484495,195
2015-07-13,CA_1,CA,HOUSEHOLD,Monday,3,7,2015,NA,NA,NA,NA,0,0,0,1059,4301.969999999994,4.773594306049817,419
2015-07-14,CA_1,CA,FOODS,Tuesday,4,7,2015,NA,NA,NA,NA,0,0,0,2515,6675.389999999976,2.8545440494590104,709
2015-07-14,CA_1,CA,HOBBIES,Tuesday,4,7,2015,NA,NA,NA,NA,0,0,0,417,1676.8200000000022,4.69812499999998,182
2015-07-14,CA_1,CA,HOUSEHOLD,Tuesday,4,7,2015,NA,NA,NA,NA,0,0,0,873,3353.749999999998,4.720032216494841,367
2015-07-15,CA_1,CA,FOODS,Wednesday,5,7,2015,NA,NA,NA,NA,0,0,0,2534,6548.829999999971,2.8012152133580392,729
2015-07-15,CA_1,CA,HOBBIES,Wednesday,5,7,2015,NA,NA,NA,NA,0,0,0,523,2261.849999999999,4.800056306306309,200
2015-07-15,CA_1,CA,HOUSEHOLD,Wednesday,5,7,2015,NA,NA,NA,NA,0,0,0,914,3594.319999999999,4.7436673089274235,403
2015-07-16,CA_1,CA,FOODS,Thursday,6,7,2015,NA,NA,NA,NA,0,0,0,2672,6581.789999999981,2.7263679106670273,698
2015-07-16,CA_1,CA,HOBBIES,Thursday,6,7,2015,NA,NA,NA,NA,0,0,0,525,2132.5299999999993,4.642596259625962,181
2015-07-16,CA_1,CA,HOUSEHOLD,Thursday,6,7,2015,NA,NA,NA,NA,0,0,0,900,3427.749999999999,4.663063357282812,415
2015-07-17,CA_1,CA,FOODS,Friday,7,7,2015,NA,NA,NA,NA,0,0,0,2996,7567.739999999972,2.749722446779816,714
2015-07-17,CA_1,CA,HOBBIES,Friday,7,7,2015,NA,NA,NA,NA,0,0,0,565,2732.7800000000007,5.035181518151846,221
2015-07-17,CA_1,CA,HOUSEHOLD,Friday,7,7,2015,NA,NA,NA,NA,0,0,0,1037,4117.139999999996,4.674133906633903,455
2015-07-18,CA_1,CA,FOODS,Saturday,1,7,2015,Eid al-Fitr,Religious,NA,NA,0,1,1,3190,8070.889999999969,2.701037056098793,734
2015-07-18,CA_1,CA,HOBBIES,Saturday,1,7,2015,Eid al-Fitr,Religious,NA,NA,0,1,1,703,2630.6299999999987,4.340105871029859,229
2015-07-18,CA_1,CA,HOUSEHOLD,Saturday,1,7,2015,Eid al-Fitr,Religious,NA,NA,0,1,1,1240,4951.279999999999,4.561228650137735,471
2015-07-19,CA_1,CA,FOODS,Sunday,2,7,2015,NA,NA,NA,NA,0,0,1,3453,8812.429999999971,2.7269913001449693,745
2015-07-19,CA_1,CA,HOBBIES,Sunday,2,7,2015,NA,NA,NA,NA,0,0,1,740,2457.95,3.9928415300546583,207
2015-07-19,CA_1,CA,HOUSEHOLD,Sunday,2,7,2015,NA,NA,NA,NA,0,0,1,1462,5748.599999999993,4.5034148776834595,505
2015-07-20,CA_1,CA,FOODS,Monday,3,7,2015,NA,NA,NA,NA,0,0,0,2877,7259.109999999973,2.7319576719576437,716
2015-07-20,CA_1,CA,HOBBIES,Monday,3,7,2015,NA,NA,NA,NA,0,0,0,492,2162.9400000000023,4.805126146788984,185
2015-07-20,CA_1,CA,HOUSEHOLD,Monday,3,7,2015,NA,NA,NA,NA,0,0,0,1020,4019.3799999999947,4.68423812461443,445
2015-07-21,CA_1,CA,FOODS,Tuesday,4,7,2015,NA,NA,NA,NA,0,0,0,2528,6450.46999999998,2.7919361702127294,668
2015-07-21,CA_1,CA,HOBBIES,Tuesday,4,7,2015,NA,NA,NA,NA,0,0,0,425,2106.0899999999997,5.161225247524743,182
2015-07-21,CA_1,CA,HOUSEHOLD,Tuesday,4,7,2015,NA,NA,NA,NA,0,0,0,843,3517.379999999997,4.901183591123062,402
2015-07-22,CA_1,CA,FOODS,Wednesday,5,7,2015,NA,NA,NA,NA,0,0,0,2607,6485.339999999986,2.7414885954381445,705
2015-07-22,CA_1,CA,HOBBIES,Wednesday,5,7,2015,NA,NA,NA,NA,0,0,0,634,2301.6800000000017,4.237052423343228,188
2015-07-22,CA_1,CA,HOUSEHOLD,Wednesday,5,7,2015,NA,NA,NA,NA,0,0,0,865,3394.6399999999962,4.802006578947365,391
2015-07-23,CA_1,CA,FOODS,Thursday,6,7,2015,NA,NA,NA,NA,0,0,0,2364,6141.339999999987,2.8340866773675435,679
2015-07-23,CA_1,CA,HOBBIES,Thursday,6,7,2015,NA,NA,NA,NA,0,0,0,503,2013.240000000002,4.633652073732706,200
2015-07-23,CA_1,CA,HOUSEHOLD,Thursday,6,7,2015,NA,NA,NA,NA,0,0,0,976,3771.059999999998,4.648354350567463,436
2015-07-24,CA_1,CA,FOODS,Friday,7,7,2015,NA,NA,NA,NA,0,0,0,2838,7152.799999999975,2.74180410920346,715
2015-07-24,CA_1,CA,HOBBIES,Friday,7,7,2015,NA,NA,NA,NA,0,0,0,552,2336.1599999999985,4.74551422319476,203
2015-07-24,CA_1,CA,HOUSEHOLD,Friday,7,7,2015,NA,NA,NA,NA,0,0,0,1001,3985.669999999995,4.71820979899497,455
2015-07-25,CA_1,CA,FOODS,Saturday,1,7,2015,NA,NA,NA,NA,0,0,1,2986,7807.769999999974,2.804153804494963,723
2015-07-25,CA_1,CA,HOBBIES,Saturday,1,7,2015,NA,NA,NA,NA,0,0,1,552,2451.460000000002,4.748282608695671,197
2015-07-25,CA_1,CA,HOUSEHOLD,Saturday,1,7,2015,NA,NA,NA,NA,0,0,1,1073,4428.0499999999975,4.728814681107094,457
2015-07-26,CA_1,CA,FOODS,Sunday,2,7,2015,NA,NA,NA,NA,0,0,1,3413,8554.26999999996,2.6851504035216136,754
2015-07-26,CA_1,CA,HOBBIES,Sunday,2,7,2015,NA,NA,NA,NA,0,0,1,526,2143.8399999999997,4.732477578475335,199
2015-07-26,CA_1,CA,HOUSEHOLD,Sunday,2,7,2015,NA,NA,NA,NA,0,0,1,1315,5144.359999999995,4.512858660998928,479
2015-07-27,CA_1,CA,FOODS,Monday,3,7,2015,NA,NA,NA,NA,0,0,0,3020,7401.279999999984,2.6792491284526387,721
2015-07-27,CA_1,CA,HOBBIES,Monday,3,7,2015,NA,NA,NA,NA,0,0,0,579,2409.999999999999,4.590720338983064,200
2015-07-27,CA_1,CA,HOUSEHOLD,Monday,3,7,2015,NA,NA,NA,NA,0,0,0,1140,4696.419999999994,4.716120789779321,464
2015-07-28,CA_1,CA,FOODS,Tuesday,4,7,2015,NA,NA,NA,NA,0,0,0,2515,6153.91999999999,2.7201985945615297,672
2015-07-28,CA_1,CA,HOBBIES,Tuesday,4,7,2015,NA,NA,NA,NA,0,0,0,493,1977.780000000002,4.602339449541269,186
2015-07-28,CA_1,CA,HOUSEHOLD,Tuesday,4,7,2015,NA,NA,NA,NA,0,0,0,943,3378.5799999999967,4.521510971786829,394
2015-07-29,CA_1,CA,FOODS,Wednesday,5,7,2015,NA,NA,NA,NA,0,0,0,2356,6069.659999999989,2.8115691914349292,657
2015-07-29,CA_1,CA,HOBBIES,Wednesday,5,7,2015,NA,NA,NA,NA,0,0,0,412,1585.9900000000023,4.621942714819409,174
2015-07-29,CA_1,CA,HOUSEHOLD,Wednesday,5,7,2015,NA,NA,NA,NA,0,0,0,864,3372.499999999997,4.739254414650094,381
2015-07-30,CA_1,CA,FOODS,Thursday,6,7,2015,NA,NA,NA,NA,0,0,0,2716,6623.46999999999,2.6791006672468516,699
2015-07-30,CA_1,CA,HOBBIES,Thursday,6,7,2015,NA,NA,NA,NA,0,0,0,475,2172.3399999999997,5.083427561837468,191
2015-07-30,CA_1,CA,HOUSEHOLD,Thursday,6,7,2015,NA,NA,NA,NA,0,0,0,881,3344.1099999999997,4.702046052631573,407
2015-07-31,CA_1,CA,FOODS,Friday,7,7,2015,NA,NA,NA,NA,0,0,0,3242,7978.139999999973,2.660413581822799,755
2015-07-31,CA_1,CA,HOBBIES,Friday,7,7,2015,NA,NA,NA,NA,0,0,0,601,2455.2200000000007,4.588687500000018,206
2015-07-31,CA_1,CA,HOUSEHOLD,Friday,7,7,2015,NA,NA,NA,NA,0,0,0,1022,4182.979999999996,4.7432216014897515,457
2015-08-01,CA_1,CA,FOODS,Saturday,1,8,2015,NA,NA,NA,NA,1,0,1,3804,9647.839999999955,2.678784029038084,826
2015-08-01,CA_1,CA,HOBBIES,Saturday,1,8,2015,NA,NA,NA,NA,1,0,1,749,3145.550000000002,4.487125693160833,232
2015-08-01,CA_1,CA,HOUSEHOLD,Saturday,1,8,2015,NA,NA,NA,NA,1,0,1,1324,5360.8999999999905,4.6134066523605,506
2015-08-02,CA_1,CA,FOODS,Sunday,2,8,2015,NA,NA,NA,NA,1,0,1,4348,10941.269999999953,2.6623517506577374,837
2015-08-02,CA_1,CA,HOBBIES,Sunday,2,8,2015,NA,NA,NA,NA,1,0,1,755,3395.0800000000017,4.755690454124214,241
2015-08-02,CA_1,CA,HOUSEHOLD,Sunday,2,8,2015,NA,NA,NA,NA,1,0,1,1665,6563.379999999991,4.427597076290527,522
2015-08-03,CA_1,CA,FOODS,Monday,3,8,2015,NA,NA,NA,NA,1,0,0,3463,8650.39999999997,2.656168674698766,743
2015-08-03,CA_1,CA,HOBBIES,Monday,3,8,2015,NA,NA,NA,NA,1,0,0,682,2588.8600000000015,4.267113899613915,211
2015-08-03,CA_1,CA,HOUSEHOLD,Monday,3,8,2015,NA,NA,NA,NA,1,0,0,1181,5012.289999999996,4.764592467678464,448
2015-08-04,CA_1,CA,FOODS,Tuesday,4,8,2015,NA,NA,NA,NA,1,0,0,2938,7440.209999999976,2.750585150427787,745
2015-08-04,CA_1,CA,HOBBIES,Tuesday,4,8,2015,NA,NA,NA,NA,1,0,0,490,2135.3400000000015,4.799735023041467,187
2015-08-04,CA_1,CA,HOUSEHOLD,Tuesday,4,8,2015,NA,NA,NA,NA,1,0,0,990,3856.0899999999956,4.671700554528646,413
2015-08-05,CA_1,CA,FOODS,Wednesday,5,8,2015,NA,NA,NA,NA,1,0,0,2822,7557.1199999999735,2.835268694910406,735
2015-08-05,CA_1,CA,HOBBIES,Wednesday,5,8,2015,NA,NA,NA,NA,1,0,0,487,1981.9100000000014,4.728491879350332,190
2015-08-05,CA_1,CA,HOUSEHOLD,Wednesday,5,8,2015,NA,NA,NA,NA,1,0,0,893,3602.289999999997,4.787405228758169,409
2015-08-06,CA_1,CA,FOODS,Thursday,6,8,2015,NA,NA,NA,NA,1,0,0,2919,7782.619999999981,2.83808446039191,726
2015-08-06,CA_1,CA,HOBBIES,Thursday,6,8,2015,NA,NA,NA,NA,1,0,0,515,2118.640000000001,4.66593643586832,199
2015-08-06,CA_1,CA,HOUSEHOLD,Thursday,6,8,2015,NA,NA,NA,NA,1,0,0,898,3675.1399999999962,4.824175257731956,392
2015-08-07,CA_1,CA,FOODS,Friday,7,8,2015,NA,NA,NA,NA,1,0,0,3140,8197.809999999978,2.793188935281806,738
2015-08-07,CA_1,CA,HOBBIES,Friday,7,8,2015,NA,NA,NA,NA,1,0,0,622,2501.8999999999996,4.469315628192047,208
2015-08-07,CA_1,CA,HOUSEHOLD,Friday,7,8,2015,NA,NA,NA,NA,1,0,0,1020,4158.609999999999,4.741786585365849,426
2015-08-08,CA_1,CA,FOODS,Saturday,1,8,2015,NA,NA,NA,NA,1,0,1,3926,10426.779999999953,2.773973086256313,823
2015-08-08,CA_1,CA,HOBBIES,Saturday,1,8,2015,NA,NA,NA,NA,1,0,1,659,3224.4600000000005,5.116945863125659,245
2015-08-08,CA_1,CA,HOUSEHOLD,Saturday,1,8,2015,NA,NA,NA,NA,1,0,1,1435,5731.229999999996,4.46787817258882,511
2015-08-09,CA_1,CA,FOODS,Sunday,2,8,2015,NA,NA,NA,NA,1,0,1,4115,10860.109999999973,2.7647332768839727,821
2015-08-09,CA_1,CA,HOBBIES,Sunday,2,8,2015,NA,NA,NA,NA,1,0,1,738,2853.5100000000007,4.262307692307711,237
2015-08-09,CA_1,CA,HOUSEHOLD,Sunday,2,8,2015,NA,NA,NA,NA,1,0,1,1399,5797.629999999989,4.6414492753623,513
2015-08-10,CA_1,CA,FOODS,Monday,3,8,2015,NA,NA,NA,NA,1,0,0,3128,8242.159999999973,2.7991858638743152,738
2015-08-10,CA_1,CA,HOBBIES,Monday,3,8,2015,NA,NA,NA,NA,1,0,0,499,2231.9199999999987,4.962304093567252,209
2015-08-10,CA_1,CA,HOUSEHOLD,Monday,3,8,2015,NA,NA,NA,NA,1,0,0,1093,4620.919999999998,4.806218934911233,449
2015-08-11,CA_1,CA,FOODS,Tuesday,4,8,2015,NA,NA,NA,NA,0,0,0,2629,6453.01999999999,2.7258190419869606,677
2015-08-11,CA_1,CA,HOBBIES,Tuesday,4,8,2015,NA,NA,NA,NA,0,0,0,590,2079.6700000000033,4.290123203285416,181
2015-08-11,CA_1,CA,HOUSEHOLD,Tuesday,4,8,2015,NA,NA,NA,NA,0,0,0,928,3544.7799999999966,4.677828282828277,390
2015-08-12,CA_1,CA,FOODS,Wednesday,5,8,2015,NA,NA,NA,NA,0,0,0,2660,7088.249999999984,2.8598760696370307,701
2015-08-12,CA_1,CA,HOBBIES,Wednesday,5,8,2015,NA,NA,NA,NA,0,0,0,528,2048.920000000002,4.540700218818371,179
2015-08-12,CA_1,CA,HOUSEHOLD,Wednesday,5,8,2015,NA,NA,NA,NA,0,0,0,886,3728.500000000001,4.881377284595296,400
2015-08-13,CA_1,CA,FOODS,Thursday,6,8,2015,NA,NA,NA,NA,0,0,0,2384,6139.029999999991,2.809599873976022,640
2015-08-13,CA_1,CA,HOBBIES,Thursday,6,8,2015,NA,NA,NA,NA,0,0,0,481,1934.7200000000023,4.622045714285699,171
2015-08-13,CA_1,CA,HOUSEHOLD,Thursday,6,8,2015,NA,NA,NA,NA,0,0,0,806,3129.8099999999968,4.809014276002712,381
2015-08-14,CA_1,CA,FOODS,Friday,7,8,2015,NA,NA,NA,NA,0,0,0,2899,7282.169999999968,2.7329255466371123,716
2015-08-14,CA_1,CA,HOBBIES,Friday,7,8,2015,NA,NA,NA,NA,0,0,0,510,1985.8200000000027,4.607454751131208,191
2015-08-14,CA_1,CA,HOUSEHOLD,Friday,7,8,2015,NA,NA,NA,NA,0,0,0,1010,4028.73,4.746366421568622,424
2015-08-15,CA_1,CA,FOODS,Saturday,1,8,2015,NA,NA,NA,NA,0,0,1,3443,8790.96999999997,2.7176523647001223,771
2015-08-15,CA_1,CA,HOBBIES,Saturday,1,8,2015,NA,NA,NA,NA,0,0,1,747,3389.519999999997,4.745568181818205,256
2015-08-15,CA_1,CA,HOUSEHOLD,Saturday,1,8,2015,NA,NA,NA,NA,0,0,1,1218,4931.670000000003,4.6647107897664,466
2015-08-16,CA_1,CA,FOODS,Sunday,2,8,2015,NA,NA,NA,NA,0,0,1,3980,10390.089999999975,2.745999999999978,785
2015-08-16,CA_1,CA,HOBBIES,Sunday,2,8,2015,NA,NA,NA,NA,0,0,1,666,2809.6400000000003,4.565170340681388,233
2015-08-16,CA_1,CA,HOUSEHOLD,Sunday,2,8,2015,NA,NA,NA,NA,0,0,1,1508,6311.989999999996,4.584931640624981,506
2015-08-17,CA_1,CA,FOODS,Monday,3,8,2015,NA,NA,NA,NA,0,0,0,3166,8209.559999999978,2.7886617195496153,688
2015-08-17,CA_1,CA,HOBBIES,Monday,3,8,2015,NA,NA,NA,NA,0,0,0,533,2355.1200000000003,4.857826086956535,201
2015-08-17,CA_1,CA,HOUSEHOLD,Monday,3,8,2015,NA,NA,NA,NA,0,0,0,1061,4166.279999999995,4.649474616292796,413
2015-08-18,CA_1,CA,FOODS,Tuesday,4,8,2015,NA,NA,NA,NA,0,0,0,2404,6558.959999999981,2.9004687994931584,677
2015-08-18,CA_1,CA,HOBBIES,Tuesday,4,8,2015,NA,NA,NA,NA,0,0,0,459,2013.7600000000027,4.850923076923061,179
2015-08-18,CA_1,CA,HOUSEHOLD,Tuesday,4,8,2015,NA,NA,NA,NA,0,0,0,933,3930.59,4.822791293213816,417
2015-08-19,CA_1,CA,FOODS,Wednesday,5,8,2015,NA,NA,NA,NA,0,0,0,2378,6141.739999999991,2.8149775641025343,688
2015-08-19,CA_1,CA,HOBBIES,Wednesday,5,8,2015,NA,NA,NA,NA,0,0,0,660,2064.450000000001,4.053473282442751,177
2015-08-19,CA_1,CA,HOUSEHOLD,Wednesday,5,8,2015,NA,NA,NA,NA,0,0,0,830,3411.6999999999985,4.836493860845833,410
2015-08-20,CA_1,CA,FOODS,Thursday,6,8,2015,NA,NA,NA,NA,0,0,0,2393,6201.079999999992,2.8238113327001892,664
2015-08-20,CA_1,CA,HOBBIES,Thursday,6,8,2015,NA,NA,NA,NA,0,0,0,494,2094.9100000000017,4.771397479954174,186
2015-08-20,CA_1,CA,HOUSEHOLD,Thursday,6,8,2015,NA,NA,NA,NA,0,0,0,989,3954.8999999999955,4.749999999999995,416
2015-08-21,CA_1,CA,FOODS,Friday,7,8,2015,NA,NA,NA,NA,0,0,0,2666,7130.92999999998,2.87077402135228,724
2015-08-21,CA_1,CA,HOBBIES,Friday,7,8,2015,NA,NA,NA,NA,0,0,0,565,2376.6000000000004,4.657290116896934,189
2015-08-21,CA_1,CA,HOUSEHOLD,Friday,7,8,2015,NA,NA,NA,NA,0,0,0,967,4157.559999999998,4.9107043147208085,437
2015-08-22,CA_1,CA,FOODS,Saturday,1,8,2015,NA,NA,NA,NA,0,0,1,3268,8359.24999999997,2.730421455938666,783
2015-08-22,CA_1,CA,HOBBIES,Saturday,1,8,2015,NA,NA,NA,NA,0,0,1,577,2733.1500000000005,4.8885667752443265,221
2015-08-22,CA_1,CA,HOUSEHOLD,Saturday,1,8,2015,NA,NA,NA,NA,0,0,1,1277,5116.700000000003,4.605101369863009,498
2015-08-23,CA_1,CA,FOODS,Sunday,2,8,2015,NA,NA,NA,NA,0,0,1,4063,10652.40999999996,2.7558569299552627,796
2015-08-23,CA_1,CA,HOBBIES,Sunday,2,8,2015,NA,NA,NA,NA,0,0,1,609,2767.4699999999993,4.781018907563054,222
2015-08-23,CA_1,CA,HOUSEHOLD,Sunday,2,8,2015,NA,NA,NA,NA,0,0,1,1550,6243.360000000001,4.4793920536141565,507
2015-08-24,CA_1,CA,FOODS,Monday,3,8,2015,NA,NA,NA,NA,0,0,0,2547,6520.19999999999,2.798241925655056,695
2015-08-24,CA_1,CA,HOBBIES,Monday,3,8,2015,NA,NA,NA,NA,0,0,0,448,1926.2600000000023,4.656282352941161,163
2015-08-24,CA_1,CA,HOUSEHOLD,Monday,3,8,2015,NA,NA,NA,NA,0,0,0,893,3451.199999999997,4.729003880983179,393
2015-08-25,CA_1,CA,FOODS,Tuesday,4,8,2015,NA,NA,NA,NA,0,0,0,1985,5345.709999999995,2.9299205776172923,645
2015-08-25,CA_1,CA,HOBBIES,Tuesday,4,8,2015,NA,NA,NA,NA,0,0,0,502,1925.5100000000027,4.476036446469234,189
2015-08-25,CA_1,CA,HOUSEHOLD,Tuesday,4,8,2015,NA,NA,NA,NA,0,0,0,877,3647.1,4.848824306472912,409
2015-08-26,CA_1,CA,FOODS,Wednesday,5,8,2015,NA,NA,NA,NA,0,0,0,2152,5529.299999999992,2.83460122699383,648
2015-08-26,CA_1,CA,HOBBIES,Wednesday,5,8,2015,NA,NA,NA,NA,0,0,0,577,1477.3000000000013,3.841765913757687,168
2015-08-26,CA_1,CA,HOUSEHOLD,Wednesday,5,8,2015,NA,NA,NA,NA,0,0,0,829,3187.8699999999963,4.745360688285896,364
2015-08-27,CA_1,CA,FOODS,Thursday,6,8,2015,NA,NA,NA,NA,0,0,0,2216,5732.319999999993,2.8471480987324536,648
2015-08-27,CA_1,CA,HOBBIES,Thursday,6,8,2015,NA,NA,NA,NA,0,0,0,597,2041.5800000000024,4.227736625514391,190
2015-08-27,CA_1,CA,HOUSEHOLD,Thursday,6,8,2015,NA,NA,NA,NA,0,0,0,731,2907.94,4.879950704225342,357
2015-08-28,CA_1,CA,FOODS,Friday,7,8,2015,NA,NA,NA,NA,0,0,0,2660,6618.239999999991,2.737799410029466,700
2015-08-28,CA_1,CA,HOBBIES,Friday,7,8,2015,NA,NA,NA,NA,0,0,0,467,2175.12,4.91600237247923,189
2015-08-28,CA_1,CA,HOUSEHOLD,Friday,7,8,2015,NA,NA,NA,NA,0,0,0,874,3620.370000000001,4.9192570677186,399
2015-08-29,CA_1,CA,FOODS,Saturday,1,8,2015,NA,NA,NA,NA,0,0,1,3484,8829.369999999968,2.694942891859026,799
2015-08-29,CA_1,CA,HOBBIES,Saturday,1,8,2015,NA,NA,NA,NA,0,0,1,606,2708.520000000002,4.77861746361749,209
2015-08-29,CA_1,CA,HOUSEHOLD,Saturday,1,8,2015,NA,NA,NA,NA,0,0,1,1278,5191.70999999999,4.642342733188707,481
2015-08-30,CA_1,CA,FOODS,Sunday,2,8,2015,NA,NA,NA,NA,0,0,1,3762,10065.549999999987,2.8198047673098525,787
2015-08-30,CA_1,CA,HOBBIES,Sunday,2,8,2015,NA,NA,NA,NA,0,0,1,555,2544.270000000001,4.8402222222222395,220
2015-08-30,CA_1,CA,HOUSEHOLD,Sunday,2,8,2015,NA,NA,NA,NA,0,0,1,1552,6244.7699999999995,4.50280019212294,517
2015-08-31,CA_1,CA,FOODS,Monday,3,8,2015,NA,NA,NA,NA,0,0,0,2610,6609.269999999985,2.763796101948994,705
2015-08-31,CA_1,CA,HOBBIES,Monday,3,8,2015,NA,NA,NA,NA,0,0,0,566,2106.920000000002,4.404108280254768,189
2015-08-31,CA_1,CA,HOUSEHOLD,Monday,3,8,2015,NA,NA,NA,NA,0,0,0,988,4230.419999999996,4.894122373300364,417
2015-09-01,CA_1,CA,FOODS,Tuesday,4,9,2015,NA,NA,NA,NA,1,0,0,2547,6687.989999999978,2.840246725555862,694
2015-09-01,CA_1,CA,HOBBIES,Tuesday,4,9,2015,NA,NA,NA,NA,1,0,0,413,2317.21,5.350076142131977,190
2015-09-01,CA_1,CA,HOUSEHOLD,Tuesday,4,9,2015,NA,NA,NA,NA,1,0,0,1023,4152.08,4.739847931873471,426
2015-09-02,CA_1,CA,FOODS,Wednesday,5,9,2015,NA,NA,NA,NA,1,0,0,2402,6301.84999999998,2.855844690966688,677
2015-09-02,CA_1,CA,HOBBIES,Wednesday,5,9,2015,NA,NA,NA,NA,1,0,0,485,2075.0300000000016,4.787175398633254,172
2015-09-02,CA_1,CA,HOUSEHOLD,Wednesday,5,9,2015,NA,NA,NA,NA,1,0,0,898,3510.9899999999975,4.761847545219637,397
2015-09-03,CA_1,CA,FOODS,Thursday,6,9,2015,NA,NA,NA,NA,1,0,0,2731,6916.609999999978,2.761040579710115,711
2015-09-03,CA_1,CA,HOBBIES,Thursday,6,9,2015,NA,NA,NA,NA,1,0,0,681,2674.63,4.445177713736816,205
2015-09-03,CA_1,CA,HOUSEHOLD,Thursday,6,9,2015,NA,NA,NA,NA,1,0,0,915,3515.1399999999994,4.724779270633393,399
2015-09-04,CA_1,CA,FOODS,Friday,7,9,2015,NA,NA,NA,NA,1,0,0,3213,8582.179999999971,2.829925641025612,743
2015-09-04,CA_1,CA,HOBBIES,Friday,7,9,2015,NA,NA,NA,NA,1,0,0,480,2319.830000000001,4.996869871043385,192
2015-09-04,CA_1,CA,HOUSEHOLD,Friday,7,9,2015,NA,NA,NA,NA,1,0,0,1035,4212.829999999999,4.76846014492753,426
2015-09-05,CA_1,CA,FOODS,Saturday,1,9,2015,NA,NA,NA,NA,1,0,1,3875,10088.009999999957,2.7460698299015003,838
2015-09-05,CA_1,CA,HOBBIES,Saturday,1,9,2015,NA,NA,NA,NA,1,0,1,628,2903.8599999999988,4.929989743589766,218
2015-09-05,CA_1,CA,HOUSEHOLD,Saturday,1,9,2015,NA,NA,NA,NA,1,0,1,1254,4882.969999999992,4.586227446692173,472
2015-09-06,CA_1,CA,FOODS,Sunday,2,9,2015,NA,NA,NA,NA,1,0,1,3554,9044.689999999964,2.7138977030546734,762
2015-09-06,CA_1,CA,HOBBIES,Sunday,2,9,2015,NA,NA,NA,NA,1,0,1,660,2831.879999999999,4.614743202416943,232
2015-09-06,CA_1,CA,HOUSEHOLD,Sunday,2,9,2015,NA,NA,NA,NA,1,0,1,1262,4917.420000000001,4.588507867607153,466
2015-09-07,CA_1,CA,FOODS,Monday,3,9,2015,LaborDay,National,NA,NA,1,1,0,3709,9682.269999999955,2.773503582158514,813
2015-09-07,CA_1,CA,HOBBIES,Monday,3,9,2015,LaborDay,National,NA,NA,1,1,0,649,2825.9800000000014,4.619360000000024,214
2015-09-07,CA_1,CA,HOUSEHOLD,Monday,3,9,2015,LaborDay,National,NA,NA,1,1,0,1278,5168.129999999993,4.607835780315377,486
2015-09-08,CA_1,CA,FOODS,Tuesday,4,9,2015,NA,NA,NA,NA,1,0,0,2676,7243.399999999976,2.876400937866319,695
2015-09-08,CA_1,CA,HOBBIES,Tuesday,4,9,2015,NA,NA,NA,NA,1,0,0,532,1960.1600000000024,4.4812938596491065,185
2015-09-08,CA_1,CA,HOUSEHOLD,Tuesday,4,9,2015,NA,NA,NA,NA,1,0,0,898,3548.2100000000028,4.761563100576551,384
2015-09-09,CA_1,CA,FOODS,Wednesday,5,9,2015,NA,NA,NA,NA,1,0,0,2638,6880.639999999976,2.8229872441411743,698
2015-09-09,CA_1,CA,HOBBIES,Wednesday,5,9,2015,NA,NA,NA,NA,1,0,0,493,2071.2600000000016,4.684960362400895,175
2015-09-09,CA_1,CA,HOUSEHOLD,Wednesday,5,9,2015,NA,NA,NA,NA,1,0,0,682,2727.5800000000004,4.972452415812585,363
2015-09-10,CA_1,CA,FOODS,Thursday,6,9,2015,NA,NA,NA,NA,1,0,0,2557,6803.759999999976,2.857189107412976,683
2015-09-10,CA_1,CA,HOBBIES,Thursday,6,9,2015,NA,NA,NA,NA,1,0,0,459,2047.790000000002,4.9132508833922195,175
2015-09-10,CA_1,CA,HOUSEHOLD,Thursday,6,9,2015,NA,NA,NA,NA,1,0,0,829,3332.5599999999995,4.844381270903005,381
2015-09-11,CA_1,CA,FOODS,Friday,7,9,2015,NA,NA,NA,NA,0,0,0,2863,7440.2799999999825,2.7942281879194315,718
2015-09-11,CA_1,CA,HOBBIES,Friday,7,9,2015,NA,NA,NA,NA,0,0,0,526,2255.6299999999983,4.724049493813268,202
2015-09-11,CA_1,CA,HOUSEHOLD,Friday,7,9,2015,NA,NA,NA,NA,0,0,0,991,3832.930000000004,4.713428217821776,422
2015-09-12,CA_1,CA,FOODS,Saturday,1,9,2015,NA,NA,NA,NA,0,0,1,3632,9478.649999999963,2.753403755868516,803
2015-09-12,CA_1,CA,HOBBIES,Saturday,1,9,2015,NA,NA,NA,NA,0,0,1,581,2941.8900000000026,5.057081967213141,231
2015-09-12,CA_1,CA,HOUSEHOLD,Saturday,1,9,2015,NA,NA,NA,NA,0,0,1,1254,5319.209999999998,4.731189159292026,493
2015-09-13,CA_1,CA,FOODS,Sunday,2,9,2015,NA,NA,NA,NA,0,0,1,4001,10554.809999999967,2.780017259978401,797
2015-09-13,CA_1,CA,HOBBIES,Sunday,2,9,2015,NA,NA,NA,NA,0,0,1,617,2540.0500000000006,4.581069182389953,228
2015-09-13,CA_1,CA,HOUSEHOLD,Sunday,2,9,2015,NA,NA,NA,NA,0,0,1,1434,5794.349999999997,4.555729376257527,493
2015-09-14,CA_1,CA,FOODS,Monday,3,9,2015,NA,NA,NA,NA,0,0,0,2714,7086.489999999977,2.815124816446368,740
2015-09-14,CA_1,CA,HOBBIES,Monday,3,9,2015,NA,NA,NA,NA,0,0,0,475,2213.6900000000005,4.997033997655338,187
2015-09-14,CA_1,CA,HOUSEHOLD,Monday,3,9,2015,NA,NA,NA,NA,0,0,0,944,3836.41,4.815643127364436,405
2015-09-15,CA_1,CA,FOODS,Tuesday,4,9,2015,NA,NA,NA,NA,0,0,0,2541,6523.3799999999865,2.7956623931623636,696
2015-09-15,CA_1,CA,HOBBIES,Tuesday,4,9,2015,NA,NA,NA,NA,0,0,0,474,1869.730000000002,4.570921820303369,182
2015-09-15,CA_1,CA,HOUSEHOLD,Tuesday,4,9,2015,NA,NA,NA,NA,0,0,0,913,3407.5199999999977,4.650364450127872,396
2015-09-16,CA_1,CA,FOODS,Wednesday,5,9,2015,NA,NA,NA,NA,0,0,0,2197,5782.339999999993,2.865893216924076,650
2015-09-16,CA_1,CA,HOBBIES,Wednesday,5,9,2015,NA,NA,NA,NA,0,0,0,407,1797.4200000000026,4.88394769613946,169
2015-09-16,CA_1,CA,HOUSEHOLD,Wednesday,5,9,2015,NA,NA,NA,NA,0,0,0,801,3190.7699999999995,4.8737499999999985,384
2015-09-17,CA_1,CA,FOODS,Thursday,6,9,2015,NA,NA,NA,NA,0,0,0,2370,6539.189999999982,2.942145826670897,674
2015-09-17,CA_1,CA,HOBBIES,Thursday,6,9,2015,NA,NA,NA,NA,0,0,0,629,2185.749999999999,4.242142857142854,200
2015-09-17,CA_1,CA,HOUSEHOLD,Thursday,6,9,2015,NA,NA,NA,NA,0,0,0,774,3071.5199999999977,4.871069444444437,381
2015-09-18,CA_1,CA,FOODS,Friday,7,9,2015,NA,NA,NA,NA,0,0,0,2933,7443.279999999983,2.745017931034455,739
2015-09-18,CA_1,CA,HOBBIES,Friday,7,9,2015,NA,NA,NA,NA,0,0,0,721,2871.370000000001,4.374365808823553,198
2015-09-18,CA_1,CA,HOUSEHOLD,Friday,7,9,2015,NA,NA,NA,NA,0,0,0,1021,4056.5099999999984,4.733705521472387,438
2015-09-19,CA_1,CA,FOODS,Saturday,1,9,2015,NA,NA,NA,NA,0,0,1,3706,9486.769999999962,2.725623128311423,796
2015-09-19,CA_1,CA,HOBBIES,Saturday,1,9,2015,NA,NA,NA,NA,0,0,1,626,3023.9399999999996,4.950145985401486,232
2015-09-19,CA_1,CA,HOUSEHOLD,Saturday,1,9,2015,NA,NA,NA,NA,0,0,1,1295,5374.890000000003,4.727831978319773,497
2015-09-20,CA_1,CA,FOODS,Sunday,2,9,2015,NA,NA,NA,NA,0,0,1,4100,10729.499999999953,2.7429487996600557,824
2015-09-20,CA_1,CA,HOBBIES,Sunday,2,9,2015,NA,NA,NA,NA,0,0,1,598,2236.259999999998,4.428611691022967,205
2015-09-20,CA_1,CA,HOUSEHOLD,Sunday,2,9,2015,NA,NA,NA,NA,0,0,1,1425,5803.739999999986,4.575347432024154,486
2015-09-21,CA_1,CA,FOODS,Monday,3,9,2015,NA,NA,NA,NA,0,0,0,2853,7500.819999999977,2.8224042493709502,707
2015-09-21,CA_1,CA,HOBBIES,Monday,3,9,2015,NA,NA,NA,NA,0,0,0,453,1968.180000000002,4.80781065088756,173
2015-09-21,CA_1,CA,HOUSEHOLD,Monday,3,9,2015,NA,NA,NA,NA,0,0,0,1119,4451.240000000001,4.6670574579222235,443
2015-09-22,CA_1,CA,FOODS,Tuesday,4,9,2015,NA,NA,NA,NA,0,0,0,2540,6812.589999999983,2.882404521845372,698
2015-09-22,CA_1,CA,HOBBIES,Tuesday,4,9,2015,NA,NA,NA,NA,0,0,0,477,1807.8900000000026,4.631489607390284,176
2015-09-22,CA_1,CA,HOUSEHOLD,Tuesday,4,9,2015,NA,NA,NA,NA,0,0,0,895,3600.539999999998,4.786415584415581,402
2015-09-23,CA_1,CA,FOODS,Wednesday,5,9,2015,NA,NA,NA,NA,0,0,0,2343,6303.099999999988,2.9080634715025595,686
2015-09-23,CA_1,CA,HOBBIES,Wednesday,5,9,2015,NA,NA,NA,NA,0,0,0,495,1991.200000000002,4.587448747152604,182
2015-09-23,CA_1,CA,HOUSEHOLD,Wednesday,5,9,2015,NA,NA,NA,NA,0,0,0,818,3362.4899999999957,4.883037889039244,387
2015-09-24,CA_1,CA,FOODS,Thursday,6,9,2015,EidAlAdha,Religious,NA,NA,0,1,0,2270,6027.019999999984,2.8732068624216067,670
2015-09-24,CA_1,CA,HOBBIES,Thursday,6,9,2015,EidAlAdha,Religious,NA,NA,0,1,0,386,1741.0100000000016,5.0222374999999815,151
2015-09-24,CA_1,CA,HOUSEHOLD,Thursday,6,9,2015,EidAlAdha,Religious,NA,NA,0,1,0,774,3069.289999999999,4.844866712235128,358
2015-09-25,CA_1,CA,FOODS,Friday,7,9,2015,NA,NA,NA,NA,0,0,0,2842,7417.899999999975,2.812034656232504,695
2015-09-25,CA_1,CA,HOBBIES,Friday,7,9,2015,NA,NA,NA,NA,0,0,0,614,2300.319999999999,4.432771458117894,212
2015-09-25,CA_1,CA,HOUSEHOLD,Friday,7,9,2015,NA,NA,NA,NA,0,0,0,1059,4383.699999999998,4.765877403846153,442
2015-09-26,CA_1,CA,FOODS,Saturday,1,9,2015,NA,NA,NA,NA,0,0,1,3628,9488.649999999967,2.767091250293192,796
2015-09-26,CA_1,CA,HOBBIES,Saturday,1,9,2015,NA,NA,NA,NA,0,0,1,594,2367.0199999999995,4.5938865546218635,207
2015-09-26,CA_1,CA,HOUSEHOLD,Saturday,1,9,2015,NA,NA,NA,NA,0,0,1,1199,4853.710000000003,4.6860259301014615,472
2015-09-27,CA_1,CA,FOODS,Sunday,2,9,2015,NA,NA,NA,NA,0,0,1,3885,10516.789999999952,2.8304768241294904,807
2015-09-27,CA_1,CA,HOBBIES,Sunday,2,9,2015,NA,NA,NA,NA,0,0,1,591,2711.3699999999985,4.8345270988310585,215
2015-09-27,CA_1,CA,HOUSEHOLD,Sunday,2,9,2015,NA,NA,NA,NA,0,0,1,1362,5620.52,4.621225234619377,491
2015-09-28,CA_1,CA,FOODS,Monday,3,9,2015,NA,NA,NA,NA,0,0,0,2623,6992.1499999999805,2.8459505875263353,735
2015-09-28,CA_1,CA,HOBBIES,Monday,3,9,2015,NA,NA,NA,NA,0,0,0,483,2014.5700000000018,4.65838302752292,176
2015-09-28,CA_1,CA,HOUSEHOLD,Monday,3,9,2015,NA,NA,NA,NA,0,0,0,947,3910.149999999997,4.806237437185928,402
2015-09-29,CA_1,CA,FOODS,Tuesday,4,9,2015,NA,NA,NA,NA,0,0,0,2086,5537.129999999992,2.897757042253488,677
2015-09-29,CA_1,CA,HOBBIES,Tuesday,4,9,2015,NA,NA,NA,NA,0,0,0,395,1896.5900000000026,5.225145018915499,167
2015-09-29,CA_1,CA,HOUSEHOLD,Tuesday,4,9,2015,NA,NA,NA,NA,0,0,0,812,3220.1199999999976,4.800295500335791,370
2015-09-30,CA_1,CA,FOODS,Wednesday,5,9,2015,NA,NA,NA,NA,0,0,0,2193,5590.899999999997,2.8217985125084177,666
2015-09-30,CA_1,CA,HOBBIES,Wednesday,5,9,2015,NA,NA,NA,NA,0,0,0,430,1894.660000000002,4.9466463414634,175
2015-09-30,CA_1,CA,HOUSEHOLD,Wednesday,5,9,2015,NA,NA,NA,NA,0,0,0,754,3150.0199999999986,4.937103064066846,365
2015-10-01,CA_1,CA,FOODS,Thursday,6,10,2015,NA,NA,NA,NA,1,0,0,2497,6389.829999999981,2.8132991293532004,712
2015-10-01,CA_1,CA,HOBBIES,Thursday,6,10,2015,NA,NA,NA,NA,1,0,0,565,2540.4700000000003,4.873460721868392,188
2015-10-01,CA_1,CA,HOUSEHOLD,Thursday,6,10,2015,NA,NA,NA,NA,1,0,0,879,3575.0299999999993,4.820814717476998,404
2015-10-02,CA_1,CA,FOODS,Friday,7,10,2015,NA,NA,NA,NA,1,0,0,3350,8500.379999999974,2.706322757931523,778
2015-10-02,CA_1,CA,HOBBIES,Friday,7,10,2015,NA,NA,NA,NA,1,0,0,692,2697.2800000000016,4.383730916030557,209
2015-10-02,CA_1,CA,HOUSEHOLD,Friday,7,10,2015,NA,NA,NA,NA,1,0,0,1103,4310.379999999997,4.667134433962258,454
2015-10-03,CA_1,CA,FOODS,Saturday,1,10,2015,NA,NA,NA,NA,1,0,1,4204,10670.829999999954,2.6713239907968784,854
2015-10-03,CA_1,CA,HOBBIES,Saturday,1,10,2015,NA,NA,NA,NA,1,0,1,725,2897,4.478611898017018,231
2015-10-03,CA_1,CA,HOUSEHOLD,Saturday,1,10,2015,NA,NA,NA,NA,1,0,1,1504,6126.139999999998,4.556959093149318,522
2015-10-04,CA_1,CA,FOODS,Sunday,2,10,2015,NA,NA,NA,NA,1,0,1,4609,11793.639999999967,2.685799263708562,879
2015-10-04,CA_1,CA,HOBBIES,Sunday,2,10,2015,NA,NA,NA,NA,1,0,1,693,3191.6899999999996,4.808151848151874,257
2015-10-04,CA_1,CA,HOUSEHOLD,Sunday,2,10,2015,NA,NA,NA,NA,1,0,1,1366,5667.899999999989,4.628122724908982,490
2015-10-05,CA_1,CA,FOODS,Monday,3,10,2015,NA,NA,NA,NA,1,0,0,3339,8696.199999999964,2.7724219725343007,765
2015-10-05,CA_1,CA,HOBBIES,Monday,3,10,2015,NA,NA,NA,NA,1,0,0,437,2125.810000000001,5.087179802955656,190
2015-10-05,CA_1,CA,HOUSEHOLD,Monday,3,10,2015,NA,NA,NA,NA,1,0,0,1071,4362.6299999999965,4.755523809523805,438
2015-10-06,CA_1,CA,FOODS,Tuesday,4,10,2015,NA,NA,NA,NA,1,0,0,2814,7581.029999999973,2.8559387521465034,751
2015-10-06,CA_1,CA,HOBBIES,Tuesday,4,10,2015,NA,NA,NA,NA,1,0,0,481,2003.420000000003,4.739152348224502,173
2015-10-06,CA_1,CA,HOUSEHOLD,Tuesday,4,10,2015,NA,NA,NA,NA,1,0,0,843,3236.5499999999984,4.721465346534651,375
2015-10-07,CA_1,CA,FOODS,Wednesday,5,10,2015,NA,NA,NA,NA,1,0,0,2563,6709.469999999982,2.825159429091984,701
2015-10-07,CA_1,CA,HOBBIES,Wednesday,5,10,2015,NA,NA,NA,NA,1,0,0,528,2021.000000000003,4.531307692307684,183
2015-10-07,CA_1,CA,HOUSEHOLD,Wednesday,5,10,2015,NA,NA,NA,NA,1,0,0,865,3371.6099999999988,4.804347540983602,387
2015-10-08,CA_1,CA,FOODS,Thursday,6,10,2015,NA,NA,NA,NA,1,0,0,2640,7074.73999999998,2.8543065476190157,711
2015-10-08,CA_1,CA,HOBBIES,Thursday,6,10,2015,NA,NA,NA,NA,1,0,0,501,1934.0100000000011,4.573579418344504,172
2015-10-08,CA_1,CA,HOUSEHOLD,Thursday,6,10,2015,NA,NA,NA,NA,1,0,0,851,3365.639999999999,4.792985372340424,394
2015-10-09,CA_1,CA,FOODS,Friday,7,10,2015,NA,NA,NA,NA,1,0,0,3257,8166.129999999972,2.6943397663788446,750
2015-10-09,CA_1,CA,HOBBIES,Friday,7,10,2015,NA,NA,NA,NA,1,0,0,557,2083.230000000001,4.487138297872339,182
2015-10-09,CA_1,CA,HOUSEHOLD,Friday,7,10,2015,NA,NA,NA,NA,1,0,0,934,3612.910000000001,4.705541319666875,420
2015-10-10,CA_1,CA,FOODS,Saturday,1,10,2015,NA,NA,NA,NA,1,0,1,4062,10162.029999999964,2.6329895142306663,821
2015-10-10,CA_1,CA,HOBBIES,Saturday,1,10,2015,NA,NA,NA,NA,1,0,1,521,2670.7300000000027,5.263386911595891,215
2015-10-10,CA_1,CA,HOUSEHOLD,Saturday,1,10,2015,NA,NA,NA,NA,1,0,1,1340,5228.619999999999,4.5379926043317385,494
2015-10-11,CA_1,CA,FOODS,Sunday,2,10,2015,NA,NA,NA,NA,0,0,1,4090,10800.509999999953,2.760349605627774,831
2015-10-11,CA_1,CA,HOBBIES,Sunday,2,10,2015,NA,NA,NA,NA,0,0,1,524,2426.920000000002,4.953795454545471,209
2015-10-11,CA_1,CA,HOUSEHOLD,Sunday,2,10,2015,NA,NA,NA,NA,0,0,1,1411,5740.12999999999,4.626750756811277,476
2015-10-12,CA_1,CA,FOODS,Monday,3,10,2015,ColumbusDay,National,NA,NA,0,1,0,3183,8458.869999999974,2.824113530326564,757
2015-10-12,CA_1,CA,HOBBIES,Monday,3,10,2015,ColumbusDay,National,NA,NA,0,1,0,564,2474.2999999999997,4.724848812095045,203
2015-10-12,CA_1,CA,HOUSEHOLD,Monday,3,10,2015,ColumbusDay,National,NA,NA,0,1,0,1133,4593.61,4.713580810965157,429
2015-10-13,CA_1,CA,FOODS,Tuesday,4,10,2015,NA,NA,NA,NA,0,0,0,2603,6577.599999999987,2.7527608825282925,681
2015-10-13,CA_1,CA,HOBBIES,Tuesday,4,10,2015,NA,NA,NA,NA,0,0,0,482,1979.8000000000022,4.6326909920182295,170
2015-10-13,CA_1,CA,HOUSEHOLD,Tuesday,4,10,2015,NA,NA,NA,NA,0,0,0,892,3377.069999999998,4.663033268101756,406
2015-10-14,CA_1,CA,FOODS,Wednesday,5,10,2015,NA,NA,NA,NA,0,0,0,2330,5953.549999999993,2.82328266494175,670
2015-10-14,CA_1,CA,HOBBIES,Wednesday,5,10,2015,NA,NA,NA,NA,0,0,0,474,1767.6600000000024,4.537300469483554,187
2015-10-14,CA_1,CA,HOUSEHOLD,Wednesday,5,10,2015,NA,NA,NA,NA,0,0,0,861,3379.4999999999986,4.765179999999996,408
2015-10-15,CA_1,CA,FOODS,Thursday,6,10,2015,NA,NA,NA,NA,0,0,0,2361,6373.72999999999,2.898734667527403,695
2015-10-15,CA_1,CA,HOBBIES,Thursday,6,10,2015,NA,NA,NA,NA,0,0,0,475,1857.680000000002,4.634919354838695,172
2015-10-15,CA_1,CA,HOUSEHOLD,Thursday,6,10,2015,NA,NA,NA,NA,0,0,0,775,2998.5199999999954,4.807722222222217,382
2015-10-16,CA_1,CA,FOODS,Friday,7,10,2015,NA,NA,NA,NA,0,0,0,2615,6904.829999999976,2.8470754433423173,720
2015-10-16,CA_1,CA,HOBBIES,Friday,7,10,2015,NA,NA,NA,NA,0,0,0,567,2124.6100000000006,4.494097826086949,212
2015-10-16,CA_1,CA,HOUSEHOLD,Friday,7,10,2015,NA,NA,NA,NA,0,0,0,940,3777.279999999994,4.768891025641022,427
2015-10-17,CA_1,CA,FOODS,Saturday,1,10,2015,NA,NA,NA,NA,0,0,1,3642,9483.819999999956,2.745542084401931,785
2015-10-17,CA_1,CA,HOBBIES,Saturday,1,10,2015,NA,NA,NA,NA,0,0,1,681,2744.85,4.473843098311844,239
2015-10-17,CA_1,CA,HOUSEHOLD,Saturday,1,10,2015,NA,NA,NA,NA,0,0,1,1259,4963.389999999994,4.558014340871478,493
2015-10-18,CA_1,CA,FOODS,Sunday,2,10,2015,NA,NA,NA,NA,0,0,1,4084,10971.959999999957,2.813863829787211,816
2015-10-18,CA_1,CA,HOBBIES,Sunday,2,10,2015,NA,NA,NA,NA,0,0,1,630,2931.9099999999985,5.047178947368442,245
2015-10-18,CA_1,CA,HOUSEHOLD,Sunday,2,10,2015,NA,NA,NA,NA,0,0,1,1500,6509.199999999988,4.760148588410081,528
2015-10-19,CA_1,CA,FOODS,Monday,3,10,2015,NA,NA,NA,NA,0,0,0,2575,7143.2499999999745,2.9211739659367097,719
2015-10-19,CA_1,CA,HOBBIES,Monday,3,10,2015,NA,NA,NA,NA,0,0,0,553,2204.979999999999,4.715604751619887,192
2015-10-19,CA_1,CA,HOUSEHOLD,Monday,3,10,2015,NA,NA,NA,NA,0,0,0,966,3939.939999999998,4.768394753279196,412
2015-10-20,CA_1,CA,FOODS,Tuesday,4,10,2015,NA,NA,NA,NA,0,0,0,2334,6377.2599999999875,2.90764838709674,666
2015-10-20,CA_1,CA,HOBBIES,Tuesday,4,10,2015,NA,NA,NA,NA,0,0,0,492,2001.9200000000021,4.688617142857127,182
2015-10-20,CA_1,CA,HOUSEHOLD,Tuesday,4,10,2015,NA,NA,NA,NA,0,0,0,891,3454.5099999999957,4.8114795587280925,397
2015-10-21,CA_1,CA,FOODS,Wednesday,5,10,2015,NA,NA,NA,NA,0,0,0,2271,5908.639999999995,2.8538242122719404,688
2015-10-21,CA_1,CA,HOBBIES,Wednesday,5,10,2015,NA,NA,NA,NA,0,0,0,619,2060.1300000000033,4.2607884231536985,182
2015-10-21,CA_1,CA,HOUSEHOLD,Wednesday,5,10,2015,NA,NA,NA,NA,0,0,0,827,3212.4999999999986,4.808849018280293,397
2015-10-22,CA_1,CA,FOODS,Thursday,6,10,2015,NA,NA,NA,NA,0,0,0,2020,5474.759999999997,2.9512332628611326,614
2015-10-22,CA_1,CA,HOBBIES,Thursday,6,10,2015,NA,NA,NA,NA,0,0,0,442,1958.680000000003,4.894782608695636,179
2015-10-22,CA_1,CA,HOUSEHOLD,Thursday,6,10,2015,NA,NA,NA,NA,0,0,0,749,3143.1900000000005,4.95361984626135,365
2015-10-23,CA_1,CA,FOODS,Friday,7,10,2015,NA,NA,NA,NA,0,0,0,2622,6699.5199999999795,2.7773957091775587,698
2015-10-23,CA_1,CA,HOBBIES,Friday,7,10,2015,NA,NA,NA,NA,0,0,0,569,2145.4600000000005,4.398933901918966,196
2015-10-23,CA_1,CA,HOUSEHOLD,Friday,7,10,2015,NA,NA,NA,NA,0,0,0,885,3435.089999999998,4.733092580433351,409
2015-10-24,CA_1,CA,FOODS,Saturday,1,10,2015,NA,NA,NA,NA,0,0,1,3268,8609.259999999967,2.773194303153584,769
2015-10-24,CA_1,CA,HOBBIES,Saturday,1,10,2015,NA,NA,NA,NA,0,0,1,616,2553.1500000000005,4.696991701244834,217
2015-10-24,CA_1,CA,HOUSEHOLD,Saturday,1,10,2015,NA,NA,NA,NA,0,0,1,1280,5188.049999999993,4.666821409066074,496
2015-10-25,CA_1,CA,FOODS,Sunday,2,10,2015,NA,NA,NA,NA,0,0,1,3952,10253.639999999961,2.7229938944613794,799
2015-10-25,CA_1,CA,HOBBIES,Sunday,2,10,2015,NA,NA,NA,NA,0,0,1,724,2845.48,4.452294455066945,243
2015-10-25,CA_1,CA,HOUSEHOLD,Sunday,2,10,2015,NA,NA,NA,NA,0,0,1,1337,5297.509999999999,4.583620146904499,478
2015-10-26,CA_1,CA,FOODS,Monday,3,10,2015,NA,NA,NA,NA,0,0,0,2518,6712.739999999983,2.873010188329701,712
2015-10-26,CA_1,CA,HOBBIES,Monday,3,10,2015,NA,NA,NA,NA,0,0,0,505,2298.4599999999996,4.9214467592592595,206
2015-10-26,CA_1,CA,HOUSEHOLD,Monday,3,10,2015,NA,NA,NA,NA,0,0,0,930,3617.3999999999987,4.701127295756802,398
2015-10-27,CA_1,CA,FOODS,Tuesday,4,10,2015,NA,NA,NA,NA,0,0,0,2384,6177.699999999991,2.8146598855689446,671
2015-10-27,CA_1,CA,HOBBIES,Tuesday,4,10,2015,NA,NA,NA,NA,0,0,0,502,1886.450000000004,4.620970982142848,171
2015-10-27,CA_1,CA,HOUSEHOLD,Tuesday,4,10,2015,NA,NA,NA,NA,0,0,0,772,3138.7599999999966,4.902411642411638,376
2015-10-28,CA_1,CA,FOODS,Wednesday,5,10,2015,NA,NA,NA,NA,0,0,0,2102,5615.169999999996,2.8864902506963483,663
2015-10-28,CA_1,CA,HOBBIES,Wednesday,5,10,2015,NA,NA,NA,NA,0,0,0,461,1922.9500000000032,4.845983412322259,182
2015-10-28,CA_1,CA,HOUSEHOLD,Wednesday,5,10,2015,NA,NA,NA,NA,0,0,0,837,3388.069999999998,4.812677852348986,394
2015-10-29,CA_1,CA,FOODS,Thursday,6,10,2015,NA,NA,NA,NA,0,0,0,2123,5644.489999999991,2.8821581491712367,660
2015-10-29,CA_1,CA,HOBBIES,Thursday,6,10,2015,NA,NA,NA,NA,0,0,0,450,2148.08,5.072372262773714,193
2015-10-29,CA_1,CA,HOUSEHOLD,Thursday,6,10,2015,NA,NA,NA,NA,0,0,0,807,3188.6799999999976,4.830238419618519,386
2015-10-30,CA_1,CA,FOODS,Friday,7,10,2015,NA,NA,NA,NA,0,0,0,2893,7511.009999999976,2.7724832962137795,734
2015-10-30,CA_1,CA,HOBBIES,Friday,7,10,2015,NA,NA,NA,NA,0,0,0,605,2742.000000000001,4.8207836990595885,213
2015-10-30,CA_1,CA,HOUSEHOLD,Friday,7,10,2015,NA,NA,NA,NA,0,0,0,1025,4063.849999999996,4.692665036674812,436
2015-10-31,CA_1,CA,FOODS,Saturday,1,10,2015,Halloween,Cultural,NA,NA,0,1,1,3185,8509.379999999972,2.816791180285314,763
2015-10-31,CA_1,CA,HOBBIES,Saturday,1,10,2015,Halloween,Cultural,NA,NA,0,1,1,737,3204.240000000001,4.64816384180793,240
2015-10-31,CA_1,CA,HOUSEHOLD,Saturday,1,10,2015,Halloween,Cultural,NA,NA,0,1,1,1292,5225.609999999993,4.643221982758609,483
2015-11-01,CA_1,CA,FOODS,Sunday,2,11,2015,NA,NA,NA,NA,1,0,1,3307,9012.229999999976,2.864977168949744,798
2015-11-01,CA_1,CA,HOBBIES,Sunday,2,11,2015,NA,NA,NA,NA,1,0,1,634,3095.9699999999993,4.9658780991735805,231
2015-11-01,CA_1,CA,HOUSEHOLD,Sunday,2,11,2015,NA,NA,NA,NA,1,0,1,1319,5417.379999999992,4.649319510898443,485
2015-11-02,CA_1,CA,FOODS,Monday,3,11,2015,NA,NA,NA,NA,1,0,0,2574,7042.39999999998,2.909513529948281,718
2015-11-02,CA_1,CA,HOBBIES,Monday,3,11,2015,NA,NA,NA,NA,1,0,0,595,2274.4899999999993,4.467911975435018,183
2015-11-02,CA_1,CA,HOUSEHOLD,Monday,3,11,2015,NA,NA,NA,NA,1,0,0,1004,3909.5500000000015,4.665429782082318,399
2015-11-03,CA_1,CA,FOODS,Tuesday,4,11,2015,NA,NA,NA,NA,1,0,0,2597,7053.389999999982,2.8973885350318196,733
2015-11-03,CA_1,CA,HOBBIES,Tuesday,4,11,2015,NA,NA,NA,NA,1,0,0,475,2032.4300000000014,4.80199541284403,168
2015-11-03,CA_1,CA,HOUSEHOLD,Tuesday,4,11,2015,NA,NA,NA,NA,1,0,0,1031,4046.649999999998,4.717084337349388,418
2015-11-04,CA_1,CA,FOODS,Wednesday,5,11,2015,NA,NA,NA,NA,1,0,0,2272,6445.9199999999855,2.982356055592289,683
2015-11-04,CA_1,CA,HOBBIES,Wednesday,5,11,2015,NA,NA,NA,NA,1,0,0,573,2419.4699999999993,4.650266808964794,201
2015-11-04,CA_1,CA,HOUSEHOLD,Wednesday,5,11,2015,NA,NA,NA,NA,1,0,0,777,2954.680000000002,4.796850068775785,370
2015-11-05,CA_1,CA,FOODS,Thursday,6,11,2015,NA,NA,NA,NA,1,0,0,2185,6126.949999999987,2.973744925575068,662
2015-11-05,CA_1,CA,HOBBIES,Thursday,6,11,2015,NA,NA,NA,NA,1,0,0,544,2202.77,4.553402173913039,189
2015-11-05,CA_1,CA,HOUSEHOLD,Thursday,6,11,2015,NA,NA,NA,NA,1,0,0,812,3247.989999999997,4.866062834224594,363
2015-11-06,CA_1,CA,FOODS,Friday,7,11,2015,NA,NA,NA,NA,1,0,0,2696,7572.2399999999825,2.948411160058704,724
2015-11-06,CA_1,CA,HOBBIES,Friday,7,11,2015,NA,NA,NA,NA,1,0,0,648,2868.87,4.755978043912199,211
2015-11-06,CA_1,CA,HOUSEHOLD,Friday,7,11,2015,NA,NA,NA,NA,1,0,0,940,3666.9599999999987,4.747517284726581,396
2015-11-07,CA_1,CA,FOODS,Saturday,1,11,2015,NA,NA,NA,NA,1,0,1,3424,9304.209999999965,2.8395958600295415,799
2015-11-07,CA_1,CA,HOBBIES,Saturday,1,11,2015,NA,NA,NA,NA,1,0,1,665,3085.9999999999995,4.8544132397191815,233
2015-11-07,CA_1,CA,HOUSEHOLD,Saturday,1,11,2015,NA,NA,NA,NA,1,0,1,1325,5441.289999999995,4.629110396570185,506
2015-11-08,CA_1,CA,FOODS,Sunday,2,11,2015,NA,NA,NA,NA,1,0,1,3720,10224.64999999997,2.8516785467923427,804
2015-11-08,CA_1,CA,HOBBIES,Sunday,2,11,2015,NA,NA,NA,NA,1,0,1,594,2443.860000000001,4.62539915966388,207
2015-11-08,CA_1,CA,HOUSEHOLD,Sunday,2,11,2015,NA,NA,NA,NA,1,0,1,1285,5245.339999999999,4.689668271803089,463
2015-11-09,CA_1,CA,FOODS,Monday,3,11,2015,NA,NA,NA,NA,1,0,0,2537,7158.929999999984,2.9559772587584217,716
2015-11-09,CA_1,CA,HOBBIES,Monday,3,11,2015,NA,NA,NA,NA,1,0,0,463,2289.3299999999995,5.054388235294125,178
2015-11-09,CA_1,CA,HOUSEHOLD,Monday,3,11,2015,NA,NA,NA,NA,1,0,0,828,3275.4399999999973,4.8410956175298745,369
2015-11-10,CA_1,CA,FOODS,Tuesday,4,11,2015,NA,NA,NA,NA,1,0,0,2517,6833.6599999999835,2.900409482758589,702
2015-11-10,CA_1,CA,HOBBIES,Tuesday,4,11,2015,NA,NA,NA,NA,1,0,0,522,2326.629999999999,4.869766407119037,188
2015-11-10,CA_1,CA,HOUSEHOLD,Tuesday,4,11,2015,NA,NA,NA,NA,1,0,0,889,3509.8099999999995,4.7758129032258,386
2015-11-11,CA_1,CA,FOODS,Wednesday,5,11,2015,VeteransDay,National,NA,NA,0,1,0,2393,6655.409999999988,2.9413862332695624,688
2015-11-11,CA_1,CA,HOBBIES,Wednesday,5,11,2015,VeteransDay,National,NA,NA,0,1,0,471,2426.2099999999996,5.2328095238095385,196
2015-11-11,CA_1,CA,HOUSEHOLD,Wednesday,5,11,2015,VeteransDay,National,NA,NA,0,1,0,838,3467.42,4.911528150134043,393
2015-11-12,CA_1,CA,FOODS,Thursday,6,11,2015,NA,NA,NA,NA,0,0,0,1862,5215.829999999999,3.0136469265366963,627
2015-11-12,CA_1,CA,HOBBIES,Thursday,6,11,2015,NA,NA,NA,NA,0,0,0,458,2140.7000000000007,4.9601156069364265,158
2015-11-12,CA_1,CA,HOUSEHOLD,Thursday,6,11,2015,NA,NA,NA,NA,0,0,0,664,2713.6300000000015,4.954158200290269,333
2015-11-13,CA_1,CA,FOODS,Friday,7,11,2015,NA,NA,NA,NA,0,0,0,2258,6206.0099999999875,2.9391434262947804,679
2015-11-13,CA_1,CA,HOBBIES,Friday,7,11,2015,NA,NA,NA,NA,0,0,0,583,2494.95,4.707505219206706,190
2015-11-13,CA_1,CA,HOUSEHOLD,Friday,7,11,2015,NA,NA,NA,NA,0,0,0,811,3477.929999999997,4.9695105370496195,387
2015-11-14,CA_1,CA,FOODS,Saturday,1,11,2015,NA,NA,NA,NA,0,0,1,3207,8727.709999999974,2.85401917595229,781
2015-11-14,CA_1,CA,HOBBIES,Saturday,1,11,2015,NA,NA,NA,NA,0,0,1,582,2916.0300000000016,5.0910322580645415,217
2015-11-14,CA_1,CA,HOUSEHOLD,Saturday,1,11,2015,NA,NA,NA,NA,0,0,1,1165,5119.0699999999915,4.863177570093448,500
2015-11-15,CA_1,CA,FOODS,Sunday,2,11,2015,NA,NA,NA,NA,0,0,1,3676,9815.389999999958,2.779939365671611,821
2015-11-15,CA_1,CA,HOBBIES,Sunday,2,11,2015,NA,NA,NA,NA,0,0,1,708,3462.9599999999996,5.058153547133157,244
2015-11-15,CA_1,CA,HOUSEHOLD,Sunday,2,11,2015,NA,NA,NA,NA,0,0,1,1433,6265.309999999998,4.789412650602383,488
2015-11-16,CA_1,CA,FOODS,Monday,3,11,2015,NA,NA,NA,NA,0,0,0,2269,6316.999999999988,2.9646957100099423,695
2015-11-16,CA_1,CA,HOBBIES,Monday,3,11,2015,NA,NA,NA,NA,0,0,0,465,2317.97,5.179009546539393,192
2015-11-16,CA_1,CA,HOUSEHOLD,Monday,3,11,2015,NA,NA,NA,NA,0,0,0,858,3419.9799999999977,4.812145695364236,395
2015-11-17,CA_1,CA,FOODS,Tuesday,4,11,2015,NA,NA,NA,NA,0,0,0,2070,5491.209999999997,2.8956256535377825,634
2015-11-17,CA_1,CA,HOBBIES,Tuesday,4,11,2015,NA,NA,NA,NA,0,0,0,571,2206.879999999999,4.516228991596644,184
2015-11-17,CA_1,CA,HOUSEHOLD,Tuesday,4,11,2015,NA,NA,NA,NA,0,0,0,862,3426.8900000000003,4.82923941798941,397
2015-11-18,CA_1,CA,FOODS,Wednesday,5,11,2015,NA,NA,NA,NA,0,0,0,2144,5666.93999999999,2.8973294279806674,675
2015-11-18,CA_1,CA,HOBBIES,Wednesday,5,11,2015,NA,NA,NA,NA,0,0,0,544,2075.920000000003,4.563420765027317,194
2015-11-18,CA_1,CA,HOUSEHOLD,Wednesday,5,11,2015,NA,NA,NA,NA,0,0,0,775,3205.9799999999987,4.96584137931034,372
2015-11-19,CA_1,CA,FOODS,Thursday,6,11,2015,NA,NA,NA,NA,0,0,0,1951,5400.99999999999,2.973553597650476,660
2015-11-19,CA_1,CA,HOBBIES,Thursday,6,11,2015,NA,NA,NA,NA,0,0,0,622,2030.7800000000032,4.152247752247745,186
2015-11-19,CA_1,CA,HOUSEHOLD,Thursday,6,11,2015,NA,NA,NA,NA,0,0,0,786,3162.9700000000016,4.8834513274336215,364
2015-11-20,CA_1,CA,FOODS,Friday,7,11,2015,NA,NA,NA,NA,0,0,0,2516,6763.629999999982,2.87924644842492,711
2015-11-20,CA_1,CA,HOBBIES,Friday,7,11,2015,NA,NA,NA,NA,0,0,0,614,2331.2100000000005,4.404404404404418,180
2015-11-20,CA_1,CA,HOUSEHOLD,Friday,7,11,2015,NA,NA,NA,NA,0,0,0,907,3729.8199999999993,4.870026007802336,416
2015-11-21,CA_1,CA,FOODS,Saturday,1,11,2015,NA,NA,NA,NA,0,0,1,3206,8680.319999999976,2.85470087674056,761
2015-11-21,CA_1,CA,HOBBIES,Saturday,1,11,2015,NA,NA,NA,NA,0,0,1,666,3194.309999999999,4.868935323383109,226
2015-11-21,CA_1,CA,HOUSEHOLD,Saturday,1,11,2015,NA,NA,NA,NA,0,0,1,1243,5211.289999999994,4.752520961430953,501
2015-11-22,CA_1,CA,FOODS,Sunday,2,11,2015,NA,NA,NA,NA,0,0,1,3501,9480.489999999962,2.8374837779379685,773
2015-11-22,CA_1,CA,HOBBIES,Sunday,2,11,2015,NA,NA,NA,NA,0,0,1,677,3321.3099999999977,5.001487437185952,247
2015-11-22,CA_1,CA,HOUSEHOLD,Sunday,2,11,2015,NA,NA,NA,NA,0,0,1,1436,5910.599999999989,4.633103621730361,495
2015-11-23,CA_1,CA,FOODS,Monday,3,11,2015,NA,NA,NA,NA,0,0,0,2896,7712.809999999972,2.826379023307403,725
2015-11-23,CA_1,CA,HOBBIES,Monday,3,11,2015,NA,NA,NA,NA,0,0,0,633,2618.790000000001,4.584915084915111,197
2015-11-23,CA_1,CA,HOUSEHOLD,Monday,3,11,2015,NA,NA,NA,NA,0,0,0,1078,4404.359999999999,4.757939249553298,446
2015-11-24,CA_1,CA,FOODS,Tuesday,4,11,2015,NA,NA,NA,NA,0,0,0,2642,7129.179999999982,2.8659074733095777,703
2015-11-24,CA_1,CA,HOBBIES,Tuesday,4,11,2015,NA,NA,NA,NA,0,0,0,473,2191.8799999999987,5.038186101295649,189
2015-11-24,CA_1,CA,HOUSEHOLD,Tuesday,4,11,2015,NA,NA,NA,NA,0,0,0,827,3245.0199999999986,4.834014745308309,382
2015-11-25,CA_1,CA,FOODS,Wednesday,5,11,2015,NA,NA,NA,NA,0,0,0,3101,8100.619999999979,2.7802637703646007,667
2015-11-25,CA_1,CA,HOBBIES,Wednesday,5,11,2015,NA,NA,NA,NA,0,0,0,474,2162,4.9377491207502935,186
2015-11-25,CA_1,CA,HOUSEHOLD,Wednesday,5,11,2015,NA,NA,NA,NA,0,0,0,863,3492.5399999999977,4.802361020274687,381
2015-11-26,CA_1,CA,FOODS,Thursday,6,11,2015,Thanksgiving,National,NA,NA,0,1,0,1580,3803.0600000000013,2.8218439173679832,399
2015-11-26,CA_1,CA,HOBBIES,Thursday,6,11,2015,Thanksgiving,National,NA,NA,0,1,0,160,941.9500000000006,5.529968203497595,96
2015-11-26,CA_1,CA,HOUSEHOLD,Thursday,6,11,2015,Thanksgiving,National,NA,NA,0,1,0,420,1684.3300000000042,5.152719869706829,239
2015-11-27,CA_1,CA,FOODS,Friday,7,11,2015,NA,NA,NA,NA,0,0,0,1642,4050.5100000000066,2.8297990726429307,487
2015-11-27,CA_1,CA,HOBBIES,Friday,7,11,2015,NA,NA,NA,NA,0,0,0,402,1973.6700000000023,5.103316519546015,174
2015-11-27,CA_1,CA,HOUSEHOLD,Friday,7,11,2015,NA,NA,NA,NA,0,0,0,652,2747.2099999999973,5.067154178674344,311
2015-11-28,CA_1,CA,FOODS,Saturday,1,11,2015,NA,NA,NA,NA,0,0,1,2205,5992.139999999986,2.9386675594241387,651
2015-11-28,CA_1,CA,HOBBIES,Saturday,1,11,2015,NA,NA,NA,NA,0,0,1,629,2863.1099999999983,4.864266936299314,205
2015-11-28,CA_1,CA,HOUSEHOLD,Saturday,1,11,2015,NA,NA,NA,NA,0,0,1,978,4072.5899999999992,4.847988792029883,419
2015-11-29,CA_1,CA,FOODS,Sunday,2,11,2015,NA,NA,NA,NA,0,0,1,2847,7849.569999999976,2.9208403361344217,710
2015-11-29,CA_1,CA,HOBBIES,Sunday,2,11,2015,NA,NA,NA,NA,0,0,1,565,2426.5999999999995,4.743812636165585,212
2015-11-29,CA_1,CA,HOUSEHOLD,Sunday,2,11,2015,NA,NA,NA,NA,0,0,1,1173,5060.630000000002,4.838091473743632,449
2015-11-30,CA_1,CA,FOODS,Monday,3,11,2015,NA,NA,NA,NA,0,0,0,2245,6381.089999999987,3.0155204216073423,642
2015-11-30,CA_1,CA,HOBBIES,Monday,3,11,2015,NA,NA,NA,NA,0,0,0,671,2573.4100000000017,4.370352716873234,187
2015-11-30,CA_1,CA,HOUSEHOLD,Monday,3,11,2015,NA,NA,NA,NA,0,0,0,890,3671.5099999999984,4.859589576547226,402
2015-12-01,CA_1,CA,FOODS,Tuesday,4,12,2015,NA,NA,NA,NA,1,0,0,2297,6430.4999999999845,2.9772790009858316,687
2015-12-01,CA_1,CA,HOBBIES,Tuesday,4,12,2015,NA,NA,NA,NA,1,0,0,704,2615.889999999999,4.403351749539617,183
2015-12-01,CA_1,CA,HOUSEHOLD,Tuesday,4,12,2015,NA,NA,NA,NA,1,0,0,878,3646.139999999997,4.923394615889685,402
2015-12-02,CA_1,CA,FOODS,Wednesday,5,12,2015,NA,NA,NA,NA,1,0,0,2323,6186.439999999994,2.882225816887703,665
2015-12-02,CA_1,CA,HOBBIES,Wednesday,5,12,2015,NA,NA,NA,NA,1,0,0,509,2670.489999999999,5.277753456221225,206
2015-12-02,CA_1,CA,HOUSEHOLD,Wednesday,5,12,2015,NA,NA,NA,NA,1,0,0,841,3244.4699999999975,4.81374423203691,371
2015-12-03,CA_1,CA,FOODS,Thursday,6,12,2015,NA,NA,NA,NA,1,0,0,2185,6216.449999999983,2.9925985054347417,674
2015-12-03,CA_1,CA,HOBBIES,Thursday,6,12,2015,NA,NA,NA,NA,1,0,0,593,2763.040000000001,4.913032191069598,195
2015-12-03,CA_1,CA,HOUSEHOLD,Thursday,6,12,2015,NA,NA,NA,NA,1,0,0,913,3556.729999999998,4.720557667934083,382
2015-12-04,CA_1,CA,FOODS,Friday,7,12,2015,NA,NA,NA,NA,1,0,0,2489,7083.139999999977,2.984749687108849,726
2015-12-04,CA_1,CA,HOBBIES,Friday,7,12,2015,NA,NA,NA,NA,1,0,0,538,3049.6599999999994,5.52230337078654,213
2015-12-04,CA_1,CA,HOUSEHOLD,Friday,7,12,2015,NA,NA,NA,NA,1,0,0,1057,4679.169999999996,4.971216134858506,443
2015-12-05,CA_1,CA,FOODS,Saturday,1,12,2015,NA,NA,NA,NA,1,0,1,3251,9044.179999999962,2.888490421455908,769
2015-12-05,CA_1,CA,HOBBIES,Saturday,1,12,2015,NA,NA,NA,NA,1,0,1,730,2790.5200000000013,4.323635514018713,225
2015-12-05,CA_1,CA,HOUSEHOLD,Saturday,1,12,2015,NA,NA,NA,NA,1,0,1,1305,5735.219999999993,4.815446333687554,470
2015-12-06,CA_1,CA,FOODS,Sunday,2,12,2015,NA,NA,NA,NA,1,0,1,3437,9908.019999999964,2.9706626065773167,765
2015-12-06,CA_1,CA,HOBBIES,Sunday,2,12,2015,NA,NA,NA,NA,1,0,1,702,3032.2800000000007,4.720114394661604,218
2015-12-06,CA_1,CA,HOUSEHOLD,Sunday,2,12,2015,NA,NA,NA,NA,1,0,1,1213,5063.639999999995,4.79251648351647,440
2015-12-07,CA_1,CA,FOODS,Monday,3,12,2015,NA,NA,NA,NA,1,0,0,2640,7713.439999999973,3.023458986730963,757
2015-12-07,CA_1,CA,HOBBIES,Monday,3,12,2015,NA,NA,NA,NA,1,0,0,490,2328.03,5.09233256351041,189
2015-12-07,CA_1,CA,HOUSEHOLD,Monday,3,12,2015,NA,NA,NA,NA,1,0,0,890,3903.5899999999974,4.94400130975769,410
2015-12-08,CA_1,CA,FOODS,Tuesday,4,12,2015,NA,NA,NA,NA,1,0,0,2260,6326.339999999986,2.967262180974444,676
2015-12-08,CA_1,CA,HOBBIES,Tuesday,4,12,2015,NA,NA,NA,NA,1,0,0,538,2271.1499999999996,4.635886143931264,172
2015-12-08,CA_1,CA,HOUSEHOLD,Tuesday,4,12,2015,NA,NA,NA,NA,1,0,0,762,3289.2400000000002,5.010821823204418,361
2015-12-09,CA_1,CA,FOODS,Wednesday,5,12,2015,NA,NA,NA,NA,1,0,0,2143,6242.639999999989,3.04557449710191,643
2015-12-09,CA_1,CA,HOBBIES,Wednesday,5,12,2015,NA,NA,NA,NA,1,0,0,538,2151.620000000001,4.569914070891523,172
2015-12-09,CA_1,CA,HOUSEHOLD,Wednesday,5,12,2015,NA,NA,NA,NA,1,0,0,736,3018.7200000000007,4.988541963015642,377
2015-12-10,CA_1,CA,FOODS,Thursday,6,12,2015,NA,NA,NA,NA,1,0,0,2030,5920.989999999988,3.055403483825062,650
2015-12-10,CA_1,CA,HOBBIES,Thursday,6,12,2015,NA,NA,NA,NA,1,0,0,593,1933.510000000002,4.145876288659781,188
2015-12-10,CA_1,CA,HOUSEHOLD,Thursday,6,12,2015,NA,NA,NA,NA,1,0,0,724,2884.6600000000017,4.944382022471903,347
2015-12-11,CA_1,CA,FOODS,Friday,7,12,2015,NA,NA,NA,NA,0,0,0,2251,6233.809999999992,2.949704122340388,676
2015-12-11,CA_1,CA,HOBBIES,Friday,7,12,2015,NA,NA,NA,NA,0,0,0,637,2810.7500000000005,4.676267605633828,208
2015-12-11,CA_1,CA,HOUSEHOLD,Friday,7,12,2015,NA,NA,NA,NA,0,0,0,845,3493.0599999999986,4.905780308104484,399
2015-12-12,CA_1,CA,FOODS,Saturday,1,12,2015,NA,NA,NA,NA,0,0,1,3112,8797.609999999962,2.9292485395644947,779
2015-12-12,CA_1,CA,HOBBIES,Saturday,1,12,2015,NA,NA,NA,NA,0,0,1,733,3666.649999999998,5.056126558005775,255
2015-12-12,CA_1,CA,HOUSEHOLD,Saturday,1,12,2015,NA,NA,NA,NA,0,0,1,1285,5333.079999999999,4.7027446692181405,503
2015-12-13,CA_1,CA,FOODS,Sunday,2,12,2015,NA,NA,NA,NA,0,0,1,3193,9163.289999999963,2.9685959438377245,780
2015-12-13,CA_1,CA,HOBBIES,Sunday,2,12,2015,NA,NA,NA,NA,0,0,1,649,2847.03,4.738646766169178,209
2015-12-13,CA_1,CA,HOUSEHOLD,Sunday,2,12,2015,NA,NA,NA,NA,0,0,1,1238,5279.829999999997,4.8104022038567305,470
2015-12-14,CA_1,CA,FOODS,Monday,3,12,2015,Chanukah End,Religious,NA,NA,0,1,0,2476,7038.749999999975,2.9836159600997174,701
2015-12-14,CA_1,CA,HOBBIES,Monday,3,12,2015,Chanukah End,Religious,NA,NA,0,1,0,542,2339.6600000000003,4.727221006564558,193
2015-12-14,CA_1,CA,HOUSEHOLD,Monday,3,12,2015,Chanukah End,Religious,NA,NA,0,1,0,971,4163.84,4.912785129174535,431
2015-12-15,CA_1,CA,FOODS,Tuesday,4,12,2015,NA,NA,NA,NA,0,0,0,2224,6303.289999999989,2.9943940919771372,678
2015-12-15,CA_1,CA,HOBBIES,Tuesday,4,12,2015,NA,NA,NA,NA,0,0,0,551,2577.7200000000007,4.972993492407835,194
2015-12-15,CA_1,CA,HOUSEHOLD,Tuesday,4,12,2015,NA,NA,NA,NA,0,0,0,792,3212.199999999997,4.876083106267028,371
2015-12-16,CA_1,CA,FOODS,Wednesday,5,12,2015,NA,NA,NA,NA,0,0,0,2331,6565.399999999981,2.949119086459999,699
2015-12-16,CA_1,CA,HOBBIES,Wednesday,5,12,2015,NA,NA,NA,NA,0,0,0,507,2393.340000000001,5.082762557077649,196
2015-12-16,CA_1,CA,HOUSEHOLD,Wednesday,5,12,2015,NA,NA,NA,NA,0,0,0,707,2913.6399999999985,5.017462365591385,359
2015-12-17,CA_1,CA,FOODS,Thursday,6,12,2015,NA,NA,NA,NA,0,0,0,2454,6660.7599999999775,2.879213659147834,695
2015-12-17,CA_1,CA,HOBBIES,Thursday,6,12,2015,NA,NA,NA,NA,0,0,0,498,2179.960000000001,4.854925028835059,196
2015-12-17,CA_1,CA,HOUSEHOLD,Thursday,6,12,2015,NA,NA,NA,NA,0,0,0,839,3449.7799999999966,4.93693699731903,394
2015-12-18,CA_1,CA,FOODS,Friday,7,12,2015,NA,NA,NA,NA,0,0,0,2401,6795.689999999979,2.976280101394136,678
2015-12-18,CA_1,CA,HOBBIES,Friday,7,12,2015,NA,NA,NA,NA,0,0,0,559,2397.6300000000006,4.758735005452579,207
2015-12-18,CA_1,CA,HOUSEHOLD,Friday,7,12,2015,NA,NA,NA,NA,0,0,0,883,3531.7300000000005,4.8216884816753875,402
2015-12-19,CA_1,CA,FOODS,Saturday,1,12,2015,NA,NA,NA,NA,0,0,1,3236,8747.779999999957,2.84478083588172,745
2015-12-19,CA_1,CA,HOBBIES,Saturday,1,12,2015,NA,NA,NA,NA,0,0,1,815,3985.2700000000004,4.914035087719318,240
2015-12-19,CA_1,CA,HOUSEHOLD,Saturday,1,12,2015,NA,NA,NA,NA,0,0,1,1266,5326.949999999999,4.757978319783185,468
2015-12-20,CA_1,CA,FOODS,Sunday,2,12,2015,NA,NA,NA,NA,0,0,1,3157,8562.989999999972,2.8472248182761906,738
2015-12-20,CA_1,CA,HOBBIES,Sunday,2,12,2015,NA,NA,NA,NA,0,0,1,657,3293.6700000000005,5.053194303153631,239
2015-12-20,CA_1,CA,HOUSEHOLD,Sunday,2,12,2015,NA,NA,NA,NA,0,0,1,1255,5132.069999999996,4.676724795640312,467
2015-12-21,CA_1,CA,FOODS,Monday,3,12,2015,NA,NA,NA,NA,0,0,0,2730,7379.47999999998,2.862396811841698,650
2015-12-21,CA_1,CA,HOBBIES,Monday,3,12,2015,NA,NA,NA,NA,0,0,0,738,2975.0899999999997,4.3920385674931355,214
2015-12-21,CA_1,CA,HOUSEHOLD,Monday,3,12,2015,NA,NA,NA,NA,0,0,0,983,4024.9099999999985,4.829065420560743,425
2015-12-22,CA_1,CA,FOODS,Tuesday,4,12,2015,NA,NA,NA,NA,0,0,0,2845,7408.939999999984,2.7908268374164487,686
2015-12-22,CA_1,CA,HOBBIES,Tuesday,4,12,2015,NA,NA,NA,NA,0,0,0,586,2532.9700000000016,4.774936974789941,199
2015-12-22,CA_1,CA,HOUSEHOLD,Tuesday,4,12,2015,NA,NA,NA,NA,0,0,0,793,3387.020000000001,5.002042205582022,371
2015-12-23,CA_1,CA,FOODS,Wednesday,5,12,2015,NA,NA,NA,NA,0,0,0,2958,7743.149999999975,2.800048218590911,658
2015-12-23,CA_1,CA,HOBBIES,Wednesday,5,12,2015,NA,NA,NA,NA,0,0,0,508,2649.5900000000015,5.197324913892107,202
2015-12-23,CA_1,CA,HOUSEHOLD,Wednesday,5,12,2015,NA,NA,NA,NA,0,0,0,834,3403.3899999999967,4.871399999999992,381
2015-12-24,CA_1,CA,FOODS,Thursday,6,12,2015,NA,NA,NA,NA,0,0,0,2662,7314.319999999979,2.8798246622592347,616
2015-12-24,CA_1,CA,HOBBIES,Thursday,6,12,2015,NA,NA,NA,NA,0,0,0,505,2437.2799999999997,5.044988532110114,198
2015-12-24,CA_1,CA,HOUSEHOLD,Thursday,6,12,2015,NA,NA,NA,NA,0,0,0,636,2628.3400000000047,5.035088105726862,321
2015-12-25,CA_1,CA,FOODS,Friday,7,12,2015,Christmas,National,NA,NA,0,1,0,0,0,3.348220516399133,0
2015-12-25,CA_1,CA,HOBBIES,Friday,7,12,2015,Christmas,National,NA,NA,0,1,0,0,0,5.577999999999976,0
2015-12-25,CA_1,CA,HOUSEHOLD,Friday,7,12,2015,Christmas,National,NA,NA,0,1,0,0,0,5.482110792741148,0
2015-12-26,CA_1,CA,FOODS,Saturday,1,12,2015,NA,NA,NA,NA,0,0,1,2522,6992.6999999999825,2.9345156392347085,664
2015-12-26,CA_1,CA,HOBBIES,Saturday,1,12,2015,NA,NA,NA,NA,0,0,1,519,2867.71,5.400958286358542,197
2015-12-26,CA_1,CA,HOUSEHOLD,Saturday,1,12,2015,NA,NA,NA,NA,0,0,1,1096,4776.419999999997,4.900153031194813,444
2015-12-27,CA_1,CA,FOODS,Sunday,2,12,2015,NA,NA,NA,NA,0,0,1,2416,6867.209999999983,2.997415519399216,655
2015-12-27,CA_1,CA,HOBBIES,Sunday,2,12,2015,NA,NA,NA,NA,0,0,1,533,2687.5900000000015,5.1356449834619875,191
2015-12-27,CA_1,CA,HOUSEHOLD,Sunday,2,12,2015,NA,NA,NA,NA,0,0,1,1061,4645.119999999999,4.937792207792202,414
2015-12-28,CA_1,CA,FOODS,Monday,3,12,2015,NA,NA,NA,NA,0,0,0,2297,6442.589999999985,2.9761183780248195,674
2015-12-28,CA_1,CA,HOBBIES,Monday,3,12,2015,NA,NA,NA,NA,0,0,0,542,2087.63,4.580649627263057,168
2015-12-28,CA_1,CA,HOUSEHOLD,Monday,3,12,2015,NA,NA,NA,NA,0,0,0,1028,4193.319999999995,4.8096216216216146,410
2015-12-29,CA_1,CA,FOODS,Tuesday,4,12,2015,NA,NA,NA,NA,0,0,0,2294,6370.039999999984,2.9632231675392333,673
2015-12-29,CA_1,CA,HOBBIES,Tuesday,4,12,2015,NA,NA,NA,NA,0,0,0,592,2515.1099999999997,4.615361139369304,174
2015-12-29,CA_1,CA,HOUSEHOLD,Tuesday,4,12,2015,NA,NA,NA,NA,0,0,0,998,4144.399999999996,4.859587184226733,422
2015-12-30,CA_1,CA,FOODS,Wednesday,5,12,2015,NA,NA,NA,NA,0,0,0,2259,6433.5799999999845,3.029345732314813,683
2015-12-30,CA_1,CA,HOBBIES,Wednesday,5,12,2015,NA,NA,NA,NA,0,0,0,499,2692.4500000000003,5.250146726862329,178
2015-12-30,CA_1,CA,HOUSEHOLD,Wednesday,5,12,2015,NA,NA,NA,NA,0,0,0,855,3560.4399999999996,4.9222552910052855,390
2015-12-31,CA_1,CA,FOODS,Thursday,6,12,2015,NA,NA,NA,NA,0,0,0,2686,7850.609999999977,3.0352977232924374,695
2015-12-31,CA_1,CA,HOBBIES,Thursday,6,12,2015,NA,NA,NA,NA,0,0,0,476,2561.090000000001,5.366840277777808,177
2015-12-31,CA_1,CA,HOUSEHOLD,Thursday,6,12,2015,NA,NA,NA,NA,0,0,0,832,3560.0200000000004,4.977441549766194,382
2016-01-01,CA_1,CA,FOODS,Friday,7,1,2016,NewYear,National,NA,NA,1,1,0,2161,6044.31999999999,2.978522066370132,673
2016-01-01,CA_1,CA,HOBBIES,Friday,7,1,2016,NewYear,National,NA,NA,1,1,0,490,2148.1299999999997,4.8097840909090905,175
2016-01-01,CA_1,CA,HOUSEHOLD,Friday,7,1,2016,NewYear,National,NA,NA,1,1,0,767,3391.929999999994,5.08931612002791,381
2016-01-02,CA_1,CA,FOODS,Saturday,1,1,2016,NA,NA,NA,NA,1,0,1,2970,8175.529999999977,2.897157778999421,767
2016-01-02,CA_1,CA,HOBBIES,Saturday,1,1,2016,NA,NA,NA,NA,1,0,1,855,3692.6599999999994,4.544415475189255,231
2016-01-02,CA_1,CA,HOUSEHOLD,Saturday,1,1,2016,NA,NA,NA,NA,1,0,1,1260,5206.199999999991,4.6728500551267755,493
2016-01-03,CA_1,CA,FOODS,Sunday,2,1,2016,NA,NA,NA,NA,1,0,1,3261,9682.049999999963,3.054217113665359,781
2016-01-03,CA_1,CA,HOBBIES,Sunday,2,1,2016,NA,NA,NA,NA,1,0,1,515,2388.32,4.951709497206722,185
2016-01-03,CA_1,CA,HOUSEHOLD,Sunday,2,1,2016,NA,NA,NA,NA,1,0,1,1210,4736.79,4.621552386176622,434
2016-01-04,CA_1,CA,FOODS,Monday,3,1,2016,NA,NA,NA,NA,1,0,0,2779,8069.16999999997,3.0261631944444103,758
2016-01-04,CA_1,CA,HOBBIES,Monday,3,1,2016,NA,NA,NA,NA,1,0,0,462,2178.83,4.937620730270902,178
2016-01-04,CA_1,CA,HOUSEHOLD,Monday,3,1,2016,NA,NA,NA,NA,1,0,0,996,3961.1899999999987,4.738791615289761,421
2016-01-05,CA_1,CA,FOODS,Tuesday,4,1,2016,NA,NA,NA,NA,1,0,0,2342,6562.2699999999795,2.987131254061045,699
2016-01-05,CA_1,CA,HOBBIES,Tuesday,4,1,2016,NA,NA,NA,NA,1,0,0,404,2063.480000000003,5.151430348258696,165
2016-01-05,CA_1,CA,HOUSEHOLD,Tuesday,4,1,2016,NA,NA,NA,NA,1,0,0,735,3042.8999999999974,5.013199152542365,366
2016-01-06,CA_1,CA,FOODS,Wednesday,5,1,2016,NA,NA,NA,NA,1,0,0,2197,6205.859999999982,3.002438030560236,687
2016-01-06,CA_1,CA,HOBBIES,Wednesday,5,1,2016,NA,NA,NA,NA,1,0,0,396,1781.3800000000015,4.994810281517731,144
2016-01-06,CA_1,CA,HOUSEHOLD,Wednesday,5,1,2016,NA,NA,NA,NA,1,0,0,632,2504.4600000000014,4.957899709302318,303
2016-01-07,CA_1,CA,FOODS,Thursday,6,1,2016,OrthodoxChristmas,Religious,NA,NA,1,1,0,2395,6849.919999999972,3.0150288092189164,706
2016-01-07,CA_1,CA,HOBBIES,Thursday,6,1,2016,OrthodoxChristmas,Religious,NA,NA,1,1,0,541,2225.9999999999995,4.555079702444215,165
2016-01-07,CA_1,CA,HOUSEHOLD,Thursday,6,1,2016,OrthodoxChristmas,Religious,NA,NA,1,1,0,931,3550.249999999997,4.708768844221101,386
2016-01-08,CA_1,CA,FOODS,Friday,7,1,2016,NA,NA,NA,NA,1,0,0,2863,7845.009999999971,2.896254924029228,744
2016-01-08,CA_1,CA,HOBBIES,Friday,7,1,2016,NA,NA,NA,NA,1,0,0,593,2346.2499999999995,4.518284561049465,167
2016-01-08,CA_1,CA,HOUSEHOLD,Friday,7,1,2016,NA,NA,NA,NA,1,0,0,948,3754.429999999997,4.779097266369987,422
2016-01-09,CA_1,CA,FOODS,Saturday,1,1,2016,NA,NA,NA,NA,1,0,1,4006,10884.229999999965,2.826819973718768,875
2016-01-09,CA_1,CA,HOBBIES,Saturday,1,1,2016,NA,NA,NA,NA,1,0,1,705,3126.350000000001,4.65957345971566,215
2016-01-09,CA_1,CA,HOUSEHOLD,Saturday,1,1,2016,NA,NA,NA,NA,1,0,1,1366,5276.029999999999,4.515608247422665,473
2016-01-10,CA_1,CA,FOODS,Sunday,2,1,2016,NA,NA,NA,NA,1,0,1,3897,10722.339999999962,2.8680507908219846,843
2016-01-10,CA_1,CA,HOBBIES,Sunday,2,1,2016,NA,NA,NA,NA,1,0,1,489,2406.4400000000014,5.0877803203661545,180
2016-01-10,CA_1,CA,HOUSEHOLD,Sunday,2,1,2016,NA,NA,NA,NA,1,0,1,1274,5128.360000000007,4.658853161843501,455
2016-01-11,CA_1,CA,FOODS,Monday,3,1,2016,NA,NA,NA,NA,0,0,0,2683,7516.019999999977,2.9509420076537825,721
2016-01-11,CA_1,CA,HOBBIES,Monday,3,1,2016,NA,NA,NA,NA,0,0,0,500,2090.44,4.6935827664398975,183
2016-01-11,CA_1,CA,HOUSEHOLD,Monday,3,1,2016,NA,NA,NA,NA,0,0,0,818,3157.409999999996,4.830186542305124,364
2016-01-12,CA_1,CA,FOODS,Tuesday,4,1,2016,NA,NA,NA,NA,0,0,0,2180,5813.979999999989,2.9047910295616375,672
2016-01-12,CA_1,CA,HOBBIES,Tuesday,4,1,2016,NA,NA,NA,NA,0,0,0,465,2153.98,5.120241379310372,160
2016-01-12,CA_1,CA,HOUSEHOLD,Tuesday,4,1,2016,NA,NA,NA,NA,0,0,0,732,3060.020000000001,5.033762237762234,349
2016-01-13,CA_1,CA,FOODS,Wednesday,5,1,2016,NA,NA,NA,NA,0,0,0,2127,5714.0199999999895,2.9140296961325625,666
2016-01-13,CA_1,CA,HOBBIES,Wednesday,5,1,2016,NA,NA,NA,NA,0,0,0,389,1779.150000000003,5.063329145728626,158
2016-01-13,CA_1,CA,HOUSEHOLD,Wednesday,5,1,2016,NA,NA,NA,NA,0,0,0,736,2741.2500000000027,4.7603980446927245,351
2016-01-14,CA_1,CA,FOODS,Thursday,6,1,2016,NA,NA,NA,NA,0,0,0,2149,5698.2499999999945,2.88619243986251,674
2016-01-14,CA_1,CA,HOBBIES,Thursday,6,1,2016,NA,NA,NA,NA,0,0,0,491,1871.670000000002,4.496688888888876,156
2016-01-14,CA_1,CA,HOUSEHOLD,Thursday,6,1,2016,NA,NA,NA,NA,0,0,0,765,3061.26,4.9150896551724035,362
2016-01-15,CA_1,CA,FOODS,Friday,7,1,2016,NA,NA,NA,NA,0,0,0,2613,6921.899999999979,2.8468136211614152,759
2016-01-15,CA_1,CA,HOBBIES,Friday,7,1,2016,NA,NA,NA,NA,0,0,0,533,2196.9800000000005,4.649477124183014,180
2016-01-15,CA_1,CA,HOUSEHOLD,Friday,7,1,2016,NA,NA,NA,NA,0,0,0,880,3566.6499999999974,4.873331151832459,399
2016-01-16,CA_1,CA,FOODS,Saturday,1,1,2016,NA,NA,NA,NA,0,0,1,3771,9696.879999999956,2.7100734113328477,848
2016-01-16,CA_1,CA,HOBBIES,Saturday,1,1,2016,NA,NA,NA,NA,0,0,1,670,3202.4000000000005,4.90923902439027,210
2016-01-16,CA_1,CA,HOUSEHOLD,Saturday,1,1,2016,NA,NA,NA,NA,0,0,1,1304,5166.859999999998,4.60448093220338,463
2016-01-17,CA_1,CA,FOODS,Sunday,2,1,2016,NA,NA,NA,NA,0,0,1,3534,9350.86999999997,2.7787878054681623,837
2016-01-17,CA_1,CA,HOBBIES,Sunday,2,1,2016,NA,NA,NA,NA,0,0,1,583,2773.880000000002,5.017089151450079,217
2016-01-17,CA_1,CA,HOUSEHOLD,Sunday,2,1,2016,NA,NA,NA,NA,0,0,1,1305,5120.399999999997,4.584701531959841,459
2016-01-18,CA_1,CA,FOODS,Monday,3,1,2016,MartinLutherKingDay,National,NA,NA,0,1,0,2905,7491.109999999982,2.7799581823250357,754
2016-01-18,CA_1,CA,HOBBIES,Monday,3,1,2016,MartinLutherKingDay,National,NA,NA,0,1,0,609,2539.85,4.683910386965401,192
2016-01-18,CA_1,CA,HOUSEHOLD,Monday,3,1,2016,MartinLutherKingDay,National,NA,NA,0,1,0,970,3857.9199999999987,4.748092592592588,397
2016-01-19,CA_1,CA,FOODS,Tuesday,4,1,2016,NA,NA,NA,NA,0,0,0,2038,5816.169999999986,3.0376462297392197,636
2016-01-19,CA_1,CA,HOBBIES,Tuesday,4,1,2016,NA,NA,NA,NA,0,0,0,360,1753.120000000002,5.159377431906598,154
2016-01-19,CA_1,CA,HOUSEHOLD,Tuesday,4,1,2016,NA,NA,NA,NA,0,0,0,628,2358.2900000000022,4.919637841832953,322
2016-01-20,CA_1,CA,FOODS,Wednesday,5,1,2016,NA,NA,NA,NA,0,0,0,2169,5973.539999999987,2.9695093696762855,670
2016-01-20,CA_1,CA,HOBBIES,Wednesday,5,1,2016,NA,NA,NA,NA,0,0,0,502,2267.020000000001,4.857369007803805,170
2016-01-20,CA_1,CA,HOUSEHOLD,Wednesday,5,1,2016,NA,NA,NA,NA,0,0,0,873,3409.809999999997,4.782890624999996,384
2016-01-21,CA_1,CA,FOODS,Thursday,6,1,2016,NA,NA,NA,NA,0,0,0,2186,5832.949999999986,2.8934614076844283,681
2016-01-21,CA_1,CA,HOBBIES,Thursday,6,1,2016,NA,NA,NA,NA,0,0,0,572,2091.1000000000017,4.392275077559464,170
2016-01-21,CA_1,CA,HOUSEHOLD,Thursday,6,1,2016,NA,NA,NA,NA,0,0,0,744,2807.42,4.83513569937369,354
2016-01-22,CA_1,CA,FOODS,Friday,7,1,2016,NA,NA,NA,NA,0,0,0,2320,6183.149999999991,2.8825213956550044,718
2016-01-22,CA_1,CA,HOBBIES,Friday,7,1,2016,NA,NA,NA,NA,0,0,0,469,2113.81,4.948871915393653,183
2016-01-22,CA_1,CA,HOUSEHOLD,Friday,7,1,2016,NA,NA,NA,NA,0,0,0,823,3343.7400000000002,4.887348178137646,388
2016-01-23,CA_1,CA,FOODS,Saturday,1,1,2016,NA,NA,NA,NA,0,0,1,3728,10051.52999999996,2.8082518137139925,891
2016-01-23,CA_1,CA,HOBBIES,Saturday,1,1,2016,NA,NA,NA,NA,0,0,1,712,3093.9800000000014,4.666282420749304,236
2016-01-23,CA_1,CA,HOUSEHOLD,Saturday,1,1,2016,NA,NA,NA,NA,0,0,1,1483,5693.529999999994,4.470891089108892,510
2016-01-24,CA_1,CA,FOODS,Sunday,2,1,2016,NA,NA,NA,NA,0,0,1,3440,9256.579999999958,2.8275412256952723,813
2016-01-24,CA_1,CA,HOBBIES,Sunday,2,1,2016,NA,NA,NA,NA,0,0,1,475,2450.1899999999996,5.3603084223013315,197
2016-01-24,CA_1,CA,HOUSEHOLD,Sunday,2,1,2016,NA,NA,NA,NA,0,0,1,1332,5411.199999999998,4.629483837330535,461
2016-01-25,CA_1,CA,FOODS,Monday,3,1,2016,NA,NA,NA,NA,0,0,0,2289,6344.069999999991,2.960847121111814,703
2016-01-25,CA_1,CA,HOBBIES,Monday,3,1,2016,NA,NA,NA,NA,0,0,0,510,1831.5100000000018,4.438183807439811,161
2016-01-25,CA_1,CA,HOUSEHOLD,Monday,3,1,2016,NA,NA,NA,NA,0,0,0,942,3604.629999999998,4.713587692307682,364
2016-01-26,CA_1,CA,FOODS,Tuesday,4,1,2016,NA,NA,NA,NA,0,0,0,2049,5556.159999999992,2.958675168260677,662
2016-01-26,CA_1,CA,HOBBIES,Tuesday,4,1,2016,NA,NA,NA,NA,0,0,0,447,2182.069999999999,4.993278106508875,167
2016-01-26,CA_1,CA,HOUSEHOLD,Tuesday,4,1,2016,NA,NA,NA,NA,0,0,0,750,2972.759999999999,4.902993762993759,354
2016-01-27,CA_1,CA,FOODS,Wednesday,5,1,2016,NA,NA,NA,NA,0,0,0,1970,5350.719999999992,2.962834731849656,665
2016-01-27,CA_1,CA,HOBBIES,Wednesday,5,1,2016,NA,NA,NA,NA,0,0,0,401,1596.8400000000013,4.797040690505533,155
2016-01-27,CA_1,CA,HOUSEHOLD,Wednesday,5,1,2016,NA,NA,NA,NA,0,0,0,660,2485.7299999999996,4.868328488372083,331
2016-01-28,CA_1,CA,FOODS,Thursday,6,1,2016,NA,NA,NA,NA,0,0,0,2017,5737.269999999987,3.022778571428534,653
2016-01-28,CA_1,CA,HOBBIES,Thursday,6,1,2016,NA,NA,NA,NA,0,0,0,460,2044.2900000000031,4.8322182680901395,182
2016-01-28,CA_1,CA,HOUSEHOLD,Thursday,6,1,2016,NA,NA,NA,NA,0,0,0,696,2849.2200000000003,5.003670520231205,359
2016-01-29,CA_1,CA,FOODS,Friday,7,1,2016,NA,NA,NA,NA,0,0,0,2537,6901.579999999987,2.912062807881745,725
2016-01-29,CA_1,CA,HOBBIES,Friday,7,1,2016,NA,NA,NA,NA,0,0,0,469,2265.0599999999995,5.112482435597207,180
2016-01-29,CA_1,CA,HOUSEHOLD,Friday,7,1,2016,NA,NA,NA,NA,0,0,0,865,3535.1999999999957,4.917549800796805,406
2016-01-30,CA_1,CA,FOODS,Saturday,1,1,2016,NA,NA,NA,NA,0,0,1,3481,9261.779999999964,2.7989242832638803,836
2016-01-30,CA_1,CA,HOBBIES,Saturday,1,1,2016,NA,NA,NA,NA,0,0,1,645,2951.3799999999997,4.77536960985629,236
2016-01-30,CA_1,CA,HOUSEHOLD,Saturday,1,1,2016,NA,NA,NA,NA,0,0,1,1372,5738.879999999993,4.74556363636362,494
2016-01-31,CA_1,CA,FOODS,Sunday,2,1,2016,NA,NA,NA,NA,0,0,1,3910,10637.419999999956,2.8297958730862844,839
2016-01-31,CA_1,CA,HOBBIES,Sunday,2,1,2016,NA,NA,NA,NA,0,0,1,674,2976.650000000002,4.754360236220494,223
2016-01-31,CA_1,CA,HOUSEHOLD,Sunday,2,1,2016,NA,NA,NA,NA,0,0,1,1448,5840.2999999999975,4.586548148148133,470
2016-02-01,CA_1,CA,FOODS,Monday,3,2,2016,NA,NA,NA,NA,1,0,0,2606,7325.439999999975,2.9638620480096916,751
2016-02-01,CA_1,CA,HOBBIES,Monday,3,2,2016,NA,NA,NA,NA,1,0,0,527,2144.5099999999998,4.600578602620086,176
2016-02-01,CA_1,CA,HOUSEHOLD,Monday,3,2,2016,NA,NA,NA,NA,1,0,0,942,3748.7700000000013,4.7882677664974604,413
2016-02-02,CA_1,CA,FOODS,Tuesday,4,2,2016,NA,NA,NA,NA,1,0,0,2467,6988.839999999983,2.984714285714253,753
2016-02-02,CA_1,CA,HOBBIES,Tuesday,4,2,2016,NA,NA,NA,NA,1,0,0,429,2053.970000000002,5.0552587244283975,163
2016-02-02,CA_1,CA,HOUSEHOLD,Tuesday,4,2,2016,NA,NA,NA,NA,1,0,0,869,3123.1500000000015,4.621739130434777,375
2016-02-03,CA_1,CA,FOODS,Wednesday,5,2,2016,NA,NA,NA,NA,1,0,0,2537,6966.029999999988,2.9070314888413042,702
2016-02-03,CA_1,CA,HOBBIES,Wednesday,5,2,2016,NA,NA,NA,NA,1,0,0,638,2238.1399999999994,4.251994076999019,190
2016-02-03,CA_1,CA,HOUSEHOLD,Wednesday,5,2,2016,NA,NA,NA,NA,1,0,0,808,3035.080000000001,4.745557056043207,374
2016-02-04,CA_1,CA,FOODS,Thursday,6,2,2016,NA,NA,NA,NA,1,0,0,2616,6793.979999999983,2.8015708696960266,729
2016-02-04,CA_1,CA,HOBBIES,Thursday,6,2,2016,NA,NA,NA,NA,1,0,0,491,2163.649999999999,4.858283752860414,182
2016-02-04,CA_1,CA,HOUSEHOLD,Thursday,6,2,2016,NA,NA,NA,NA,1,0,0,821,3175.8399999999983,4.821771390374328,372
2016-02-05,CA_1,CA,FOODS,Friday,7,2,2016,NA,NA,NA,NA,1,0,0,2877,7888.199999999969,2.897391668996337,736
2016-02-05,CA_1,CA,HOBBIES,Friday,7,2,2016,NA,NA,NA,NA,1,0,0,503,2346.1900000000005,4.93036697247707,196
2016-02-05,CA_1,CA,HOUSEHOLD,Friday,7,2,2016,NA,NA,NA,NA,1,0,0,947,3807.6200000000026,4.8109380863039375,395
2016-02-06,CA_1,CA,FOODS,Saturday,1,2,2016,NA,NA,NA,NA,1,0,1,4300,12260.909999999949,2.9279926184129397,859
2016-02-06,CA_1,CA,HOBBIES,Saturday,1,2,2016,NA,NA,NA,NA,1,0,1,715,3149.040000000001,4.6907438794727145,218
2016-02-06,CA_1,CA,HOUSEHOLD,Saturday,1,2,2016,NA,NA,NA,NA,1,0,1,1397,5684.919999999997,4.6126792069140645,477
2016-02-07,CA_1,CA,FOODS,Sunday,2,2,2016,SuperBowl,Sporting,NA,NA,1,1,1,3464,9947.999999999956,2.958261922052744,769
2016-02-07,CA_1,CA,HOBBIES,Sunday,2,2,2016,SuperBowl,Sporting,NA,NA,1,1,1,481,2493.109999999999,5.159488372093048,186
2016-02-07,CA_1,CA,HOUSEHOLD,Sunday,2,2,2016,SuperBowl,Sporting,NA,NA,1,1,1,1041,4200.11,4.747657926102498,410
2016-02-08,CA_1,CA,FOODS,Monday,3,2,2016,NA,NA,NA,NA,1,0,0,2592,6985.579999999984,2.8670268638695715,715
2016-02-08,CA_1,CA,HOBBIES,Monday,3,2,2016,NA,NA,NA,NA,1,0,0,392,2186.6399999999994,5.543286264441604,178
2016-02-08,CA_1,CA,HOUSEHOLD,Monday,3,2,2016,NA,NA,NA,NA,1,0,0,949,3722.219999999998,4.755894080996876,391
2016-02-09,CA_1,CA,FOODS,Tuesday,4,2,2016,NA,NA,NA,NA,1,0,0,2639,7422.039999999964,2.9527678037103176,733
2016-02-09,CA_1,CA,HOBBIES,Tuesday,4,2,2016,NA,NA,NA,NA,1,0,0,460,1770.7300000000018,4.634894613583124,171
2016-02-09,CA_1,CA,HOUSEHOLD,Tuesday,4,2,2016,NA,NA,NA,NA,1,0,0,837,3466.8399999999983,4.881253351206429,392
2016-02-10,CA_1,CA,FOODS,Wednesday,5,2,2016,LentStart,Religious,NA,NA,1,1,0,2674,7485.939999999977,2.9473172169811024,718
2016-02-10,CA_1,CA,HOBBIES,Wednesday,5,2,2016,LentStart,Religious,NA,NA,1,1,0,538,2222.679999999999,4.670879478827372,182
2016-02-10,CA_1,CA,HOUSEHOLD,Wednesday,5,2,2016,LentStart,Religious,NA,NA,1,1,0,783,3413.6400000000017,4.973003460207607,385
2016-02-11,CA_1,CA,FOODS,Thursday,6,2,2016,NA,NA,NA,NA,0,0,0,2644,7177.079999999978,2.8808593517692205,717
2016-02-11,CA_1,CA,HOBBIES,Thursday,6,2,2016,NA,NA,NA,NA,0,0,0,525,2345.670000000001,4.797945355191273,175
2016-02-11,CA_1,CA,HOUSEHOLD,Thursday,6,2,2016,NA,NA,NA,NA,0,0,0,838,3452.0600000000027,4.850527704485485,369
2016-02-12,CA_1,CA,FOODS,Friday,7,2,2016,NA,NA,NA,NA,0,0,0,2871,7408.179999999979,2.7728329571105785,763
2016-02-12,CA_1,CA,HOBBIES,Friday,7,2,2016,NA,NA,NA,NA,0,0,0,416,2070.030000000001,5.165229813664587,176
2016-02-12,CA_1,CA,HOUSEHOLD,Friday,7,2,2016,NA,NA,NA,NA,0,0,0,824,3243.099999999998,4.832769541778972,387
2016-02-13,CA_1,CA,FOODS,Saturday,1,2,2016,NA,NA,NA,NA,0,0,1,3599,9476.18999999997,2.7757884796978023,800
2016-02-13,CA_1,CA,HOBBIES,Saturday,1,2,2016,NA,NA,NA,NA,0,0,1,598,3158.6900000000005,5.248853503184736,221
2016-02-13,CA_1,CA,HOUSEHOLD,Saturday,1,2,2016,NA,NA,NA,NA,0,0,1,1286,5033.26,4.561022604951551,475
2016-02-14,CA_1,CA,FOODS,Sunday,2,2,2016,ValentinesDay,Cultural,NA,NA,0,1,1,3169,7929.7999999999765,2.6777119084763132,760
2016-02-14,CA_1,CA,HOBBIES,Sunday,2,2,2016,ValentinesDay,Cultural,NA,NA,0,1,1,558,2281.689999999999,4.471134133042518,206
2016-02-14,CA_1,CA,HOUSEHOLD,Sunday,2,2,2016,ValentinesDay,Cultural,NA,NA,0,1,1,1107,4422.5199999999995,4.718182877111234,437
2016-02-15,CA_1,CA,FOODS,Monday,3,2,2016,PresidentsDay,National,NA,NA,0,1,0,3009,8192.399999999972,2.863559413998887,760
2016-02-15,CA_1,CA,HOBBIES,Monday,3,2,2016,PresidentsDay,National,NA,NA,0,1,0,476,2186.67,4.941235431235431,183
2016-02-15,CA_1,CA,HOUSEHOLD,Monday,3,2,2016,PresidentsDay,National,NA,NA,0,1,0,1103,4248.07,4.650843930635834,420
2016-02-16,CA_1,CA,FOODS,Tuesday,4,2,2016,NA,NA,NA,NA,0,0,0,2379,6476.329999999983,2.9103607918262755,684
2016-02-16,CA_1,CA,HOBBIES,Tuesday,4,2,2016,NA,NA,NA,NA,0,0,0,495,2138.729999999999,4.840190582959651,168
2016-02-16,CA_1,CA,HOUSEHOLD,Tuesday,4,2,2016,NA,NA,NA,NA,0,0,0,776,3114.6200000000003,4.934119259766962,364
2016-02-17,CA_1,CA,FOODS,Wednesday,5,2,2016,LentWeek2,Religious,NA,NA,0,1,0,2371,6231.799999999977,2.8340866472679918,715
2016-02-17,CA_1,CA,HOBBIES,Wednesday,5,2,2016,LentWeek2,Religious,NA,NA,0,1,0,557,2394.1000000000013,4.648689581095608,191
2016-02-17,CA_1,CA,HOUSEHOLD,Wednesday,5,2,2016,LentWeek2,Religious,NA,NA,0,1,0,849,3245.689999999998,4.785397877984085,388
2016-02-18,CA_1,CA,FOODS,Thursday,6,2,2016,NA,NA,NA,NA,0,0,0,2476,6450.239999999984,2.8114926309187545,724
2016-02-18,CA_1,CA,HOBBIES,Thursday,6,2,2016,NA,NA,NA,NA,0,0,0,514,2113.3399999999997,4.677426636568838,193
2016-02-18,CA_1,CA,HOUSEHOLD,Thursday,6,2,2016,NA,NA,NA,NA,0,0,0,878,3430.979999999997,4.785324254215301,383
2016-02-19,CA_1,CA,FOODS,Friday,7,2,2016,NA,NA,NA,NA,0,0,0,2795,7212.409999999981,2.782610441767037,746
2016-02-19,CA_1,CA,HOBBIES,Friday,7,2,2016,NA,NA,NA,NA,0,0,0,565,2276.12,4.593269230769237,194
2016-02-19,CA_1,CA,HOUSEHOLD,Friday,7,2,2016,NA,NA,NA,NA,0,0,0,1053,4168.259999999999,4.683837902264597,422
2016-02-20,CA_1,CA,FOODS,Saturday,1,2,2016,NA,NA,NA,NA,0,0,1,3469,9103.90999999996,2.781707793794257,813
2016-02-20,CA_1,CA,HOBBIES,Saturday,1,2,2016,NA,NA,NA,NA,0,0,1,587,2873.0399999999995,5.023426423200884,221
2016-02-20,CA_1,CA,HOUSEHOLD,Saturday,1,2,2016,NA,NA,NA,NA,0,0,1,1227,5129.059999999998,4.764196919691955,456
2016-02-21,CA_1,CA,FOODS,Sunday,2,2,2016,NA,NA,NA,NA,0,0,1,3598,9867.269999999955,2.8669776828109903,823
2016-02-21,CA_1,CA,HOBBIES,Sunday,2,2,2016,NA,NA,NA,NA,0,0,1,656,2968.87,4.790367428003993,214
2016-02-21,CA_1,CA,HOUSEHOLD,Sunday,2,2,2016,NA,NA,NA,NA,0,0,1,1353,5479.879999999995,4.625587778353173,469
2016-02-22,CA_1,CA,FOODS,Monday,3,2,2016,NA,NA,NA,NA,0,0,0,2466,6895.519999999981,2.96447088290542,709
2016-02-22,CA_1,CA,HOBBIES,Monday,3,2,2016,NA,NA,NA,NA,0,0,0,539,2204.8099999999995,4.644086956521747,184
2016-02-22,CA_1,CA,HOUSEHOLD,Monday,3,2,2016,NA,NA,NA,NA,0,0,0,900,3723.9800000000014,4.877235718975705,424
2016-02-23,CA_1,CA,FOODS,Tuesday,4,2,2016,NA,NA,NA,NA,0,0,0,2406,6385.51999999998,2.879797468354394,683
2016-02-23,CA_1,CA,HOBBIES,Tuesday,4,2,2016,NA,NA,NA,NA,0,0,0,414,1681.780000000002,4.743870573870555,160
2016-02-23,CA_1,CA,HOUSEHOLD,Tuesday,4,2,2016,NA,NA,NA,NA,0,0,0,793,3002.099999999996,4.811086956521733,368
2016-02-24,CA_1,CA,FOODS,Wednesday,5,2,2016,NA,NA,NA,NA,0,0,0,2076,5779.509999999989,2.9804454577340938,662
2016-02-24,CA_1,CA,HOBBIES,Wednesday,5,2,2016,NA,NA,NA,NA,0,0,0,473,2061.1200000000026,4.736285046728957,182
2016-02-24,CA_1,CA,HOUSEHOLD,Wednesday,5,2,2016,NA,NA,NA,NA,0,0,0,820,3426.1200000000026,4.967619047619041,376
2016-02-25,CA_1,CA,FOODS,Thursday,6,2,2016,NA,NA,NA,NA,0,0,0,2176,5742.319999999985,2.8579719081877055,694
2016-02-25,CA_1,CA,HOBBIES,Thursday,6,2,2016,NA,NA,NA,NA,0,0,0,451,2053.1500000000024,4.88162818955041,193
2016-02-25,CA_1,CA,HOUSEHOLD,Thursday,6,2,2016,NA,NA,NA,NA,0,0,0,769,3068.910000000002,4.928260273972601,356
2016-02-26,CA_1,CA,FOODS,Friday,7,2,2016,NA,NA,NA,NA,0,0,0,2713,6853.339999999975,2.733295154184994,745
2016-02-26,CA_1,CA,HOBBIES,Friday,7,2,2016,NA,NA,NA,NA,0,0,0,525,2458.2700000000027,4.853725934314843,207
2016-02-26,CA_1,CA,HOUSEHOLD,Friday,7,2,2016,NA,NA,NA,NA,0,0,0,849,3432.749999999999,4.865452145214517,381
2016-02-27,CA_1,CA,FOODS,Saturday,1,2,2016,NA,NA,NA,NA,0,0,1,3459,8915.059999999952,2.737021013597009,851
2016-02-27,CA_1,CA,HOBBIES,Saturday,1,2,2016,NA,NA,NA,NA,0,0,1,600,2973.23,5.068589743589769,229
2016-02-27,CA_1,CA,HOUSEHOLD,Saturday,1,2,2016,NA,NA,NA,NA,0,0,1,1270,5208.739999999997,4.695123018042633,488
2016-02-28,CA_1,CA,FOODS,Sunday,2,2,2016,NA,NA,NA,NA,0,0,1,3979,10243.559999999963,2.712605355575047,860
2016-02-28,CA_1,CA,HOBBIES,Sunday,2,2,2016,NA,NA,NA,NA,0,0,1,740,3017.370000000001,4.468293357933602,221
2016-02-28,CA_1,CA,HOUSEHOLD,Sunday,2,2,2016,NA,NA,NA,NA,0,0,1,1479,6320.5300000000025,4.723602177140011,505
2016-02-29,CA_1,CA,FOODS,Monday,3,2,2016,NA,NA,NA,NA,0,0,0,2465,6421.11999999998,2.8169013637804974,749
2016-02-29,CA_1,CA,HOBBIES,Monday,3,2,2016,NA,NA,NA,NA,0,0,0,414,2171.4700000000007,5.218566084788019,177
2016-02-29,CA_1,CA,HOUSEHOLD,Monday,3,2,2016,NA,NA,NA,NA,0,0,0,918,3617.319999999999,4.7685246953175096,406
2016-03-01,CA_1,CA,FOODS,Tuesday,4,3,2016,NA,NA,NA,NA,1,0,0,2404,6395.649999999984,2.8770522625876014,703
2016-03-01,CA_1,CA,HOBBIES,Tuesday,4,3,2016,NA,NA,NA,NA,1,0,0,568,2518.619999999998,4.731375661375686,188
2016-03-01,CA_1,CA,HOUSEHOLD,Tuesday,4,3,2016,NA,NA,NA,NA,1,0,0,858,3343.3400000000006,4.803964379947224,389
2016-03-02,CA_1,CA,FOODS,Wednesday,5,3,2016,NA,NA,NA,NA,1,0,0,2435,6354.659999999985,2.8199522292993295,732
2016-03-02,CA_1,CA,HOBBIES,Wednesday,5,3,2016,NA,NA,NA,NA,1,0,0,489,2298.409999999999,5.000539609644102,183
2016-03-02,CA_1,CA,HOUSEHOLD,Wednesday,5,3,2016,NA,NA,NA,NA,1,0,0,830,3196.0099999999975,4.787563081009294,371
2016-03-03,CA_1,CA,FOODS,Thursday,6,3,2016,NA,NA,NA,NA,1,0,0,2465,6503.81999999998,2.859964889881871,769
2016-03-03,CA_1,CA,HOBBIES,Thursday,6,3,2016,NA,NA,NA,NA,1,0,0,436,1940.760000000003,4.953403465346517,193
2016-03-03,CA_1,CA,HOUSEHOLD,Thursday,6,3,2016,NA,NA,NA,NA,1,0,0,868,3515.579999999999,4.816283068783067,403
2016-03-04,CA_1,CA,FOODS,Friday,7,3,2016,NA,NA,NA,NA,1,0,0,2835,7292.479999999976,2.769473834715443,775
2016-03-04,CA_1,CA,HOBBIES,Friday,7,3,2016,NA,NA,NA,NA,1,0,0,441,1919.9500000000023,4.764836759371207,179
2016-03-04,CA_1,CA,HOUSEHOLD,Friday,7,3,2016,NA,NA,NA,NA,1,0,0,887,3606.449999999999,4.807975260416667,398
2016-03-05,CA_1,CA,FOODS,Saturday,1,3,2016,NA,NA,NA,NA,1,0,1,3661,10019.219999999967,2.8310335917312446,841
2016-03-05,CA_1,CA,HOBBIES,Saturday,1,3,2016,NA,NA,NA,NA,1,0,1,596,3086.5999999999985,5.229318918918941,236
2016-03-05,CA_1,CA,HOUSEHOLD,Saturday,1,3,2016,NA,NA,NA,NA,1,0,1,1373,5381.820000000003,4.571981230448372,502
2016-03-06,CA_1,CA,FOODS,Sunday,2,3,2016,NA,NA,NA,NA,1,0,1,4435,11808.369999999948,2.7530503018108434,902
2016-03-06,CA_1,CA,HOBBIES,Sunday,2,3,2016,NA,NA,NA,NA,1,0,1,826,3805.7200000000007,4.768263525305429,245
2016-03-06,CA_1,CA,HOUSEHOLD,Sunday,2,3,2016,NA,NA,NA,NA,1,0,1,1568,6603.989999999995,4.647444074250334,514
2016-03-07,CA_1,CA,FOODS,Monday,3,3,2016,NA,NA,NA,NA,1,0,0,2977,8233.77999999997,2.891985659128493,788
2016-03-07,CA_1,CA,HOBBIES,Monday,3,3,2016,NA,NA,NA,NA,1,0,0,470,2236.21,5.004370546318284,193
2016-03-07,CA_1,CA,HOUSEHOLD,Monday,3,3,2016,NA,NA,NA,NA,1,0,0,946,3714.509999999999,4.755780958307402,386
2016-03-08,CA_1,CA,FOODS,Tuesday,4,3,2016,NA,NA,NA,NA,1,0,0,2688,7283.919999999981,2.8841770647652707,759
2016-03-08,CA_1,CA,HOBBIES,Tuesday,4,3,2016,NA,NA,NA,NA,1,0,0,455,1906.9700000000028,4.789607609988094,179
2016-03-08,CA_1,CA,HOUSEHOLD,Tuesday,4,3,2016,NA,NA,NA,NA,1,0,0,787,3091.970000000002,4.817329737019551,351
2016-03-09,CA_1,CA,FOODS,Wednesday,5,3,2016,NA,NA,NA,NA,1,0,0,2493,6674.2099999999755,2.860018856065336,748
2016-03-09,CA_1,CA,HOBBIES,Wednesday,5,3,2016,NA,NA,NA,NA,1,0,0,464,1950.3100000000036,4.610921820303367,172
2016-03-09,CA_1,CA,HOUSEHOLD,Wednesday,5,3,2016,NA,NA,NA,NA,1,0,0,715,2832.2900000000004,4.952501781895932,359
2016-03-10,CA_1,CA,FOODS,Thursday,6,3,2016,NA,NA,NA,NA,1,0,0,2511,6742.5399999999845,2.8769165885660395,747
2016-03-10,CA_1,CA,HOBBIES,Thursday,6,3,2016,NA,NA,NA,NA,1,0,0,565,2126.3100000000004,4.478795811518329,175
2016-03-10,CA_1,CA,HOUSEHOLD,Thursday,6,3,2016,NA,NA,NA,NA,1,0,0,801,3240.120000000002,4.89333563059958,397
2016-03-11,CA_1,CA,FOODS,Friday,7,3,2016,NA,NA,NA,NA,0,0,0,2835,7435.549999999971,2.811044050343219,776
2016-03-11,CA_1,CA,HOBBIES,Friday,7,3,2016,NA,NA,NA,NA,0,0,0,364,1683.5100000000027,4.974999999999982,159
2016-03-11,CA_1,CA,HOUSEHOLD,Friday,7,3,2016,NA,NA,NA,NA,0,0,0,850,3538.3899999999976,4.893695506371558,406
2016-03-12,CA_1,CA,FOODS,Saturday,1,3,2016,NA,NA,NA,NA,0,0,1,3773,10074.359999999957,2.7689081656256995,887
2016-03-12,CA_1,CA,HOBBIES,Saturday,1,3,2016,NA,NA,NA,NA,0,0,1,743,2906.860000000001,4.350840336134478,237
2016-03-12,CA_1,CA,HOUSEHOLD,Saturday,1,3,2016,NA,NA,NA,NA,0,0,1,1417,5779.930000000001,4.668954382367995,513
2016-03-13,CA_1,CA,FOODS,Sunday,2,3,2016,NA,NA,NA,NA,0,0,1,3596,9859.49999999995,2.855917442137891,842
2016-03-13,CA_1,CA,HOBBIES,Sunday,2,3,2016,NA,NA,NA,NA,0,0,1,597,2503.889999999999,4.64917364016738,206
2016-03-13,CA_1,CA,HOUSEHOLD,Sunday,2,3,2016,NA,NA,NA,NA,0,0,1,1253,5014.05,4.637065868263457,463
2016-03-14,CA_1,CA,FOODS,Monday,3,3,2016,NA,NA,NA,NA,0,0,0,2775,7593.65999999998,2.881900058105724,770
2016-03-14,CA_1,CA,HOBBIES,Monday,3,3,2016,NA,NA,NA,NA,0,0,0,461,1985.1700000000021,4.84303721488594,193
2016-03-14,CA_1,CA,HOUSEHOLD,Monday,3,3,2016,NA,NA,NA,NA,0,0,0,954,3639.7599999999998,4.695425730267241,392
2016-03-15,CA_1,CA,FOODS,Tuesday,4,3,2016,NA,NA,NA,NA,0,0,0,2203,6046.639999999987,2.9413267729894512,693
2016-03-15,CA_1,CA,HOBBIES,Tuesday,4,3,2016,NA,NA,NA,NA,0,0,0,431,2007.9300000000019,5.078695121951207,176
2016-03-15,CA_1,CA,HOUSEHOLD,Tuesday,4,3,2016,NA,NA,NA,NA,0,0,0,823,3251.2899999999972,4.818442244224418,355
2016-03-16,CA_1,CA,FOODS,Wednesday,5,3,2016,NA,NA,NA,NA,0,0,0,2362,6347.379999999981,2.8725930721916155,710
2016-03-16,CA_1,CA,HOBBIES,Wednesday,5,3,2016,NA,NA,NA,NA,0,0,0,472,2116.460000000001,4.834321133412027,190
2016-03-16,CA_1,CA,HOUSEHOLD,Wednesday,5,3,2016,NA,NA,NA,NA,0,0,0,753,2954.8999999999987,4.879860139860133,370
2016-03-17,CA_1,CA,FOODS,Thursday,6,3,2016,StPatricksDay,Cultural,NA,NA,0,1,0,2211,6133.979999999991,2.9465231898564883,651
2016-03-17,CA_1,CA,HOBBIES,Thursday,6,3,2016,StPatricksDay,Cultural,NA,NA,0,1,0,335,1883.0900000000026,5.401559507523921,169
2016-03-17,CA_1,CA,HOUSEHOLD,Thursday,6,3,2016,StPatricksDay,Cultural,NA,NA,0,1,0,783,3203.0799999999995,4.884086836664366,379
2016-03-18,CA_1,CA,FOODS,Friday,7,3,2016,NA,NA,NA,NA,0,0,0,2749,7494.219999999973,2.873587338804191,774
2016-03-18,CA_1,CA,HOBBIES,Friday,7,3,2016,NA,NA,NA,NA,0,0,0,585,2381.8999999999996,4.6147603833865904,211
2016-03-18,CA_1,CA,HOUSEHOLD,Friday,7,3,2016,NA,NA,NA,NA,0,0,0,951,3858.379999999998,4.821915829145724,406
2016-03-19,CA_1,CA,FOODS,Saturday,1,3,2016,NA,NA,NA,NA,0,0,1,3725,9601.069999999963,2.7219888475836176,858
2016-03-19,CA_1,CA,HOBBIES,Saturday,1,3,2016,NA,NA,NA,NA,0,0,1,612,2806.030000000001,4.908463983050873,233
2016-03-19,CA_1,CA,HOUSEHOLD,Saturday,1,3,2016,NA,NA,NA,NA,0,0,1,1322,5509.98,4.6832891246684225,484
2016-03-20,CA_1,CA,FOODS,Sunday,2,3,2016,NA,NA,NA,NA,0,0,1,4240,11594.479999999947,2.8376611226610953,867
2016-03-20,CA_1,CA,HOBBIES,Sunday,2,3,2016,NA,NA,NA,NA,0,0,1,493,2989.290000000001,5.7295803357314465,224
2016-03-20,CA_1,CA,HOUSEHOLD,Sunday,2,3,2016,NA,NA,NA,NA,0,0,1,1464,5712.219999999996,4.483659970602629,470
2016-03-21,CA_1,CA,FOODS,Monday,3,3,2016,NA,NA,NA,NA,0,0,0,2766,7695.939999999973,2.932198891805162,774
2016-03-21,CA_1,CA,HOBBIES,Monday,3,3,2016,NA,NA,NA,NA,0,0,0,532,2302.9000000000015,4.705643896976482,204
2016-03-21,CA_1,CA,HOUSEHOLD,Monday,3,3,2016,NA,NA,NA,NA,0,0,0,944,3801.759999999997,4.795989911727612,405
2016-03-22,CA_1,CA,FOODS,Tuesday,4,3,2016,NA,NA,NA,NA,0,0,0,2598,6730.999999999982,2.7857518910740993,730
2016-03-22,CA_1,CA,HOBBIES,Tuesday,4,3,2016,NA,NA,NA,NA,0,0,0,440,2003.330000000003,4.879445114595882,176
2016-03-22,CA_1,CA,HOUSEHOLD,Tuesday,4,3,2016,NA,NA,NA,NA,0,0,0,738,2917.6400000000035,4.907604240282674,370
2016-03-23,CA_1,CA,FOODS,Wednesday,5,3,2016,NA,NA,NA,NA,0,0,0,2554,6741.149999999986,2.8400893407270167,745
2016-03-23,CA_1,CA,HOBBIES,Wednesday,5,3,2016,NA,NA,NA,NA,0,0,0,454,2084.8799999999997,4.8801081730769065,187
2016-03-23,CA_1,CA,HOUSEHOLD,Wednesday,5,3,2016,NA,NA,NA,NA,0,0,0,762,3114.9799999999973,4.956284916201114,377
2016-03-24,CA_1,CA,FOODS,Thursday,6,3,2016,Purim End,Religious,NA,NA,0,1,0,2681,7007.529999999986,2.815406528189882,748
2016-03-24,CA_1,CA,HOBBIES,Thursday,6,3,2016,Purim End,Religious,NA,NA,0,1,0,474,1993.4000000000024,4.736705069124412,171
2016-03-24,CA_1,CA,HOUSEHOLD,Thursday,6,3,2016,Purim End,Religious,NA,NA,0,1,0,815,3419.2600000000016,4.901575716234646,396
2016-03-25,CA_1,CA,FOODS,Friday,7,3,2016,NA,NA,NA,NA,0,0,0,3421,9212.909999999967,2.8215342601787228,830
2016-03-25,CA_1,CA,HOBBIES,Friday,7,3,2016,NA,NA,NA,NA,0,0,0,446,2359.540000000001,5.238945454545465,186
2016-03-25,CA_1,CA,HOUSEHOLD,Friday,7,3,2016,NA,NA,NA,NA,0,0,0,1037,4303.559999999998,4.827137659187377,435
2016-03-26,CA_1,CA,FOODS,Saturday,1,3,2016,NA,NA,NA,NA,0,0,1,4251,11256.679999999951,2.7561666666666405,888
2016-03-26,CA_1,CA,HOBBIES,Saturday,1,3,2016,NA,NA,NA,NA,0,0,1,610,3037.090000000003,5.0436593059937165,224
2016-03-26,CA_1,CA,HOUSEHOLD,Saturday,1,3,2016,NA,NA,NA,NA,0,0,1,1278,5179.400000000002,4.614559868780747,496
2016-03-27,CA_1,CA,FOODS,Sunday,2,3,2016,Easter,Cultural,NA,NA,0,1,1,3366,8736.399999999969,2.775737989103492,765
2016-03-27,CA_1,CA,HOBBIES,Sunday,2,3,2016,Easter,Cultural,NA,NA,0,1,1,369,2355.59,5.739027962716389,183
2016-03-27,CA_1,CA,HOUSEHOLD,Sunday,2,3,2016,Easter,Cultural,NA,NA,0,1,1,934,3896.7799999999975,4.84698863636363,397
2016-03-28,CA_1,CA,FOODS,Monday,3,3,2016,NA,NA,NA,NA,0,0,0,2480,6937.3499999999785,2.9428858218318377,729
2016-03-28,CA_1,CA,HOBBIES,Monday,3,3,2016,NA,NA,NA,NA,0,0,0,535,2203.9300000000007,4.671313789359401,179
2016-03-28,CA_1,CA,HOUSEHOLD,Monday,3,3,2016,NA,NA,NA,NA,0,0,0,890,3598.289999999998,4.82153747597693,376
2016-03-29,CA_1,CA,FOODS,Tuesday,4,3,2016,NA,NA,NA,NA,0,0,0,2481,6557.309999999982,2.8474681578129517,699
2016-03-29,CA_1,CA,HOBBIES,Tuesday,4,3,2016,NA,NA,NA,NA,0,0,0,498,2163.1099999999997,4.780498301245749,180
2016-03-29,CA_1,CA,HOUSEHOLD,Tuesday,4,3,2016,NA,NA,NA,NA,0,0,0,809,3304.600000000003,4.95256237356709,373
2016-03-30,CA_1,CA,FOODS,Wednesday,5,3,2016,NA,NA,NA,NA,0,0,0,2135,5787.28999999999,2.9069468870910717,729
2016-03-30,CA_1,CA,HOBBIES,Wednesday,5,3,2016,NA,NA,NA,NA,0,0,0,465,2143.09,4.907241379310332,189
2016-03-30,CA_1,CA,HOUSEHOLD,Wednesday,5,3,2016,NA,NA,NA,NA,0,0,0,739,2844.6100000000015,4.889711673699008,364
2016-03-31,CA_1,CA,FOODS,Thursday,6,3,2016,NA,NA,NA,NA,0,0,0,2651,6610.299999999975,2.7332636607942358,739
2016-03-31,CA_1,CA,HOBBIES,Thursday,6,3,2016,NA,NA,NA,NA,0,0,0,536,2175.820000000001,4.574635761589397,195
2016-03-31,CA_1,CA,HOUSEHOLD,Thursday,6,3,2016,NA,NA,NA,NA,0,0,0,889,3501.8799999999987,4.807354289456445,409
2016-04-01,CA_1,CA,FOODS,Friday,7,4,2016,NA,NA,NA,NA,1,0,0,3132,8704.029999999966,2.8963694951664563,845
2016-04-01,CA_1,CA,HOBBIES,Friday,7,4,2016,NA,NA,NA,NA,1,0,0,743,3120.169999999998,4.585165441176492,220
2016-04-01,CA_1,CA,HOUSEHOLD,Friday,7,4,2016,NA,NA,NA,NA,1,0,0,1108,4590.849999999997,4.7682186948853555,454
2016-04-02,CA_1,CA,FOODS,Saturday,1,4,2016,NA,NA,NA,NA,1,0,1,3890,10677.839999999946,2.8336202645146584,866
2016-04-02,CA_1,CA,HOBBIES,Saturday,1,4,2016,NA,NA,NA,NA,1,0,1,603,2768.3799999999983,4.881071428571455,216
2016-04-02,CA_1,CA,HOUSEHOLD,Saturday,1,4,2016,NA,NA,NA,NA,1,0,1,1384,5869.710000000003,4.735098547717833,503
2016-04-03,CA_1,CA,FOODS,Sunday,2,4,2016,NA,NA,NA,NA,1,0,1,4226,11756.799999999954,2.8525336700336457,911
2016-04-03,CA_1,CA,HOBBIES,Sunday,2,4,2016,NA,NA,NA,NA,1,0,1,790,3306.2800000000007,4.477466307277648,242
2016-04-03,CA_1,CA,HOUSEHOLD,Sunday,2,4,2016,NA,NA,NA,NA,1,0,1,1480,6098.549999999998,4.6082458770614485,526
2016-04-04,CA_1,CA,FOODS,Monday,3,4,2016,NA,NA,NA,NA,1,0,0,3273,8821.539999999968,2.83769290123454,822
2016-04-04,CA_1,CA,HOBBIES,Monday,3,4,2016,NA,NA,NA,NA,1,0,0,463,2308.489999999999,5.071289156626503,198
2016-04-04,CA_1,CA,HOUSEHOLD,Monday,3,4,2016,NA,NA,NA,NA,1,0,0,1076,4235.649999999996,4.635685814771391,417
2016-04-05,CA_1,CA,FOODS,Tuesday,4,4,2016,NA,NA,NA,NA,1,0,0,2711,7434.399999999975,2.9048859934853093,771
2016-04-05,CA_1,CA,HOBBIES,Tuesday,4,4,2016,NA,NA,NA,NA,1,0,0,545,2226.6299999999987,4.586851654215588,173
2016-04-05,CA_1,CA,HOUSEHOLD,Tuesday,4,4,2016,NA,NA,NA,NA,1,0,0,807,3375.9300000000026,4.941907983761836,376
2016-04-06,CA_1,CA,FOODS,Wednesday,5,4,2016,NA,NA,NA,NA,1,0,0,2698,7406.62999999998,2.913402244536297,749
2016-04-06,CA_1,CA,HOBBIES,Wednesday,5,4,2016,NA,NA,NA,NA,1,0,0,427,2169.48,5.217179802955666,180
2016-04-06,CA_1,CA,HOUSEHOLD,Wednesday,5,4,2016,NA,NA,NA,NA,1,0,0,839,3463.4899999999984,4.896567460317459,374
2016-04-07,CA_1,CA,FOODS,Thursday,6,4,2016,NA,NA,NA,NA,1,0,0,2450,6710.959999999982,2.9042947903430405,739
2016-04-07,CA_1,CA,HOBBIES,Thursday,6,4,2016,NA,NA,NA,NA,1,0,0,394,2062.750000000003,5.257256637168132,168
2016-04-07,CA_1,CA,HOUSEHOLD,Thursday,6,4,2016,NA,NA,NA,NA,1,0,0,811,3487.089999999998,4.947730690362267,395
2016-04-08,CA_1,CA,FOODS,Friday,7,4,2016,NA,NA,NA,NA,1,0,0,3141,8633.379999999966,2.877051792828654,813
2016-04-08,CA_1,CA,HOBBIES,Friday,7,4,2016,NA,NA,NA,NA,1,0,0,582,2252.81,4.537766179540722,189
2016-04-08,CA_1,CA,HOUSEHOLD,Friday,7,4,2016,NA,NA,NA,NA,1,0,0,996,3985.3599999999965,4.733166357452067,426
2016-04-09,CA_1,CA,FOODS,Saturday,1,4,2016,NA,NA,NA,NA,1,0,1,4073,11235.029999999935,2.843197382769875,925
2016-04-09,CA_1,CA,HOBBIES,Saturday,1,4,2016,NA,NA,NA,NA,1,0,1,571,2727.789999999998,4.91749726775959,221
2016-04-09,CA_1,CA,HOUSEHOLD,Saturday,1,4,2016,NA,NA,NA,NA,1,0,1,1468,5947.729999999994,4.602352647352628,513
2016-04-10,CA_1,CA,FOODS,Sunday,2,4,2016,NA,NA,NA,NA,1,0,1,4061,11129.169999999964,2.8386056644879947,908
2016-04-10,CA_1,CA,HOBBIES,Sunday,2,4,2016,NA,NA,NA,NA,1,0,1,547,2755.0499999999997,5.208699095022649,228
2016-04-10,CA_1,CA,HOUSEHOLD,Sunday,2,4,2016,NA,NA,NA,NA,1,0,1,1361,5691.690000000001,4.686835836354213,477
2016-04-11,CA_1,CA,FOODS,Monday,3,4,2016,NA,NA,NA,NA,0,0,0,2876,7954.739999999978,2.902122332859146,798
2016-04-11,CA_1,CA,HOBBIES,Monday,3,4,2016,NA,NA,NA,NA,0,0,0,620,2426.1800000000007,4.5196107784431385,183
2016-04-11,CA_1,CA,HOUSEHOLD,Monday,3,4,2016,NA,NA,NA,NA,0,0,0,988,3970.469999999999,4.786226993865029,405
2016-04-12,CA_1,CA,FOODS,Tuesday,4,4,2016,NA,NA,NA,NA,0,0,0,2372,6632.1899999999805,2.943466666666633,734
2016-04-12,CA_1,CA,HOBBIES,Tuesday,4,4,2016,NA,NA,NA,NA,0,0,0,391,1910.3500000000026,5.153727959697714,162
2016-04-12,CA_1,CA,HOUSEHOLD,Tuesday,4,4,2016,NA,NA,NA,NA,0,0,0,816,3228.570000000001,4.816396276595741,359
2016-04-13,CA_1,CA,FOODS,Wednesday,5,4,2016,NA,NA,NA,NA,0,0,0,2341,6345.029999999982,2.8882337577537993,715
2016-04-13,CA_1,CA,HOBBIES,Wednesday,5,4,2016,NA,NA,NA,NA,0,0,0,415,2072.6400000000026,5.3283144654088055,185
2016-04-13,CA_1,CA,HOUSEHOLD,Wednesday,5,4,2016,NA,NA,NA,NA,0,0,0,722,2990.5400000000004,4.983832039520106,352
2016-04-14,CA_1,CA,FOODS,Thursday,6,4,2016,NA,NA,NA,NA,0,0,0,2421,6790.989999999992,2.9562472053656648,727
2016-04-14,CA_1,CA,HOBBIES,Thursday,6,4,2016,NA,NA,NA,NA,0,0,0,429,1961.3600000000022,4.972839805825226,170
2016-04-14,CA_1,CA,HOUSEHOLD,Thursday,6,4,2016,NA,NA,NA,NA,0,0,0,787,3245.15,4.957758855585827,366
2016-04-15,CA_1,CA,FOODS,Friday,7,4,2016,NA,NA,NA,NA,0,0,0,2706,7606.32999999997,2.934878193701693,777
2016-04-15,CA_1,CA,HOBBIES,Friday,7,4,2016,NA,NA,NA,NA,0,0,0,401,1947.5000000000018,5.186361323155197,180
2016-04-15,CA_1,CA,HOUSEHOLD,Friday,7,4,2016,NA,NA,NA,NA,0,0,0,875,3415.47,4.749544863459035,384
2016-04-16,CA_1,CA,FOODS,Saturday,1,4,2016,NA,NA,NA,NA,0,0,1,3481,9485.159999999953,2.84978431372546,838
2016-04-16,CA_1,CA,HOBBIES,Saturday,1,4,2016,NA,NA,NA,NA,0,0,1,722,3281.500000000002,4.60897533206833,233
2016-04-16,CA_1,CA,HOUSEHOLD,Saturday,1,4,2016,NA,NA,NA,NA,0,0,1,1234,5055.549999999996,4.6507839912280575,457
2016-04-17,CA_1,CA,FOODS,Sunday,2,4,2016,NA,NA,NA,NA,0,0,1,4004,10917.66999999996,2.816256567425548,873
2016-04-17,CA_1,CA,HOBBIES,Sunday,2,4,2016,NA,NA,NA,NA,0,0,1,655,2868.3199999999997,4.67959879638919,223
2016-04-17,CA_1,CA,HOUSEHOLD,Sunday,2,4,2016,NA,NA,NA,NA,0,0,1,1295,5368.689999999999,4.679764201500523,476
2016-04-18,CA_1,CA,FOODS,Monday,3,4,2016,NA,NA,NA,NA,0,0,0,2886,7898.899999999979,2.8801915380216982,825
2016-04-18,CA_1,CA,HOBBIES,Monday,3,4,2016,NA,NA,NA,NA,0,0,0,542,2453.91,4.816586695747018,190
2016-04-18,CA_1,CA,HOUSEHOLD,Monday,3,4,2016,NA,NA,NA,NA,0,0,0,917,3901.4899999999975,4.874802547770696,394
2016-04-19,CA_1,CA,FOODS,Tuesday,4,4,2016,NA,NA,NA,NA,0,0,0,2488,6949.279999999977,2.9452169811320412,745
2016-04-19,CA_1,CA,HOBBIES,Tuesday,4,4,2016,NA,NA,NA,NA,0,0,0,495,2071.350000000002,4.7341418764301935,186
2016-04-19,CA_1,CA,HOUSEHOLD,Tuesday,4,4,2016,NA,NA,NA,NA,0,0,0,810,3510.1199999999976,5.012838487972512,402
2016-04-20,CA_1,CA,FOODS,Wednesday,5,4,2016,NA,NA,NA,NA,0,0,0,2490,6938.529999999982,2.9483775252524906,759
2016-04-20,CA_1,CA,HOBBIES,Wednesday,5,4,2016,NA,NA,NA,NA,0,0,0,363,1689.0600000000024,5.008541392904054,167
2016-04-20,CA_1,CA,HOUSEHOLD,Wednesday,5,4,2016,NA,NA,NA,NA,0,0,0,869,3720.26,4.934275217100865,419
2016-04-21,CA_1,CA,FOODS,Thursday,6,4,2016,NA,NA,NA,NA,0,0,0,2533,6824.209999999976,2.8771717485998467,756
2016-04-21,CA_1,CA,HOBBIES,Thursday,6,4,2016,NA,NA,NA,NA,0,0,0,410,1681.340000000001,4.917026699029106,151
2016-04-21,CA_1,CA,HOUSEHOLD,Thursday,6,4,2016,NA,NA,NA,NA,0,0,0,766,3182.4399999999996,4.935031402651773,380
2016-04-22,CA_1,CA,FOODS,Friday,7,4,2016,NA,NA,NA,NA,0,0,0,2960,8226.639999999963,2.899896387566478,826
2016-04-22,CA_1,CA,HOBBIES,Friday,7,4,2016,NA,NA,NA,NA,0,0,0,527,2104.770000000001,4.6822184300341165,213
2016-04-22,CA_1,CA,HOUSEHOLD,Friday,7,4,2016,NA,NA,NA,NA,0,0,0,900,3873.6699999999987,4.931200265251984,439
2016-04-23,CA_1,CA,FOODS,Saturday,1,4,2016,NA,NA,NA,NA,0,0,1,3655,10037.57999999995,2.859586914995197,904
2016-04-23,CA_1,CA,HOBBIES,Saturday,1,4,2016,NA,NA,NA,NA,0,0,1,670,2958.17,4.6786220871327515,248
2016-04-23,CA_1,CA,HOUSEHOLD,Saturday,1,4,2016,NA,NA,NA,NA,0,0,1,1252,5322.179999999993,4.756467268623018,527
2016-04-24,CA_1,CA,FOODS,Sunday,2,4,2016,NA,NA,NA,NA,0,0,1,4053,11229.929999999938,2.8547844167213543,921
2016-04-24,CA_1,CA,HOBBIES,Sunday,2,4,2016,NA,NA,NA,NA,0,0,1,714,2943.7300000000005,4.546410505836595,251
2016-04-24,CA_1,CA,HOUSEHOLD,Sunday,2,4,2016,NA,NA,NA,NA,0,0,1,1346,5856.06,4.777555077915084,532
2016-04-25,CA_1,CA,FOODS,Monday,3,4,2016,NA,NA,NA,NA,0,0,0,2893,7989.599999999972,2.9010212277681915,844
2016-04-25,CA_1,CA,HOBBIES,Monday,3,4,2016,NA,NA,NA,NA,0,0,0,589,1803.760000000003,4.07008290155439,189
2016-04-25,CA_1,CA,HOUSEHOLD,Monday,3,4,2016,NA,NA,NA,NA,0,0,0,990,4093.7200000000007,4.836689440993786,427
2016-04-26,CA_1,CA,FOODS,Tuesday,4,4,2016,NA,NA,NA,NA,0,0,0,2518,6921.409999999978,2.9205745682888224,770
2016-04-26,CA_1,CA,HOBBIES,Tuesday,4,4,2016,NA,NA,NA,NA,0,0,0,426,1868.9500000000025,4.862718446601927,167
2016-04-26,CA_1,CA,HOUSEHOLD,Tuesday,4,4,2016,NA,NA,NA,NA,0,0,0,759,3205.8499999999976,4.97839887640449,382
2016-04-27,CA_1,CA,FOODS,Wednesday,5,4,2016,NA,NA,NA,NA,0,0,0,2467,6856.779999999973,2.9182822477649766,772
2016-04-27,CA_1,CA,HOBBIES,Wednesday,5,4,2016,NA,NA,NA,NA,0,0,0,451,1883.7900000000027,4.720941597139436,177
2016-04-27,CA_1,CA,HOUSEHOLD,Wednesday,5,4,2016,NA,NA,NA,NA,0,0,0,797,3297.269999999999,4.928942307692303,388
2016-04-28,CA_1,CA,FOODS,Thursday,6,4,2016,NA,NA,NA,NA,0,0,0,2446,6436.479999999979,2.847984742530166,737
2016-04-28,CA_1,CA,HOBBIES,Thursday,6,4,2016,NA,NA,NA,NA,0,0,0,432,2154.3499999999985,5.156564792176036,179
2016-04-28,CA_1,CA,HOUSEHOLD,Thursday,6,4,2016,NA,NA,NA,NA,0,0,0,740,3251.7399999999984,5.073003533568898,372
2016-04-29,CA_1,CA,FOODS,Friday,7,4,2016,NA,NA,NA,NA,0,0,0,3032,8373.51999999997,2.896217702034052,831
2016-04-29,CA_1,CA,HOBBIES,Friday,7,4,2016,NA,NA,NA,NA,0,0,0,584,2998.139999999999,5.098716861081676,206
2016-04-29,CA_1,CA,HOUSEHOLD,Friday,7,4,2016,NA,NA,NA,NA,0,0,0,957,4159.449999999998,4.944393063583809,447
2016-04-30,CA_1,CA,FOODS,Saturday,1,4,2016,Pesach End,Religious,NA,NA,0,1,1,3950,10257.069999999949,2.7159467918622573,914
2016-04-30,CA_1,CA,HOBBIES,Saturday,1,4,2016,Pesach End,Religious,NA,NA,0,1,1,636,2600.119999999999,4.564409368635457,219
2016-04-30,CA_1,CA,HOUSEHOLD,Saturday,1,4,2016,Pesach End,Religious,NA,NA,0,1,1,1312,5796.749999999996,4.853412610619453,551
2016-05-01,CA_1,CA,FOODS,Sunday,2,5,2016,OrthodoxEaster,Religious,NA,NA,1,1,1,4254,11693.029999999955,2.8302641509433735,921
2016-05-01,CA_1,CA,HOBBIES,Sunday,2,5,2016,OrthodoxEaster,Religious,NA,NA,1,1,1,684,3057.9799999999996,4.743277393879588,236
2016-05-01,CA_1,CA,HOUSEHOLD,Sunday,2,5,2016,OrthodoxEaster,Religious,NA,NA,1,1,1,1459,6206.129999999994,4.682427480916015,541
2016-05-02,CA_1,CA,FOODS,Monday,3,5,2016,NA,NA,NA,NA,1,0,0,3278,9168.46999999997,2.9014337474119785,851
2016-05-02,CA_1,CA,HOBBIES,Monday,3,5,2016,NA,NA,NA,NA,1,0,0,529,2205.5699999999997,4.722042889390511,208
2016-05-02,CA_1,CA,HOUSEHOLD,Monday,3,5,2016,NA,NA,NA,NA,1,0,0,987,4123.49,4.8542803738317675,429
2016-05-03,CA_1,CA,FOODS,Tuesday,4,5,2016,NA,NA,NA,NA,1,0,0,2997,8260.119999999968,2.8818671853292246,835
2016-05-03,CA_1,CA,HOBBIES,Tuesday,4,5,2016,NA,NA,NA,NA,1,0,0,628,2633.130000000001,4.642489711934185,221
2016-05-03,CA_1,CA,HOUSEHOLD,Tuesday,4,5,2016,NA,NA,NA,NA,1,0,0,969,4055.779999999998,4.846957070707066,432
2016-05-04,CA_1,CA,FOODS,Wednesday,5,5,2016,NA,NA,NA,NA,1,0,0,2840,7769.289999999971,2.891126476519703,806
2016-05-04,CA_1,CA,HOBBIES,Wednesday,5,5,2016,NA,NA,NA,NA,1,0,0,565,1981.7000000000023,4.319958027282255,177
2016-05-04,CA_1,CA,HOUSEHOLD,Wednesday,5,5,2016,NA,NA,NA,NA,1,0,0,829,3549.049999999999,4.965785861358949,419
2016-05-05,CA_1,CA,FOODS,Thursday,6,5,2016,Cinco De Mayo,Cultural,NA,NA,1,1,0,2735,7410.629999999978,2.8769475545079257,778
2016-05-05,CA_1,CA,HOBBIES,Thursday,6,5,2016,Cinco De Mayo,Cultural,NA,NA,1,1,0,439,1918.480000000003,4.841499395405061,177
2016-05-05,CA_1,CA,HOUSEHOLD,Thursday,6,5,2016,Cinco De Mayo,Cultural,NA,NA,1,1,0,744,2988.2500000000005,4.899464285714276,391
2016-05-06,CA_1,CA,FOODS,Friday,7,5,2016,NA,NA,NA,NA,1,0,0,3303,9546.94999999996,2.9808687806135294,861
2016-05-06,CA_1,CA,HOBBIES,Friday,7,5,2016,NA,NA,NA,NA,1,0,0,570,2389.9,4.620513661202184,220
2016-05-06,CA_1,CA,HOUSEHOLD,Friday,7,5,2016,NA,NA,NA,NA,1,0,0,931,3861.5899999999983,4.861071195297185,447
2016-05-07,CA_1,CA,FOODS,Saturday,1,5,2016,NA,NA,NA,NA,1,0,1,4106,11182.049999999948,2.8286597267403777,932
2016-05-07,CA_1,CA,HOBBIES,Saturday,1,5,2016,NA,NA,NA,NA,1,0,1,646,3031.1899999999982,4.895010351966899,245
2016-05-07,CA_1,CA,HOUSEHOLD,Saturday,1,5,2016,NA,NA,NA,NA,1,0,1,1317,5540.510000000005,4.738090371167282,505
2016-05-08,CA_1,CA,FOODS,Sunday,2,5,2016,Mother's day,Cultural,NA,NA,1,1,1,3630,9760.789999999955,2.82888229710486,853
2016-05-08,CA_1,CA,HOBBIES,Sunday,2,5,2016,Mother's day,Cultural,NA,NA,1,1,1,513,2408.6799999999976,5.021517241379321,208
2016-05-08,CA_1,CA,HOUSEHOLD,Sunday,2,5,2016,Mother's day,Cultural,NA,NA,1,1,1,1069,4836.480000000008,4.983711340206178,467
2016-05-09,CA_1,CA,FOODS,Monday,3,5,2016,NA,NA,NA,NA,1,0,0,3245,9070.579999999962,2.905242920238992,833
2016-05-09,CA_1,CA,HOBBIES,Monday,3,5,2016,NA,NA,NA,NA,1,0,0,641,2373.5399999999977,4.419477911646602,210
2016-05-09,CA_1,CA,HOUSEHOLD,Monday,3,5,2016,NA,NA,NA,NA,1,0,0,973,4050.239999999999,4.846003787878784,436
2016-05-10,CA_1,CA,FOODS,Tuesday,4,5,2016,NA,NA,NA,NA,1,0,0,2896,8457.759999999962,3.032934938377721,844
2016-05-10,CA_1,CA,HOBBIES,Tuesday,4,5,2016,NA,NA,NA,NA,1,0,0,389,2059.4800000000037,5.322295514511856,196
2016-05-10,CA_1,CA,HOUSEHOLD,Tuesday,4,5,2016,NA,NA,NA,NA,1,0,0,819,3579.9999999999973,5.052506868131861,410
2016-05-11,CA_1,CA,FOODS,Wednesday,5,5,2016,NA,NA,NA,NA,0,0,0,2687,7233.329999999974,2.8954028863499386,798
2016-05-11,CA_1,CA,HOBBIES,Wednesday,5,5,2016,NA,NA,NA,NA,0,0,0,505,2299.9599999999987,4.863080459770115,200
2016-05-11,CA_1,CA,HOUSEHOLD,Wednesday,5,5,2016,NA,NA,NA,NA,0,0,0,790,3213.8699999999976,4.9431223922114,399
2016-05-12,CA_1,CA,FOODS,Thursday,6,5,2016,NA,NA,NA,NA,0,0,0,2663,7283.429999999978,2.885410233121369,797
2016-05-12,CA_1,CA,HOBBIES,Thursday,6,5,2016,NA,NA,NA,NA,0,0,0,596,2188.1000000000013,4.39345833333333,201
2016-05-12,CA_1,CA,HOUSEHOLD,Thursday,6,5,2016,NA,NA,NA,NA,0,0,0,790,3500.890000000001,5.0127431770468815,408
2016-05-13,CA_1,CA,FOODS,Friday,7,5,2016,NA,NA,NA,NA,0,0,0,3365,8729.999999999962,2.753112751336191,873
2016-05-13,CA_1,CA,HOBBIES,Friday,7,5,2016,NA,NA,NA,NA,0,0,0,588,2558.1299999999987,4.7628955866523315,224
2016-05-13,CA_1,CA,HOUSEHOLD,Friday,7,5,2016,NA,NA,NA,NA,0,0,0,998,4247.379999999997,4.841318611987375,460
2016-05-14,CA_1,CA,FOODS,Saturday,1,5,2016,NA,NA,NA,NA,0,0,1,4046,10928.819999999954,2.8052721685688935,927
2016-05-14,CA_1,CA,HOBBIES,Saturday,1,5,2016,NA,NA,NA,NA,0,0,1,806,3379.0100000000007,4.537522281639944,249
2016-05-14,CA_1,CA,HOUSEHOLD,Saturday,1,5,2016,NA,NA,NA,NA,0,0,1,1393,6006.51999999999,4.774611752360948,534
2016-05-15,CA_1,CA,FOODS,Sunday,2,5,2016,NA,NA,NA,NA,0,0,1,4717,12736.019999999948,2.7954548966582737,977
2016-05-15,CA_1,CA,HOBBIES,Sunday,2,5,2016,NA,NA,NA,NA,0,0,1,687,2989.310000000001,4.708338308457734,247
2016-05-15,CA_1,CA,HOUSEHOLD,Sunday,2,5,2016,NA,NA,NA,NA,0,0,1,1303,6004.949999999989,4.945927750410488,523
2016-05-16,CA_1,CA,FOODS,Monday,3,5,2016,NA,NA,NA,NA,0,0,0,3198,8935.339999999966,2.9255785014561524,858
2016-05-16,CA_1,CA,HOBBIES,Monday,3,5,2016,NA,NA,NA,NA,0,0,0,417,2181.22,5.25244640605295,189
2016-05-16,CA_1,CA,HOUSEHOLD,Monday,3,5,2016,NA,NA,NA,NA,0,0,0,953,4120.059999999997,4.902225080385847,445
2016-05-17,CA_1,CA,FOODS,Tuesday,4,5,2016,NA,NA,NA,NA,0,0,0,2794,7479.56999999997,2.8347262667442887,797
2016-05-17,CA_1,CA,HOBBIES,Tuesday,4,5,2016,NA,NA,NA,NA,0,0,0,393,1640.270000000003,4.862989821882934,172
2016-05-17,CA_1,CA,HOUSEHOLD,Tuesday,4,5,2016,NA,NA,NA,NA,0,0,0,762,3327.3099999999977,5.023788088642657,365
2016-05-18,CA_1,CA,FOODS,Wednesday,5,5,2016,NA,NA,NA,NA,0,0,0,2816,7566.389999999979,2.8599655568311957,769
2016-05-18,CA_1,CA,HOBBIES,Wednesday,5,5,2016,NA,NA,NA,NA,0,0,0,381,1775.2200000000023,5.000973111395627,165
2016-05-18,CA_1,CA,HOUSEHOLD,Wednesday,5,5,2016,NA,NA,NA,NA,0,0,0,798,3579.0099999999984,5.069514426460238,424
2016-05-19,CA_1,CA,FOODS,Thursday,6,5,2016,NA,NA,NA,NA,0,0,0,2854,7480.579999999982,2.8106133562625084,802
2016-05-19,CA_1,CA,HOBBIES,Thursday,6,5,2016,NA,NA,NA,NA,0,0,0,406,2155.33,5.331251612903212,196
2016-05-19,CA_1,CA,HOUSEHOLD,Thursday,6,5,2016,NA,NA,NA,NA,0,0,0,876,3623.989999999999,4.8629475100942114,437
2016-05-20,CA_1,CA,FOODS,Friday,7,5,2016,NA,NA,NA,NA,0,0,0,2993,7846.329999999972,2.7911372440508853,816
2016-05-20,CA_1,CA,HOBBIES,Friday,7,5,2016,NA,NA,NA,NA,0,0,0,539,2424.0199999999995,4.830915178571436,208
2016-05-20,CA_1,CA,HOUSEHOLD,Friday,7,5,2016,NA,NA,NA,NA,0,0,0,901,3729.299999999998,4.895832223701729,446
2016-05-21,CA_1,CA,FOODS,Saturday,1,5,2016,NA,NA,NA,NA,0,0,1,3783,10309.369999999946,2.8363600464575782,915
2016-05-21,CA_1,CA,HOBBIES,Saturday,1,5,2016,NA,NA,NA,NA,0,0,1,719,2888.189999999999,4.430019230769254,244
2016-05-21,CA_1,CA,HOUSEHOLD,Saturday,1,5,2016,NA,NA,NA,NA,0,0,1,1262,5440.139999999996,4.8254520244037575,506
2016-05-22,CA_1,CA,FOODS,Sunday,2,5,2016,NA,NA,NA,NA,0,0,1,4327,12127.389999999954,2.8904485324514044,926
2016-05-22,CA_1,CA,HOBBIES,Sunday,2,5,2016,NA,NA,NA,NA,0,0,1,646,3187.6199999999985,5.023001027749253,238
2016-05-22,CA_1,CA,HOUSEHOLD,Sunday,2,5,2016,NA,NA,NA,NA,0,0,1,1316,5795.4299999999985,4.811388132825248,526
