item_id,dept_id,cat_id,total_sales,average_daily_sales,median_daily_sales,zero_sales_pct,active_days,average_price
FOODS_3_090,FOODS_3,FOODS,128855,66.3858835651728,62,24.16280267903143,1472,1.3849510561566194
FOODS_3_586,FOODS_3,FOODS,88846,45.77331272539924,43,0.36063884595569295,1934,1.5945285935084994
FOODS_3_252,FOODS_3,FOODS,76055,39.18341061308606,35,0.3091190108191654,1935,1.5194126738794427
FOODS_3_120,FOODS_3,FOODS,63107,32.5126223596085,30,34.363730036063885,1274,4.98
FOODS_3_714,FOODS_3,FOODS,54617,28.13858835651733,25,0.36063884595569295,1934,1.5230190623390008
FOODS_3_587,FOODS_3,FOODS,52356,26.97372488408026,27,23.44152498712004,1486,2.5586192684183415
FOODS_3_808,FOODS_3,FOODS,46094,23.74755280783112,18,21.277691911385883,1528,1.0006491499227201
FOODS_2_197,FOODS_2,FOODS,41312,21.283874291602295,20,8.191653786707882,1782,3.228572900566719
FOODS_3_080,FOODS_3,FOODS,39673,20.439464193714514,20,0.3091190108191654,1935,1.5945285935084994
FOODS_3_555,FOODS_3,FOODS,38446,19.80731581658939,19,0.3091190108191654,1935,1.5945285935084994
FOODS_3_541,FOODS_3,FOODS,36420,18.763523956723258,14,21.483771251931994,1524,1.0006491499227201
FOODS_3_741,FOODS_3,FOODS,35820,18.45440494590416,16,6.388459556929418,1817,1.330453374549201
FOODS_2_019,FOODS_2,FOODS,35716,18.40082431736223,17,8.346213292117465,1779,3.228861411643483
FOODS_3_635,FOODS_3,FOODS,34681,17.86759402369921,12,24.626481195260176,1463,1.000432766615147
FOODS_3_099,FOODS_3,FOODS,33604,17.31272539927871,17,4.739824832560536,1849,2.4972388831437433
FOODS_3_681,FOODS_3,FOODS,33533,17.27614631633173,13,9.222050489438434,1762,1.1053065430190638
FOODS_3_318,FOODS_3,FOODS,32973,16.98763523956711,12,29.82998454404946,1362,1.3192272024729503
FOODS_3_202,FOODS_3,FOODS,31825,16.39618753219988,16,10.870685213807315,1730,4.320443070582176
FOODS_3_282,FOODS_3,FOODS,29891,15.399793920659256,7,48.99536321483771,990,2.5045974781765277
FOODS_3_694,FOODS_3,FOODS,29362,15.127253992787201,14,0.41215868109222054,1933,1.6046264811952604
FOODS_3_491,FOODS_3,FOODS,29211,15.049459041731042,14,24.52344152498712,1465,1.3826790314270985
FOODS_3_501,FOODS_3,FOODS,29004,14.942812982998435,13,13.49819680577022,1679,0.8178155589902113
FOODS_3_723,FOODS_3,FOODS,28840,14.858320453374516,13,23.956723338485318,1476,1.3808397733127238
FOODS_3_295,FOODS_3,FOODS,28691,14.781555899021136,13,12.673879443585781,1695,0.8181761978361669
FOODS_3_319,FOODS_3,FOODS,28434,14.649149922720184,11,19.68057702215353,1559,1
FOODS_3_064,FOODS_3,FOODS,27281,14.055126223596082,12,24.987120041215867,1456,1.1372008781558718
FOODS_3_607,FOODS_3,FOODS,27236,14.031942297784697,12,30.6543019062339,1346,2.2571718452758414
FOODS_2_276,FOODS_2,FOODS,26772,13.79289026275106,12,9.788768675940238,1751,3.228861411643483
FOODS_3_785,FOODS_3,FOODS,26211,13.50386398763526,10,13.137557959814528,1686,3.1485110767645543
FOODS_2_347,FOODS_2,FOODS,25385,13.07831014940749,12,5.873261205564142,1827,2.020623390005152
FOODS_2_360,FOODS_2,FOODS,25054,12.907779495105775,11,27.04791344667697,1416,0.8585677485832061
FOODS_3_744,FOODS_3,FOODS,23568,12.14219474497682,12,7.8825347758887165,1788,2.078763523956723
FOODS_3_755,FOODS_3,FOODS,23374,12.0422462648119,10,24.935600206079343,1457,1.0514374034003091
FOODS_3_281,FOODS_3,FOODS,23242,11.974240082431754,9,34.15765069551777,1278,1.2238314374353672
HOBBIES_1_348,HOBBIES_1,HOBBIES,23006,11.852653271509512,7,20.607934054611025,1541,0.4759608449252963
HOBBIES_1_371,HOBBIES_1,HOBBIES,22891,11.793405461102514,8,19.165378670788254,1569,0.4759608449252963
FOODS_1_218,FOODS_1,FOODS,22656,11.67233384853167,10,5.306543019062339,1838,0.9813704276146317
FOODS_3_702,FOODS_3,FOODS,22177,11.425553838227739,9,5.4095826893353935,1836,2.9948068006182385
FOODS_3_739,FOODS_3,FOODS,22172,11.422977846471035,8,43.791859866048426,1091,1.5
FOODS_3_362,FOODS_3,FOODS,21609,11.132921174652134,0,53.06543019062339,911,2.503776892430279
FOODS_3_377,FOODS_3,FOODS,21518,11.086038124678005,11,0.46367851622874806,1932,1.6046264811952604
FOODS_3_329,FOODS_3,FOODS,20750,10.690365790829379,0,52.80783101494075,916,2.98
FOODS_1_085,FOODS_1,FOODS,20542,10.58320453374548,9,1.9577537351880476,1903,0.9812982998454406
FOODS_3_389,FOODS_3,FOODS,20375,10.497166409067475,10,0.6697578567748583,1928,1.5945285935084994
FOODS_3_406,FOODS_3,FOODS,20357,10.487892838742898,9,13.807315816589385,1673,0.818104070066976
FOODS_2_244,FOODS_2,FOODS,20210,10.412158681092313,9,7.367336424523442,1798,5.838660484286449
FOODS_3_764,FOODS_3,FOODS,20205,10.40958268933542,10,31.066460587326123,1338,2.98
FOODS_3_668,FOODS_3,FOODS,20088,10.349304482225639,10,0.46367851622874806,1932,1.6046264811952604
FOODS_3_351,FOODS_3,FOODS,19720,10.159711488923246,9,24.781040700669756,1460,1.0514374034003091
FOODS_3_288,FOODS_3,FOODS,19150,9.866048428645119,7,43.1736218444101,1103,1.5
HOBBIES_1_268,HOBBIES_1,HOBBIES,19129,9.855229263266358,6,20.50489438433797,1543,0.47581658938691396
FOODS_1_018,FOODS_1,FOODS,18811,9.691396187532197,9,2.7305512622359607,1888,0.9813704276146317
FOODS_3_376,FOODS_3,FOODS,18323,9.439979392065903,7,12.158681092220505,1705,1
FOODS_3_499,FOODS_3,FOODS,18211,9.382277176713206,6,46.470891293147865,1039,2.504332723948812
FOODS_3_234,FOODS_3,FOODS,17725,9.131890777949485,5,31.117980422462647,1337,0.20186818889465497
FOODS_3_455,FOODS_3,FOODS,17600,9.06749098402876,7,32.35445646573931,1313,2.2571718452758414
FOODS_3_228,FOODS_3,FOODS,17454,8.992272024729484,8,0.6182380216383307,1929,1.5945285935084994
FOODS_3_030,FOODS_3,FOODS,17419,8.974240082431749,6,30.03606388459557,1358,1.3205976300875824
FOODS_3_473,FOODS_3,FOODS,16984,8.750128799587833,8,3.1427099433281813,1880,3.8579495105615647
FOODS_1_161,FOODS_1,FOODS,16861,8.686759402369903,8,6.543019062339001,1814,0.9813704276146317
FOODS_3_711,FOODS_3,FOODS,16261,8.377640391550745,4,34.31221020092735,1275,0.2020350334878928
FOODS_2_371,FOODS_2,FOODS,15975,8.230293663060284,8,4.739824832560536,1849,2.004796496651211
HOBBIES_1_178,HOBBIES_1,HOBBIES,15973,8.229263266357565,5,23.853683668212263,1478,0.4759608449252963
FOODS_1_004,FOODS_1,FOODS,15892,8.187532199897028,6,31.839258114374037,1323,1.84905317769131
HOBBIES_1_256,HOBBIES_1,HOBBIES,15649,8.062339000515188,5,23.90520350334879,1477,0.4762493560020608
FOODS_3_697,FOODS_3,FOODS,15626,8.050489438433823,8,2.1638330757341575,1899,3.0414734672849058
FOODS_3_086,FOODS_3,FOODS,15209,7.835651725914507,6,14.270994332818136,1664,1.1034672849046887
HOBBIES_1_254,HOBBIES_1,HOBBIES,15204,7.833075734157644,6,12.570839773312725,1697,0.7067078825347759
FOODS_3_811,FOODS_3,FOODS,15040,7.748583204533759,7,26.79031427099433,1421,1.8693468611287256
FOODS_3_516,FOODS_3,FOODS,14867,7.659453889747565,7,17.619783616692427,1599,3.527657082002133
FOODS_1_032,FOODS_1,FOODS,14863,7.657393096342001,5,25.6053580628542,1444,0.9813704276146317
FOODS_3_324,FOODS_3,FOODS,14850,7.650695517774338,7,15.455950540958268,1641,3.147212776919111
HOUSEHOLD_1_118,HOUSEHOLD_1,HOUSEHOLD,14842,7.646573930963416,6,7.058217413704276,1804,0.97
HOBBIES_1_370,HOBBIES_1,HOBBIES,14676,7.561051004636824,4,30.0875837197321,1357,0.47581658938691396
FOODS_2_128,FOODS_2,FOODS,14589,7.516228748068021,6,33.281813498196804,1295,0.8585677485832061
FOODS_3_404,FOODS_3,FOODS,14576,7.509531169500257,5,20.350334878928386,1546,1.000432766615147
FOODS_3_349,FOODS_3,FOODS,14380,7.408552292632665,7,2.472952086553323,1893,1.5631530139103547
HOBBIES_1_048,HOBBIES_1,HOBBIES,14320,7.3776403915506945,4,38.17619783616693,1200,0.47761800219538963
HOBBIES_1_341,HOBBIES_1,HOBBIES,14316,7.375579598145295,4,26.223596084492527,1432,0.4762493560020608
HOBBIES_1_008,HOBBIES_1,HOBBIES,14137,7.283359093250882,4,27.71767130345183,1403,0.4762493560020608
FOODS_1_046,FOODS_1,FOODS,13839,7.12982998454405,6,6.74909840288511,1810,0.9812982998454406
FOODS_3_263,FOODS_3,FOODS,13632,7.023183925811482,7,19.0623390005152,1571,2.741051004636785
FOODS_3_462,FOODS_3,FOODS,13570,6.991241628026779,5,16.280267903142708,1625,1
FOODS_3_226,FOODS_3,FOODS,13548,6.9799072642967435,6,1.8547140649149922,1905,1.6046264811952604
FOODS_3_511,FOODS_3,FOODS,13514,6.962390520350403,0,57.70221535291087,821,6.5319671168526146
HOBBIES_1_278,HOBBIES_1,HOBBIES,13415,6.911385883565106,2,42.09170530654302,1124,0.563292117465224
FOODS_3_477,FOODS_3,FOODS,13333,6.869139618753227,7,1.8031942297784647,1906,1.6042658423493046
FOODS_3_219,FOODS_3,FOODS,13314,6.8593508500772495,5,31.736218444100977,1325,1.319876352395673
FOODS_3_574,FOODS_3,FOODS,13292,6.848016486347274,5,13.858835651725915,1672,5.985409582689336
FOODS_1_099,FOODS_1,FOODS,13232,6.817104585265324,5,41.21586810922205,1141,0.98
FOODS_3_546,FOODS_3,FOODS,13215,6.808346213292122,6,10.56156620298815,1736,5.985409582689336
HOBBIES_1_295,HOBBIES_1,HOBBIES,13115,6.756826378155576,4,24.52344152498712,1465,0.4750231839258116
HOUSEHOLD_1_334,HOUSEHOLD_1,HOUSEHOLD,12948,6.670788253477628,5,28.593508500772796,1386,0.978483379501385
FOODS_3_752,FOODS_3,FOODS,12886,6.638845955692983,4,31.47861926841834,1330,0.20204239917269912
HOUSEHOLD_1_535,HOUSEHOLD_1,HOUSEHOLD,12884,6.63781555899022,6,14.734672849046884,1655,6.97
FOODS_1_043,FOODS_1,FOODS,12837,6.613601236476026,5,26.017516743946416,1436,1.8463426791277249
FOODS_3_313,FOODS_3,FOODS,12634,6.509015971148861,5,13.446676970633694,1680,1.8795802728226643
HOBBIES_1_189,HOBBIES_1,HOBBIES,12595,6.488923235445678,4,27.04791344667697,1416,0.47581658938691396
FOODS_2_021,FOODS_2,FOODS,12538,6.459556929417786,5,29.675425038639876,1365,0.8585677485832061
FOODS_3_547,FOODS_3,FOODS,12443,6.410613086038094,4,28.851107676455435,1381,0.2020498183705242
FOODS_2_181,FOODS_2,FOODS,12235,6.303451828954147,6,6.800618238021638,1809,2.0033178773827927
FOODS_3_133,FOODS_3,FOODS,12219,6.295208655332296,5,18.650180319422976,1579,0.8191859866048432
FOODS_3_245,FOODS_3,FOODS,12170,6.269963936115432,4,32.35445646573931,1313,2.2571718452758414
HOUSEHOLD_1_110,HOUSEHOLD_1,HOUSEHOLD,12106,6.236991241628085,5,44.616177228232864,1075,3.6520759493670876
FOODS_3_767,FOODS_3,FOODS,12010,6.187532199897001,4,30.19062339000515,1355,1.0006491499227201
FOODS_3_524,FOODS_3,FOODS,11969,6.16640906749095,4,28.387429160226684,1390,1.000432766615147
FOODS_3_020,FOODS_3,FOODS,11954,6.1586810922205135,4,31.736218444100977,1325,1.0514374034003091
HOBBIES_1_015,HOBBIES_1,HOBBIES,11673,6.013910355486877,4,19.83513652756311,1556,0.7067078825347758
HOBBIES_1_244,HOBBIES_1,HOBBIES,11655,6.004636785162314,4,26.069036579082947,1435,0.4759608449252963
FOODS_3_476,FOODS_3,FOODS,11634,5.99381761978362,5,14.425553838227717,1661,5.985409582689336
FOODS_3_348,FOODS_3,FOODS,11536,5.943328181349839,5,20.71097372488408,1539,0.8191859866048432
FOODS_3_227,FOODS_3,FOODS,11464,5.906233900051507,5,12.004121586810921,1708,2.5990314270994337
FOODS_3_363,FOODS_3,FOODS,11423,5.885110767645551,5,11.84956208140134,1711,2.4399433281813514
FOODS_3_572,FOODS_3,FOODS,11407,5.876867594023714,5,19.371458011334365,1565,2.741051004636785
FOODS_3_580,FOODS_3,FOODS,11286,5.814528593508501,3,32.50901597114889,1310,0.2020498183705242
FOODS_3_156,FOODS_3,FOODS,11217,5.778979907264279,5,4.739824832560536,1849,3.858310149407521
FOODS_3_769,FOODS_3,FOODS,11087,5.71200412158678,4,35.34260690365791,1255,1.2238314374353672
FOODS_3_498,FOODS_3,FOODS,11029,5.682122617207647,4,26.120556414219475,1434,0.2020350334878928
FOODS_3_124,FOODS_3,FOODS,10962,5.647604327666146,5,17.36218444100979,1604,5.376671818650181
HOBBIES_1_404,HOBBIES_1,HOBBIES,10938,5.635239567233386,3,35.1365275631118,1259,0.47644136337377235
HOUSEHOLD_1_151,HOUSEHOLD_1,HOUSEHOLD,10938,5.635239567233386,5,13.858835651725915,1672,0.9251239669421487
HOBBIES_1_398,HOBBIES_1,HOBBIES,10865,5.597630087583767,2,36.26996393611541,1237,0.5646264811952603
FOODS_3_007,FOODS_3,FOODS,10853,5.591447707367314,3,33.487892838742916,1291,0.20204239917269912
FOODS_2_325,FOODS_2,FOODS,10846,5.587841318907783,5,16.640906749098402,1618,1.1785558739255013
FOODS_3_458,FOODS_3,FOODS,10800,5.564142194744963,5,8.397733127253993,1778,1.9046264811952602
HOBBIES_1_032,HOBBIES_1,HOBBIES,10796,5.562081401339482,2,36.26996393611541,1237,0.5646264811952603
FOODS_3_444,FOODS_3,FOODS,10755,5.540958268933542,0,68.88201957753736,604,6.623644617380024
HOBBIES_1_016,HOBBIES_1,HOBBIES,10723,5.52447192168986,3,20.607934054611025,1541,0.7067078825347758
FOODS_1_086,FOODS_1,FOODS,10704,5.514683153013913,5,21.792890262751158,1518,1.681056156620298
HOUSEHOLD_1_418,HOUSEHOLD_1,HOUSEHOLD,10616,5.469345698093909,4,31.787738279237505,1324,0.9784979423868313
FOODS_3_534,FOODS_3,FOODS,10581,5.451313755795974,5,7.315816589386914,1799,4.7946007212776935
FOODS_3_695,FOODS_3,FOODS,10428,5.372488408037126,5,10.303967027305513,1741,4.009752704791345
FOODS_3_570,FOODS_3,FOODS,10402,5.359093250901553,5,22.20504894384338,1510,1.7011219512195124
FOODS_3_526,FOODS_3,FOODS,10289,5.30087583719733,4,13.395157135497165,1681,1.98
FOODS_2_299,FOODS_2,FOODS,10279,5.295723853683662,5,11.282843894899536,1722,2.020623390005152
HOUSEHOLD_1_409,HOUSEHOLD_1,HOUSEHOLD,10278,5.2952086553322895,4,39.721792890262755,1170,2.9591442953020133
HOBBIES_1_261,HOBBIES_1,HOBBIES,10249,5.280267903142696,3,37.45492014425554,1214,0.46643997939206583
FOODS_3_594,FOODS_3,FOODS,10231,5.270994332818097,4,26.687274600721278,1423,1.0002163833075735
FOODS_3_474,FOODS_3,FOODS,10212,5.261205564142176,4,29.77846470891293,1363,1.8693468611287256
FOODS_3_688,FOODS_3,FOODS,10168,5.23853683668211,4,29.623905203503348,1366,1.8693468611287256
HOBBIES_1_067,HOBBIES_1,HOBBIES,10067,5.186501803194227,2,35.44564657393096,1253,0.5643740340030912
FOODS_3_113,FOODS_3,FOODS,10054,5.1798042246264915,4,16.125708397733128,1628,1.1602679031427117
FOODS_3_738,FOODS_3,FOODS,9931,5.116434827408573,4,28.387429160226684,1390,1.3826790314270985
HOUSEHOLD_1_373,HOUSEHOLD_1,HOUSEHOLD,9911,5.106130860381281,4,6.13086038124678,1822,3.4012467800103043
HOUSEHOLD_1_459,HOUSEHOLD_1,HOUSEHOLD,9883,5.091705306543026,4,31.01494075218959,1339,0.9784906960716747
HOUSEHOLD_1_514,HOUSEHOLD_1,HOUSEHOLD,9865,5.0824317362184,4,44.6676970633694,1074,3.6520759493670876
FOODS_3_054,FOODS_3,FOODS,9843,5.071097372488392,4,29.77846470891293,1363,2.035208655332302
FOODS_3_150,FOODS_3,FOODS,9721,5.00824317362184,2,45.07985574446162,1066,2.209907264296754
HOUSEHOLD_1_303,HOUSEHOLD_1,HOUSEHOLD,9677,4.98557444616178,4,15.507470376094796,1640,0.9634827408552292
HOUSEHOLD_1_517,HOUSEHOLD_1,HOUSEHOLD,9644,4.9685729005666674,4,41.21586810922205,1141,0.9718032786885247
FOODS_3_285,FOODS_3,FOODS,9564,4.927357032457523,3,36.42452344152499,1234,1.2238314374353672
FOODS_3_342,FOODS_3,FOODS,9557,4.923750643997965,4,36.476043276661514,1233,1.2238314374353672
FOODS_3_783,FOODS_3,FOODS,9547,4.918598660484288,4,20.86553323029366,1536,5.374868624420403
FOODS_3_097,FOODS_3,FOODS,9437,4.861926841834096,5,13.601236476043276,1677,2.0253477588871704
HOUSEHOLD_1_447,HOUSEHOLD_1,HOUSEHOLD,9399,4.842349304482244,4,29.057187017001546,1377,0.9784906960716747
FOODS_3_109,FOODS_3,FOODS,9372,4.828438948995373,4,18.083462132921174,1590,1
HOBBIES_1_169,HOBBIES_1,HOBBIES,9349,4.816589386913929,1,43.84337970118495,1090,0.5642297784647088
FOODS_1_110,FOODS_1,FOODS,9259,4.770221535291102,3,28.129829984544045,1395,1.8463426791277249
HOBBIES_1_019,HOBBIES_1,HOBBIES,9246,4.763523956723314,0,51.31375579598145,945,0.4712005649717515
HOBBIES_1_381,HOBBIES_1,HOBBIES,9225,4.7527047913446685,3,26.069036579082947,1435,0.7067078825347759
HOBBIES_1_387,HOBBIES_1,HOBBIES,9135,4.706336939721739,0,58.681092220504894,802,1.014005628517824
FOODS_3_412,FOODS_3,FOODS,9126,4.7017001545594495,2,38.794435857805254,1188,0.20185471406491506
HOUSEHOLD_1_465,HOUSEHOLD_1,HOUSEHOLD,9112,4.694487377640339,3,32.66357547655848,1307,0.9784906960716747
FOODS_3_355,FOODS_3,FOODS,9092,4.684183410613104,3,27.61463163317877,1405,1.0510767645543528
HOUSEHOLD_1_521,HOUSEHOLD_1,HOUSEHOLD,9010,4.641937145801141,4,19.26841834106131,1567,0.9634827408552292
FOODS_3_233,FOODS_3,FOODS,8982,4.627511591962874,0,57.650695517774345,822,2.50409680207433
HOUSEHOLD_1_066,HOUSEHOLD_1,HOUSEHOLD,8980,4.626481195260215,4,31.066460587326123,1338,3.035821501014199
FOODS_3_217,FOODS_3,FOODS,8976,4.624420401854721,4,2.7305512622359607,1888,2.9634106130860385
FOODS_2_016,FOODS_2,FOODS,8967,4.619783616692431,4,25.75991756826378,1441,1.1772031963470313
FOODS_3_756,FOODS_3,FOODS,8937,4.604327666151479,4,10.200927357032457,1743,2.6289644513137564
FOODS_3_704,FOODS_3,FOODS,8936,4.603812467800112,4,12.982998454404946,1689,4.3190005151983515
FOODS_3_734,FOODS_3,FOODS,8836,4.552292632663572,4,17.413704276146316,1603,1.6330036063884603
HOUSEHOLD_1_083,HOUSEHOLD_1,HOUSEHOLD,8825,4.5466254507985875,4,20.917053065430192,1535,0.9773570324574962
FOODS_2_222,FOODS_2,FOODS,8767,4.516743946419339,3,39.927872230808866,1166,2.524236559139785
FOODS_2_293,FOODS_2,FOODS,8762,4.514167954662548,4,8.0370942812983,1785,3.9342658423493018
HOUSEHOLD_1_096,HOUSEHOLD_1,HOUSEHOLD,8731,4.4981968057703074,3,45.595054095826896,1056,3.6520759493670876
FOODS_3_804,FOODS_3,FOODS,8653,4.458011334363782,3,27.202472952086552,1413,1.88
FOODS_3_654,FOODS_3,FOODS,8624,4.443070582174137,4,7.058217413704276,1804,1.5631530139103547
FOODS_3_732,FOODS_3,FOODS,8587,4.424008243173604,4,27.25399278722308,1412,2.0353529108706825
FOODS_3_725,FOODS_3,FOODS,8563,4.411643482740864,4,21.226172076249355,1529,2.840944206008583
FOODS_3_231,FOODS_3,FOODS,8504,4.381246780010298,3,26.120556414219475,1434,5.373209685729004
FOODS_3_327,FOODS_3,FOODS,8479,4.368366821226189,4,17.104585265327152,1609,3.1756846950517823
HOUSEHOLD_1_191,HOUSEHOLD_1,HOUSEHOLD,8436,4.346213292117474,3,38.94899536321484,1185,3.243822771767129
HOUSEHOLD_1_399,HOUSEHOLD_1,HOUSEHOLD,8362,4.308088614116404,4,22.720247295208658,1500,1.0413476783691957
FOODS_3_753,FOODS_3,FOODS,8316,4.284389489953645,3,21.071612570839772,1532,5.371262235960846
HOUSEHOLD_1_019,HOUSEHOLD_1,HOUSEHOLD,8303,4.277691911385912,3,32.766615146831526,1305,0.978483379501385
FOODS_3_449,FOODS_3,FOODS,8280,4.265842349304485,4,15.816589386913963,1634,1.98
FOODS_3_652,FOODS_3,FOODS,8261,4.256053580628552,4,16.846986089644513,1614,3.98
HOBBIES_1_312,HOBBIES_1,HOBBIES,8227,4.238536836682132,2,39.15507470376095,1181,0.5643740340030912
FOODS_3_822,FOODS_3,FOODS,8186,4.2174137042761295,3,21.58681092220505,1522,3.9438639876352393
HOBBIES_1_147,HOBBIES_1,HOBBIES,8173,4.21071612570843,4,20.14425553838228,1550,10.005303292894283
FOODS_3_400,FOODS_3,FOODS,8125,4.185986604842862,4,4.01854714064915,1863,2.962689335394126
HOBBIES_1_134,HOBBIES_1,HOBBIES,8063,4.15404430705821,4,19.88665636269964,1555,3.666050917702782
FOODS_3_039,FOODS_3,FOODS,8050,4.147346728490483,3,32.61205564142195,1308,4.040383386581471
FOODS_3_037,FOODS_3,FOODS,8045,4.144770736733658,4,38.6913961875322,1190,2.50316
FOODS_3_413,FOODS_3,FOODS,8036,4.140133951571371,3,30.139103554868623,1356,1
HOBBIES_1_103,HOBBIES_1,HOBBIES,8013,4.128284389489954,3,24.420401854714065,1467,0.7066357547655847
FOODS_2_013,FOODS_2,FOODS,7978,4.11025244719216,4,8.500772797527048,1776,2.0004688304997424
HOBBIES_1_236,HOBBIES_1,HOBBIES,7962,4.1020092735703395,3,31.01494075218959,1339,11.806682464454976
HOBBIES_1_288,HOBBIES_1,HOBBIES,7958,4.0999484801648745,2,41.26738794435858,1140,0.5645182895414735
FOODS_1_019,FOODS_1,FOODS,7957,4.099433281813498,1,46.986089644513136,1029,1.0485574446161772
FOODS_3_127,FOODS_3,FOODS,7897,4.068521380731588,3,4.997424008243174,1844,3.517815558990211
HOUSEHOLD_1_339,HOUSEHOLD_1,HOUSEHOLD,7859,4.048943843379725,3,34.05461102524472,1280,0.9784457061745918
FOODS_3_407,FOODS_3,FOODS,7823,4.0303967027305525,4,8.809891808346213,1770,2.9910355486862437
FOODS_2_241,FOODS_2,FOODS,7810,4.023699124162837,1,48.48016486347244,1000,2.374250720461095
FOODS_3_107,FOODS_3,FOODS,7775,4.005667181865029,4,23.338485316846985,1488,2.5232766615146827
FOODS_3_782,FOODS_3,FOODS,7661,3.9469345698093647,4,15.816589386913963,1634,2.5990314270994337
FOODS_3_230,FOODS_3,FOODS,7645,3.9386913961875343,3,5.151983513652756,1841,3.549551777434311
FOODS_3_682,FOODS_3,FOODS,7640,3.936115404430663,0,54.09582689335394,891,3.5035820895522387
FOODS_3_258,FOODS_3,FOODS,7570,3.9000515198351167,4,24.72952086553323,1461,1.701555419473361
FOODS_3_468,FOODS_3,FOODS,7567,3.898505924781004,3,32.81813498196806,1304,1.1589231573444847
FOODS_3_441,FOODS_3,FOODS,7527,3.877897990726423,0,72.6944873776404,530,6.60094682230869
FOODS_3_274,FOODS_3,FOODS,7494,3.860896445131358,2,37.09428129829985,1221,1.3802266872746
FOODS_3_692,FOODS_3,FOODS,7489,3.8583204533745374,3,27.202472952086552,1413,0.8192581143740342
HOUSEHOLD_1_173,HOUSEHOLD_1,HOUSEHOLD,7469,3.8480164863472357,3,17.825862957238535,1595,0.97
FOODS_3_792,FOODS_3,FOODS,7424,3.8248325605358073,3,26.172076249356003,1433,1
FOODS_2_359,FOODS_2,FOODS,7388,3.8062854198866614,3,17.207624935600204,1607,2.019685729005667
HOUSEHOLD_1_234,HOUSEHOLD_1,HOUSEHOLD,7382,3.8031942297784727,3,13.086038124678002,1687,0.97
FOODS_3_076,FOODS_3,FOODS,7368,3.795981452859359,3,18.959299330242143,1573,1.103719732096856
FOODS_3_339,FOODS_3,FOODS,7351,3.7872230808861156,3,29.93302421432251,1360,0.8191859866048432
FOODS_3_136,FOODS_3,FOODS,7349,3.786192684183417,3,17.001545595054097,1611,4.318639876352396
FOODS_3_079,FOODS_3,FOODS,7332,3.7774343122101808,3,27.25399278722308,1412,5.987212776919114
FOODS_1_021,FOODS_1,FOODS,7300,3.7609479649665474,1,49.25296239052035,985,0.98
HOUSEHOLD_1_327,HOUSEHOLD_1,HOUSEHOLD,7295,3.758371973209669,3,26.532715095311694,1426,0.9634827408552292
FOODS_3_746,FOODS_3,FOODS,7292,3.7568263781555977,3,14.013395157135497,1669,1.98
FOODS_3_346,FOODS_3,FOODS,7258,3.7393096342091825,3,16.0741885625966,1629,1.98
HOUSEHOLD_1_179,HOUSEHOLD_1,HOUSEHOLD,7238,3.7290056671818643,3,20.041215868109223,1552,0.9634827408552292
FOODS_3_300,FOODS_3,FOODS,7232,3.7259144770736743,3,13.54971664090675,1678,4.009752704791345
FOODS_3_330,FOODS_3,FOODS,7226,3.7228232869654554,3,15.919629057187018,1632,4.009752704791345
FOODS_3_655,FOODS_3,FOODS,7218,3.7187017001545493,2,35.08500772797527,1260,2.023276661514683
FOODS_3_446,FOODS_3,FOODS,7141,3.679031427099388,3,33.79701184956208,1285,1.1566306027820719
FOODS_2_204,FOODS_2,FOODS,7140,3.67851622874805,3,28.799587841318907,1382,1.0222153529108706
HOBBIES_1_417,HOBBIES_1,HOBBIES,7100,3.657908294693496,0,52.65327150953117,919,0.5642658423493042
HOUSEHOLD_1_351,HOUSEHOLD_1,HOUSEHOLD,7077,3.646058732612025,2,39.36115404430706,1177,0.9784906960716747
FOODS_3_742,FOODS_3,FOODS,7032,3.6228748068006245,2,37.403400309119014,1215,1.2238314374353672
HOUSEHOLD_1_294,HOUSEHOLD_1,HOUSEHOLD,7032,3.6228748068006253,3,11.591962905718702,1716,1.9865378670788247
FOODS_3_108,FOODS_3,FOODS,7027,3.62029881504379,3,24.832560535806287,1459,1
HOUSEHOLD_1_032,HOUSEHOLD_1,HOUSEHOLD,7003,3.6079340546110337,3,31.581658938691398,1328,10.7935111662531
FOODS_3_481,FOODS_3,FOODS,7000,3.6063884595569355,3,19.0623390005152,1571,3.7993972179289024
FOODS_3_383,FOODS_3,FOODS,6981,3.596599690880977,2,37.97011849562082,1204,1.3185059247810411
FOODS_3_566,FOODS_3,FOODS,6916,3.5631117980422236,0,55.74446161772282,859,1
FOODS_3_273,FOODS_3,FOODS,6852,3.5301391035548684,3,17.928902627511594,1593,2.0253477588871704
FOODS_1_162,FOODS_1,FOODS,6845,3.5265327150953203,2,39.20659453889748,1180,1.858055358410219
FOODS_3_807,FOODS_3,FOODS,6832,3.5198351365275644,3,17.36218444100979,1604,1.98
FOODS_1_173,FOODS_1,FOODS,6826,3.516743946419364,2,38.073158165893865,1202,1.9798763523956724
FOODS_3_592,FOODS_3,FOODS,6803,3.5048943843379843,3,25.450798557444614,1447,7.256790381599583
FOODS_3_305,FOODS_3,FOODS,6777,3.49149922720248,3,20.350334878928386,1546,3.5187429160226755
HOBBIES_1_286,HOBBIES_1,HOBBIES,6777,3.4914992272024823,2,27.87223080886141,1400,0.7064914992272024
FOODS_3_302,FOODS_3,FOODS,6773,3.489438433797014,3,30.139103554868623,1356,1.4942297784647092
HOUSEHOLD_1_389,HOUSEHOLD_1,HOUSEHOLD,6761,3.483256053580627,2,24.420401854714065,1467,0.9634827408552292
FOODS_3_757,FOODS_3,FOODS,6719,3.4616177228232923,0,53.06543019062339,911,2.5983513652756303
HOUSEHOLD_1_304,HOUSEHOLD_1,HOUSEHOLD,6703,3.4533745492014507,3,40.13395157135497,1162,2.1002013422818795
FOODS_2_283,FOODS_2,FOODS,6644,3.4229778464708773,2,25.50231839258114,1446,1.4974549201442553
FOODS_3_163,FOODS_3,FOODS,6619,3.410097887686768,3,12.26172076249356,1703,2.0253477588871704
HOBBIES_1_080,HOBBIES_1,HOBBIES,6611,3.4059763008758153,1,47.08912931478619,1027,0.5646264811952603
HOUSEHOLD_1_494,HOUSEHOLD_1,HOUSEHOLD,6608,3.404430705821744,3,12.313240597630088,1702,7.97
FOODS_3_760,FOODS_3,FOODS,6583,3.391550747037727,0,75.42503863987635,477,2.88
HOBBIES_1_209,HOBBIES_1,HOBBIES,6524,3.3611540443070593,2,27.97527047913447,1398,0.7067078825347758
FOODS_3_259,FOODS_3,FOODS,6499,3.3482740855229336,3,26.069036579082947,1435,1.701984078383343
HOUSEHOLD_1_439,HOUSEHOLD_1,HOUSEHOLD,6496,3.3467284904688324,3,26.017516743946416,1436,0.9634827408552292
FOODS_2_030,FOODS_2,FOODS,6485,3.341061308603818,3,11.901081916537867,1710,4.473760947964967
FOODS_3_434,FOODS_3,FOODS,6423,3.3091190108191673,3,22.46264811952602,1505,2.8416952789699566
HOUSEHOLD_1_198,HOUSEHOLD_1,HOUSEHOLD,6417,3.3060278207109723,3,19.21689850592478,1568,0.9773570324574962
FOODS_3_727,FOODS_3,FOODS,6371,3.2823286965481864,3,24.781040700669756,1460,3.941519835136528
HOBBIES_1_233,HOBBIES_1,HOBBIES,6352,3.2725399278722307,2,33.17877382792375,1297,0.7064914992272024
HOBBIES_1_043,HOBBIES_1,HOBBIES,6336,3.2642967542503913,2,35.7032457496136,1248,0.7067566165023352
FOODS_3_139,FOODS_3,FOODS,6318,3.255023183925813,3,16.0741885625966,1629,4.956017516743946
FOODS_2_131,FOODS_2,FOODS,6303,3.2472952086553404,3,35.291087068521385,1256,5.974158815612383
FOODS_2_054,FOODS_2,FOODS,6298,3.2447192168985115,3,21.32921174652241,1527,2.732952086553321
HOUSEHOLD_1_272,HOUSEHOLD_1,HOUSEHOLD,6218,3.203503348789276,3,28.593508500772796,1386,9.97
FOODS_3_459,FOODS_3,FOODS,6205,3.196805770221527,2,30.49974240082432,1349,1.870552699228792
FOODS_3_257,FOODS_3,FOODS,6197,3.1926841834106074,3,22.20504894384338,1510,3.951076764554354
FOODS_3_614,FOODS_3,FOODS,6119,3.1524987120041312,2,37.50643997939206,1213,1.000432766615147
FOODS_3_636,FOODS_3,FOODS,6103,3.144255538382226,0,59.453889747552815,787,3.5041901066925316
FOODS_2_326,FOODS_2,FOODS,6100,3.142709943328168,2,34.62132921174652,1269,1.022431736218444
FOODS_3_469,FOODS_3,FOODS,6093,3.1391035548686275,3,13.704276146316333,1675,6.16176197836167
FOODS_3_116,FOODS_3,FOODS,6078,3.131375579598124,2,28.387429160226684,1390,1.1566306027820719
HOUSEHOLD_1_361,HOUSEHOLD_1,HOUSEHOLD,6068,3.126223596084527,1,45.543534260690365,1057,1.8530340333091957
FOODS_3_317,FOODS_3,FOODS,6053,3.118495620814017,2,34.05461102524472,1280,1.0520865533230288
FOODS_3_368,FOODS_3,FOODS,6039,3.111282843894915,2,25.6053580628542,1444,5.983606388459557
FOODS_3_393,FOODS_3,FOODS,6039,3.1112828438948634,0,50.489438433797005,961,3.5035820895522387
FOODS_3_241,FOODS_3,FOODS,6019,3.1009788768675994,2,38.639876352395675,1191,2.8022130299896566
FOODS_3_573,FOODS_3,FOODS,6018,3.100463678516272,0,53.68366821226173,899,1
FOODS_3_151,FOODS_3,FOODS,5989,3.085522926326648,3,25.75991756826378,1441,2.7400412158681093
FOODS_3_203,FOODS_3,FOODS,5938,3.0592478104070175,3,15.404430705821742,1642,4.480443070582175
HOBBIES_1_337,HOBBIES_1,HOBBIES,5914,3.0468830499742525,3,18.134981968057705,1589,3.67
FOODS_2_315,FOODS_2,FOODS,5910,3.044822256568769,2,30.860381246780012,1342,2.507789799072643
FOODS_2_374,FOODS_2,FOODS,5899,3.039155074703757,3,13.49819680577022,1679,2.0004688304997424
FOODS_3_087,FOODS_3,FOODS,5899,3.0391550747037903,1,47.501287995878414,1019,2.50427797833935
FOODS_3_816,FOODS_3,FOODS,5865,3.0216383307573325,0,51.82895414734673,935,0.20247183979974964
FOODS_1_200,FOODS_1,FOODS,5852,3.014940752189648,0,63.67851622874807,705,0.98
HOBBIES_1_319,HOBBIES_1,HOBBIES,5833,3.0051519835136498,1,48.27408552292633,1004,0.9927460072127768
FOODS_3_148,FOODS_3,FOODS,5830,3.0036063884595965,1,47.24368882019577,1024,1.0511849562081395
FOODS_2_029,FOODS_2,FOODS,5800,2.9881504379185766,0,56.92941782586296,836,10.902369912416276
HOUSEHOLD_1_243,HOUSEHOLD_1,HOUSEHOLD,5786,2.9809376609994915,3,8.552292632663576,1775,1.97
HOBBIES_1_030,HOBBIES_1,HOBBIES,5732,2.953116950025735,1,48.11952601751675,1007,0.7283594864479314
HOUSEHOLD_1_473,HOUSEHOLD_1,HOUSEHOLD,5727,2.9505409582689555,2,40.54611025244719,1154,2.1002013422818795
FOODS_3_503,FOODS_3,FOODS,5726,2.9500257599175788,2,26.481195260175166,1427,2.442530057501307
FOODS_2_349,FOODS_2,FOODS,5705,2.9392065945388945,2,34.363730036063885,1274,5.974158815612383
HOUSEHOLD_1_414,HOUSEHOLD_1,HOUSEHOLD,5704,2.938691396187515,0,53.63214837712519,900,0.9690142671854735
FOODS_2_150,FOODS_2,FOODS,5702,2.9376609994848026,3,24.678001030396704,1462,2.9310046367851617
FOODS_1_058,FOODS_1,FOODS,5699,2.9361154044307183,2,36.321483771251934,1236,1.8463426791277249
FOODS_3_787,FOODS_3,FOODS,5687,2.9299330242143253,1,40.54611025244719,1154,2.2571718452758414
FOODS_3_399,FOODS_3,FOODS,5683,2.9278722308088825,0,55.486862442040184,864,3.5036241610738257
HOUSEHOLD_1_277,HOUSEHOLD_1,HOUSEHOLD,5673,2.922720247295198,1,43.225141679546624,1102,0.9784533898305084
FOODS_3_232,FOODS_3,FOODS,5575,2.8722308088614086,3,10.14940752189593,1744,3.0414734672849058
FOODS_3_224,FOODS_3,FOODS,5571,2.8701700154559493,2,25.090159711488923,1454,3.9428541988665637
FOODS_3_311,FOODS_3,FOODS,5549,2.8588356517258946,2,14.631633178773829,1657,2.9489850592478097
FOODS_3_634,FOODS_3,FOODS,5548,2.8583204533745423,2,19.0623390005152,1571,3.983606388459557
FOODS_1_113,FOODS_1,FOODS,5538,2.853168469860892,0,50.23183925811438,966,0.98
HOUSEHOLD_1_204,HOUSEHOLD_1,HOUSEHOLD,5483,2.8248325605358025,2,26.738794435857805,1422,1.88
HOUSEHOLD_1_114,HOUSEHOLD_1,HOUSEHOLD,5476,2.8212261720762632,2,16.69242658423493,1617,0.97
FOODS_1_055,FOODS_1,FOODS,5451,2.8083462132921215,2,34.15765069551777,1278,3.91174652241113
FOODS_3_809,FOODS_3,FOODS,5447,2.8062854198866587,2,32.66357547655848,1307,1
FOODS_1_206,FOODS_1,FOODS,5441,2.803194229778472,2,27.202472952086552,1413,1.990752189592993
FOODS_3_789,FOODS_3,FOODS,5436,2.8006182380216336,1,49.51056156620299,980,1.5
FOODS_3_304,FOODS_3,FOODS,5433,2.7990726429675528,2,13.652756311179804,1676,4.345121071612573
FOODS_3_577,FOODS_3,FOODS,5423,2.793920659453891,2,23.235445646573933,1490,3.068098918083462
HOUSEHOLD_2_176,HOUSEHOLD_2,HOUSEHOLD,5407,2.7856774858320548,2,30.705821741370425,1345,4.97
HOUSEHOLD_1_262,HOUSEHOLD_1,HOUSEHOLD,5363,2.7630087583719343,1,46.419371458011334,1040,0.97
FOODS_3_772,FOODS_3,FOODS,5352,2.757341576506951,1,37.1973209685729,1219,5.382081401339515
FOODS_3_070,FOODS_3,FOODS,5347,2.754765584750113,0,57.95981452859351,816,0.20316506410256416
FOODS_1_067,FOODS_1,FOODS,5344,2.753219989696034,2,36.99124162802679,1223,1.9798763523956724
FOODS_3_454,FOODS_3,FOODS,5335,2.748583204533742,0,59.402369912416276,788,0.2022528160200251
FOODS_1_012,FOODS_1,FOODS,5290,2.725399278722309,2,33.281813498196804,1295,5.499243888573053
FOODS_3_184,FOODS_3,FOODS,5281,2.7207624935600228,2,22.771767130345182,1499,3.068098918083462
HOUSEHOLD_1_027,HOUSEHOLD_1,HOUSEHOLD,5224,2.6913961875322068,2,19.47449768160742,1563,5.664286450283357
FOODS_2_294,FOODS_2,FOODS,5206,2.6821226172076393,2,42.400824317362186,1118,1.1806439979392076
FOODS_3_042,FOODS_3,FOODS,5187,2.672333848531677,2,31.736218444100977,1325,1.611253391209982
FOODS_3_819,FOODS_3,FOODS,5182,2.669757856774882,1,41.93714580113343,1127,2.023276661514683
FOODS_1_045,FOODS_1,FOODS,5161,2.658938691396179,2,29.108706852138074,1376,1.8351416795466258
FOODS_2_233,FOODS_2,FOODS,5150,2.65327150953116,2,14.064914992272023,1668,4.441051004636785
FOODS_3_435,FOODS_3,FOODS,5133,2.6445131375579556,1,37.609479649665126,1211,1.3192272024729503
HOUSEHOLD_1_387,HOUSEHOLD_1,HOUSEHOLD,5133,2.644513137557956,2,21.174652241112828,1530,2.9641009788768677
HOBBIES_1_369,HOBBIES_1,HOBBIES,5105,2.630087583719691,0,65.7908294693457,664,1.016763602251407
FOODS_2_116,FOODS_2,FOODS,5073,2.6136012364760566,2,30.03606388459557,1358,1.9668933539412674
FOODS_1_183,FOODS_1,FOODS,5048,2.600721277691913,2,27.305512622359608,1411,2.9533127253992792
FOODS_3_562,FOODS_3,FOODS,5029,2.590932509015991,2,16.89850592478104,1613,4.970262751159196
HOUSEHOLD_1_254,HOUSEHOLD_1,HOUSEHOLD,5012,2.5821741370427405,0,53.11695002575991,910,0.9758427876823339
FOODS_3_077,FOODS_3,FOODS,5011,2.581658938691423,0,68.67594023699124,608,2.7488531618435155
FOODS_3_140,FOODS_3,FOODS,5001,2.5765069551777597,2,26.79031427099433,1421,2.9927203551046286
FOODS_3_628,FOODS_3,FOODS,4984,2.5677485832045246,2,19.42297784647089,1564,3.983606388459557
FOODS_2_036,FOODS_2,FOODS,4972,2.5615662029881476,2,36.01236476043277,1242,3.502709410548086
FOODS_3_403,FOODS_3,FOODS,4966,2.5584750128799842,0,62.8026790314271,722,1.5
HOUSEHOLD_1_072,HOUSEHOLD_1,HOUSEHOLD,4959,2.5548686244203975,2,13.704276146316333,1675,8.000199370409234
FOODS_3_307,FOODS_3,FOODS,4942,2.546110252447204,1,47.39824832560536,1021,3.9753333333333334
FOODS_3_201,FOODS_3,FOODS,4923,2.536321483771257,2,23.132405976300877,1492,2.4972388831437433
FOODS_2_164,FOODS_2,FOODS,4918,2.5337454920144316,2,22.256568778979908,1509,3.0220401854714067
FOODS_1_170,FOODS_1,FOODS,4890,2.51931993817617,0,55.486862442040184,864,5.497811256395679
FOODS_1_137,FOODS_1,FOODS,4886,2.5172591447707413,1,47.81040700669758,1013,1.9798763523956724
FOODS_3_485,FOODS_3,FOODS,4870,2.509015971148905,2,26.481195260175166,1427,3.8576713034518284
FOODS_3_332,FOODS_3,FOODS,4868,2.507985574446164,2,31.375579598145286,1332,1.98
FOODS_3_578,FOODS_3,FOODS,4863,2.505409582689324,1,31.272539927872227,1334,3.1485110767645543
HOUSEHOLD_1_040,HOUSEHOLD_1,HOUSEHOLD,4844,2.495620814013392,2,25.50231839258114,1446,4.506215753424653
FOODS_2_357,FOODS_2,FOODS,4830,2.4884080370942745,2,19.732096857290056,1558,2.0004688304997424
FOODS_3_615,FOODS_3,FOODS,4824,2.4853168469860956,2,25.090159711488923,1454,4.315826893353941
HOUSEHOLD_1_196,HOUSEHOLD_1,HOUSEHOLD,4811,2.4786192684183477,2,19.319938176197837,1566,1.952472952086553
FOODS_1_219,FOODS_1,FOODS,4800,2.4729520865533177,2,39.67027305512622,1171,2.164301906233901
FOODS_1_154,FOODS_1,FOODS,4761,2.452859350850078,1,42.65842349304482,1113,1.4717980422462658
HOUSEHOLD_1_516,HOUSEHOLD_1,HOUSEHOLD,4758,2.4513137557959834,2,13.75579598145286,1674,1.9661102524471918
FOODS_3_131,FOODS_3,FOODS,4749,2.446676970633696,2,34.518289541473465,1271,1
HOUSEHOLD_1_338,HOUSEHOLD_1,HOUSEHOLD,4745,2.444616177228228,0,52.39567233384853,924,3.9547777777777777
FOODS_3_519,FOODS_3,FOODS,4727,2.4353426069036037,0,64.55435342606903,688,1
HOUSEHOLD_1_410,HOUSEHOLD_1,HOUSEHOLD,4692,2.4173106646058877,0,52.39567233384853,924,4.325229263266357
FOODS_3_750,FOODS_3,FOODS,4679,2.4106130860381296,2,34.209170530654305,1277,2.273575535807632
FOODS_3_092,FOODS_3,FOODS,4673,2.407521895929934,2,32.97269448737764,1301,3.7102421432251416
FOODS_2_376,FOODS_2,FOODS,4664,2.402885110767629,2,35.18804739824832,1258,1.9675425038639878
FOODS_3_786,FOODS_3,FOODS,4659,2.4003091190108266,1,37.1973209685729,1219,2.023276661514683
FOODS_3_672,FOODS_3,FOODS,4641,2.3910355486862502,1,40.906749098402884,1147,2.4066666666666645
HOUSEHOLD_1_445,HOUSEHOLD_1,HOUSEHOLD,4624,2.3822771767130293,2,23.132405976300877,1492,1.9543498942917552
FOODS_3_410,FOODS_3,FOODS,4622,2.381246780010296,2,30.705821741370425,1345,2.6426378155589902
FOODS_3_067,FOODS_3,FOODS,4604,2.3719732096857244,2,17.619783616692427,1599,3.947181865018033
FOODS_2_074,FOODS_2,FOODS,4596,2.367851622874837,1,42.96754250386399,1107,2.524236559139785
FOODS_3_214,FOODS_3,FOODS,4595,2.3673364245234394,1,46.11025244719217,1046,1.0520865533230288
FOODS_1_082,FOODS_1,FOODS,4583,2.3611540443070114,0,61.61772282328697,745,0.98
FOODS_2_212,FOODS_2,FOODS,4555,2.346728490468804,1,49.04688304997424,989,4.653230293663057
FOODS_1_172,FOODS_1,FOODS,4506,2.32148377125195,2,20.195775373518803,1549,1.8768572900566705
HOUSEHOLD_1_169,HOUSEHOLD_1,HOUSEHOLD,4503,2.3199381761978226,1,43.585780525502315,1095,2.9590210970464135
HOUSEHOLD_1_437,HOUSEHOLD_1,HOUSEHOLD,4493,2.314786192684174,1,43.7403400309119,1092,3.243822771767129
FOODS_1_112,FOODS_1,FOODS,4478,2.307058217413699,2,28.54198866563627,1387,1.98
FOODS_3_505,FOODS_3,FOODS,4476,2.306027820710987,2,34.363730036063885,1274,3.472612377850163
HOUSEHOLD_1_007,HOUSEHOLD_1,HOUSEHOLD,4466,2.3008758371973177,2,27.305512622359608,1411,1.5041159749857875
FOODS_1_184,FOODS_1,FOODS,4452,2.2936630602782087,1,34.209170530654305,1277,1
FOODS_3_801,FOODS_3,FOODS,4449,2.2921174652241043,1,38.794435857805254,1188,1
FOODS_3_678,FOODS_3,FOODS,4441,2.2879958784131817,2,34.46676970633694,1272,4.926860730593608
FOODS_3_021,FOODS_3,FOODS,4432,2.283359093250919,1,42.503863987635235,1116,2.2593912492073542
FOODS_3_106,FOODS_3,FOODS,4427,2.2807831014940705,0,58.835651725914474,799,1
HOUSEHOLD_1_429,HOUSEHOLD_1,HOUSEHOLD,4426,2.280267903142704,0,61.92684183410613,739,2.9676084262701363
HOUSEHOLD_1_498,HOUSEHOLD_1,HOUSEHOLD,4400,2.266872746007215,2,17.156105100463677,1608,3.1579237506439974
FOODS_2_014,FOODS_2,FOODS,4381,2.257083977331273,2,25.296239052035034,1450,2.9306439979392067
FOODS_3_066,FOODS_3,FOODS,4362,2.2472952086553124,0,55.58990211231324,862,2.9964005235602085
FOODS_3_810,FOODS_3,FOODS,4358,2.245234415249863,1,41.318907779495106,1139,2.5092338177014533
FOODS_2_082,FOODS_2,FOODS,4349,2.2405976300875854,2,24.781040700669756,1460,5.99009788768676
FOODS_3_561,FOODS_3,FOODS,4314,2.222565687789832,1,49.45904173106646,981,2.98
FOODS_3_290,FOODS_3,FOODS,4305,2.2179289026275204,1,35.291087068521385,1256,1
FOODS_3_540,FOODS_3,FOODS,4296,2.2132921174652154,0,54.611025244719215,881,3.0467199148029827
FOODS_1_040,FOODS_1,FOODS,4287,2.2086553323029365,2,30.345182895414734,1352,1.8365842349304475
FOODS_3_460,FOODS_3,FOODS,4278,2.2040185471406453,2,27.46007212776919,1408,1.98
HOUSEHOLD_1_048,HOUSEHOLD_1,HOUSEHOLD,4276,2.202988150437911,2,27.820710973724882,1401,2.84
FOODS_2_047,FOODS_2,FOODS,4272,2.2009273570324495,2,22.256568778979908,1509,2.9363420917053067
FOODS_2_311,FOODS_2,FOODS,4259,2.1942297784647056,2,36.73364245234415,1228,2.9359814528593513
FOODS_3_265,FOODS_3,FOODS,4252,2.190623390005147,2,28.696548171045855,1384,3.947181865018033
FOODS_3_818,FOODS_3,FOODS,4248,2.188562596599687,2,37.403400309119014,1215,2.98
FOODS_3_814,FOODS_3,FOODS,4232,2.1803194229778473,1,36.888201957753736,1225,1.7862830299471526
FOODS_1_166,FOODS_1,FOODS,4222,2.175167439464197,1,38.58835651725914,1192,2.16495105615662
FOODS_3_451,FOODS_3,FOODS,4219,2.1736218444101025,1,45.38897475528078,1060,1.4625945945945953
HOUSEHOLD_1_045,HOUSEHOLD_1,HOUSEHOLD,4218,2.1731066460587334,2,23.390005151983516,1487,2.6821535291087066
HOUSEHOLD_1_522,HOUSEHOLD_1,HOUSEHOLD,4182,2.1545595054095905,2,29.36630602782071,1371,1.7792632663575474
FOODS_2_139,FOODS_2,FOODS,4178,2.152498712004123,1,35.600206079340545,1250,2.980432766615147
FOODS_3_369,FOODS_3,FOODS,4173,2.149922720247295,2,22.82328696548171,1498,3.947181865018033
FOODS_3_617,FOODS_3,FOODS,4171,2.1488923235445676,2,25.75991756826378,1441,2.513487892838743
HOUSEHOLD_1_434,HOUSEHOLD_1,HOUSEHOLD,4146,2.1360123647604463,2,24.678001030396704,1462,3.932313240597631
HOBBIES_1_353,HOBBIES_1,HOBBIES,4143,2.134466769706368,0,67.33642452344154,634,1.0176172607879925
FOODS_3_015,FOODS_3,FOODS,4137,2.131375579598148,2,25.75991756826378,1441,1.7305924781040702
HOUSEHOLD_1_474,HOUSEHOLD_1,HOUSEHOLD,4131,2.1282843894899504,2,26.532715095311694,1426,0.97
FOODS_2_192,FOODS_2,FOODS,4124,2.1246780010304014,2,28.490468830499744,1388,1.9304379185986595
FOODS_3_132,FOODS_3,FOODS,4123,2.1241628026790176,2,28.748068006182383,1383,2.654418114797262
FOODS_1_217,FOODS_1,FOODS,4104,2.1143740340030894,1,44.20401854714065,1083,3.330973724884076
FOODS_2_109,FOODS_2,FOODS,4100,2.1123132405976195,2,29.417825862957237,1370,2.9883904109589046
HOUSEHOLD_1_147,HOUSEHOLD_1,HOUSEHOLD,4091,2.1076764554353393,2,23.69912416280268,1481,1.198959299330241
HOUSEHOLD_1_055,HOUSEHOLD_1,HOUSEHOLD,4073,2.0984028851107652,2,18.341061308603813,1585,3.9523802163833075
HOUSEHOLD_1_247,HOUSEHOLD_1,HOUSEHOLD,4066,2.0947964966512087,2,21.277691911385883,1528,0.97
HOUSEHOLD_1_038,HOUSEHOLD_1,HOUSEHOLD,4063,2.093250901597114,2,17.619783616692427,1599,5.156239052035033
FOODS_2_061,FOODS_2,FOODS,4057,2.0901597114889237,2,28.129829984544045,1395,1.9796239052035034
FOODS_3_356,FOODS_3,FOODS,4054,2.0886141164348286,2,27.46007212776919,1408,2.993724884080371
FOODS_1_153,FOODS_1,FOODS,4040,2.081401339515718,2,25.0386398763524,1455,1.8837094281298297
HOUSEHOLD_1_214,HOUSEHOLD_1,HOUSEHOLD,4036,2.0793405461102723,1,49.09840288511077,988,1.773218727139722
FOODS_3_418,FOODS_3,FOODS,4025,2.0736733642452414,2,25.914477073673364,1438,3.98
FOODS_1_194,FOODS_1,FOODS,4024,2.0731581658938785,2,26.89335394126739,1419,4.702364760432766
FOODS_3_101,FOODS_3,FOODS,4021,2.07161257083978,1,39.67027305512622,1171,1
FOODS_2_194,FOODS_2,FOODS,4012,2.0669757856774806,1,39.10355486862442,1182,6.9854498448810745
HOUSEHOLD_1_053,HOUSEHOLD_1,HOUSEHOLD,3999,2.0602782071097456,2,29.881504379185987,1361,15.035816589386913
FOODS_2_380,FOODS_2,FOODS,3993,2.0571870170015503,1,44.77073673364245,1072,5.020682056663168
FOODS_1_201,FOODS_1,FOODS,3987,2.054095826893366,1,37.50643997939206,1213,2.1634003091190124
HOUSEHOLD_1_225,HOUSEHOLD_1,HOUSEHOLD,3965,2.042761463163329,1,42.349304482225655,1119,1.6786835443037968
FOODS_3_292,FOODS_3,FOODS,3964,2.0422462648119826,0,59.247810407006696,791,3.5036030025020852
HOUSEHOLD_1_453,HOUSEHOLD_1,HOUSEHOLD,3962,2.0412158681092025,1,43.27666151468315,1101,2.1002013422818795
HOUSEHOLD_1_177,HOUSEHOLD_1,HOUSEHOLD,3958,2.0391550747037526,2,33.23029366306028,1296,7.496676970633697
HOUSEHOLD_1_051,HOUSEHOLD_1,HOUSEHOLD,3953,2.0365790829469526,1,44.616177228232864,1075,2.96
FOODS_3_334,FOODS_3,FOODS,3951,2.0355486862442067,1,40.70066975785677,1151,2.803588417786968
HOUSEHOLD_1_122,HOUSEHOLD_1,HOUSEHOLD,3935,2.027305512622359,2,24.111282843894898,1473,2.26
FOODS_1_044,FOODS_1,FOODS,3924,2.021638330757353,1,48.89232354456466,992,2.81352910870685
FOODS_2_075,FOODS_2,FOODS,3921,2.0200927357032383,1,38.33075734157651,1197,2.3704928366762177
HOUSEHOLD_1_090,HOUSEHOLD_1,HOUSEHOLD,3921,2.020092735703247,1,42.45234415249871,1117,2.96
FOODS_3_659,FOODS_3,FOODS,3919,2.0190623390005284,1,37.1973209685729,1219,3.111203407880722
FOODS_3_378,FOODS_3,FOODS,3917,2.0180319422977804,2,25.244719216898503,1451,4.618691396187531
FOODS_2_152,FOODS_2,FOODS,3916,2.017516743946415,2,29.77846470891293,1363,2.387644281217208
HOUSEHOLD_1_197,HOUSEHOLD_1,HOUSEHOLD,3908,2.013395157135494,2,18.75321998969603,1577,4.928526532715097
FOODS_3_291,FOODS_3,FOODS,3904,2.0113343637300294,2,32.30293663060278,1314,2.680839454354669
FOODS_3_657,FOODS_3,FOODS,3904,2.0113343637300303,1,43.27666151468315,1101,3.188397733127254
FOODS_3_674,FOODS_3,FOODS,3901,2.009788768675937,2,24.31736218444101,1469,2.98
FOODS_3_023,FOODS_3,FOODS,3898,2.00824317362184,2,25.914477073673364,1438,3.947181865018033
FOODS_3_154,FOODS_3,FOODS,3897,2.0077279752705017,1,33.33333333333333,1294,2.98
FOODS_3_793,FOODS_3,FOODS,3897,2.007727975270479,2,20.14425553838228,1550,2.98
FOODS_3_014,FOODS_3,FOODS,3893,2.005667181865056,1,49.304482225656876,984,2.023276661514683
FOODS_3_596,FOODS_3,FOODS,3884,2.0010303967027303,2,20.76249356002061,1538,2.8709634209170543
HOBBIES_1_242,HOBBIES_1,HOBBIES,3866,1.9917568263781604,1,28.645028335909323,1385,2.685079855744461
FOODS_3_448,FOODS_3,FOODS,3858,1.9876352395672348,1,31.94229778464709,1321,3.1508191653786723
FOODS_3_820,FOODS_3,FOODS,3857,1.987120041215866,2,19.989696032972695,1553,1.9666924265842345
FOODS_3_675,FOODS_3,FOODS,3854,1.9855744461617786,1,43.791859866048426,1091,2.0089111389236547
HOUSEHOLD_1_236,HOUSEHOLD_1,HOUSEHOLD,3850,1.983513652756314,2,30.44822256568779,1350,2.527476732161323
FOODS_3_121,FOODS_3,FOODS,3839,1.977846470891271,1,45.28593508500773,1062,2.98
FOODS_1_042,FOODS_1,FOODS,3833,1.9747552807831252,0,54.611025244719215,881,0.98
FOODS_3_568,FOODS_3,FOODS,3821,1.9685729005667387,0,56.568778979907265,843,1
FOODS_3_026,FOODS_3,FOODS,3820,1.9680577022153598,2,27.92375064399794,1399,1.98
FOODS_1_036,FOODS_1,FOODS,3812,1.9639361154044312,1,37.09428129829985,1221,1.7557650695517781
FOODS_1_139,FOODS_1,FOODS,3794,1.9546625450798796,1,49.871200412158686,973,0.98
FOODS_3_730,FOODS_3,FOODS,3791,1.9531169500257608,2,20.556414219474497,1542,4.814466769706338
FOODS_3_632,FOODS_3,FOODS,3787,1.9510561566203009,2,25.6053580628542,1444,4.009752704791345
FOODS_3_102,FOODS_3,FOODS,3786,1.9505409582689275,1,43.431221020092735,1098,2.023276661514683
FOODS_1_181,FOODS_1,FOODS,3785,1.950025759917547,1,43.94641937145801,1088,1.3155382619974065
FOODS_2_388,FOODS_2,FOODS,3784,1.9495105615662027,1,36.99124162802679,1223,2.980432766615147
HOUSEHOLD_1_251,HOUSEHOLD_1,HOUSEHOLD,3776,1.945388974755283,2,19.989696032972695,1553,1.98
FOODS_3_514,FOODS_3,FOODS,3772,1.9433281813497871,0,57.75373518804739,820,4.98
FOODS_3_041,FOODS_3,FOODS,3771,1.942812982998436,1,42.29778464708913,1120,2.98
HOBBIES_1_078,HOBBIES_1,HOBBIES,3758,1.936115404430705,1,31.375579598145286,1332,12.453297269448742
FOODS_2_119,FOODS_2,FOODS,3737,1.92529623905203,1,37.35188047398248,1216,2.637794951056157
FOODS_3_138,FOODS_3,FOODS,3736,1.9247810407006756,1,34.209170530654305,1277,1.98
FOODS_1_204,FOODS_1,FOODS,3733,1.923235445646568,1,45.234415249871205,1063,0.980673436664885
FOODS_3_598,FOODS_3,FOODS,3728,1.9206594538897694,1,43.89489953632149,1089,1.9038221632382217
FOODS_3_071,FOODS_3,FOODS,3725,1.9191138588356846,0,57.444616177228234,826,1.34
FOODS_3_683,FOODS_3,FOODS,3712,1.9124162802679032,0,53.374549201442555,905,2.50462890625
FOODS_3_326,FOODS_3,FOODS,3706,1.9093250901597236,1,47.60432766615147,1017,1.3156929417825871
FOODS_2_307,FOODS_2,FOODS,3705,1.9088098918083416,1,46.831530139103556,1032,2.524236559139785
FOODS_3_024,FOODS_3,FOODS,3699,1.9057187017001562,0,73.67336424523442,511,0.9991400491400492
FOODS_2_063,FOODS_2,FOODS,3678,1.8948995363214869,1,37.81555899021123,1207,2.9359093250901593
HOUSEHOLD_1_539,HOUSEHOLD_1,HOUSEHOLD,3655,1.8830499742400937,2,31.221020092735703,1335,3.6524210526315803
FOODS_1_163,FOODS_1,FOODS,3653,1.8820195775373112,0,70.94281298299846,564,0.98
FOODS_2_247,FOODS_2,FOODS,3639,1.8748068006182328,1,38.43379701184956,1195,2.2049562081401355
HOBBIES_1_248,HOBBIES_1,HOBBIES,3638,1.8742916022668779,0,50.180319422977846,967,0.9494756097560976
FOODS_2_255,FOODS_2,FOODS,3635,1.8727460072127793,1,48.99536321483771,990,2.6618238021638327
FOODS_3_771,FOODS_3,FOODS,3635,1.8727460072127853,1,43.1736218444101,1103,2.503204868154158
FOODS_3_513,FOODS_3,FOODS,3607,1.8583204533745519,1,25.553838227717673,1445,4.435291087068521
HOUSEHOLD_1_071,HOUSEHOLD_1,HOUSEHOLD,3597,1.8531684698608766,1,44.616177228232864,1075,2.10008389261745
FOODS_2_153,FOODS_2,FOODS,3595,1.8521380731581707,1,36.888201957753736,1225,2.9310046367851617
HOUSEHOLD_1_285,HOUSEHOLD_1,HOUSEHOLD,3590,1.8495620814013318,1,37.24884080370943,1218,2.7461439588688945
FOODS_3_721,FOODS_3,FOODS,3585,1.8469860896445107,1,41.00978876867594,1145,2.0239979392065948
HOUSEHOLD_1_149,HOUSEHOLD_1,HOUSEHOLD,3575,1.8418341061308623,1,34.26069036579083,1276,0.97
FOODS_3_631,FOODS_3,FOODS,3557,1.8325605358062818,1,24.781040700669756,1460,3.7240288511076756
FOODS_3_716,FOODS_3,FOODS,3544,1.8258629572385352,1,38.33075734157651,1197,1.3043791859866045
FOODS_1_054,FOODS_1,FOODS,3541,1.8243173621844386,1,26.944873776403917,1418,1.8844307058217427
HOBBIES_1_150,HOBBIES_1,HOBBIES,3541,1.8243173621844393,1,48.63472436888202,997,1.7646986089644514
HOUSEHOLD_1_318,HOUSEHOLD_1,HOUSEHOLD,3539,1.8232869654817254,1,37.712519319938174,1209,2.9295796178343942
FOODS_3_638,FOODS_3,FOODS,3533,1.8201957753735185,1,49.974240082431734,971,1.5
FOODS_3_115,FOODS_3,FOODS,3531,1.8191653786707918,1,28.026790314270993,1397,4.317918598660483
FOODS_3_169,FOODS_3,FOODS,3523,1.815043791859868,1,27.61463163317877,1405,3.98
FOODS_3_321,FOODS_3,FOODS,3513,1.809891808346175,1,46.78001030396703,1033,1.3797419354838705
FOODS_2_240,FOODS_2,FOODS,3512,1.8093766099948532,0,57.650695517774345,822,2.1766099948480164
HOUSEHOLD_1_345,HOUSEHOLD_1,HOUSEHOLD,3472,1.7887686759402337,1,29.108706852138074,1376,3.951901081916535
HOUSEHOLD_1_448,HOUSEHOLD_1,HOUSEHOLD,3453,1.7789799072642734,0,58.835651725914474,799,0.9777044025157232
FOODS_2_304,FOODS_2,FOODS,3445,1.774858320453378,1,36.37300360638846,1235,3.9933693972179287
HOBBIES_1_354,HOBBIES_1,HOBBIES,3444,1.7743431221020338,0,72.53992787223082,533,23.245517241379307
HOUSEHOLD_1_506,HOUSEHOLD_1,HOUSEHOLD,3435,1.769706336939714,1,33.487892838742916,1291,3.5874497681607473
FOODS_1_104,FOODS_1,FOODS,3434,1.7691911385883503,1,40.44307058217414,1156,3.330973724884076
HOUSEHOLD_1_319,HOUSEHOLD_1,HOUSEHOLD,3429,1.7666151468315303,2,26.738794435857805,1422,1.9650305385896725
FOODS_3_812,FOODS_3,FOODS,3425,1.7645543534260704,1,31.272539927872227,1334,2.8301494075218963
HOBBIES_1_345,HOBBIES_1,HOBBIES,3418,1.760947964966514,1,29.314786192684185,1372,7.6686656362699654
HOBBIES_1_400,HOBBIES_1,HOBBIES,3418,1.7609479649665023,0,56.46573930963421,845,1.113168469860897
FOODS_3_208,FOODS_3,FOODS,3415,1.7594023699124093,1,44.71921689850593,1073,4.832647058823529
FOODS_3_250,FOODS_3,FOODS,3407,1.7552807831014916,1,38.6913961875322,1190,3.9041416309012877
FOODS_2_267,FOODS_2,FOODS,3401,1.7521895929933036,1,40.906749098402884,1147,1.9312313240597625
FOODS_3_676,FOODS_3,FOODS,3401,1.7521895929932962,1,37.09428129829985,1221,7.261948881789136
FOODS_3_053,FOODS_3,FOODS,3400,1.751674394641963,1,42.709943328181346,1112,3.98
FOODS_2_052,FOODS_2,FOODS,3395,1.7490984028851022,0,50.23183925811438,966,12.936517259144756
FOODS_2_138,FOODS_2,FOODS,3379,1.7408552292632635,1,37.557959814528594,1212,1.9131375579598142
FOODS_3_225,FOODS_3,FOODS,3379,1.7408552292632617,1,33.23029366306028,1296,1.98
FOODS_2_327,FOODS_2,FOODS,3369,1.7357032457496138,1,35.239567233384854,1257,1.9868727460072126
HOUSEHOLD_1_321,HOUSEHOLD_1,HOUSEHOLD,3363,1.7326120556414193,1,29.417825862957237,1370,2.968769389865564
FOODS_1_087,FOODS_1,FOODS,3357,1.729520865533229,1,45.028335909325094,1067,5.497492893689596
FOODS_3_267,FOODS_3,FOODS,3347,1.724368882019579,1,46.1617722823287,1045,2.079845440494593
FOODS_3_502,FOODS_3,FOODS,3345,1.723338485316849,0,55.79598145285936,858,2.504475920679887
HOBBIES_1_090,HOBBIES_1,HOBBIES,3342,1.7217928902627124,0,73.36424523441525,517,1.0148592870544093
FOODS_1_130,FOODS_1,FOODS,3339,1.7202472952086592,1,33.95157135497166,1282,1.7514734672849055
FOODS_2_060,FOODS_2,FOODS,3337,1.719216898505927,1,33.53941267387944,1290,7.352344152498714
HOBBIES_1_004,HOBBIES_1,HOBBIES,3337,1.7192168985059286,1,32.199896960329724,1316,4.526516264428124
FOODS_3_450,FOODS_3,FOODS,3336,1.7187017001545597,1,23.596084492529624,1483,3.0414734672849058
FOODS_3_388,FOODS_3,FOODS,3335,1.7181865018031997,1,40.1854714064915,1161,4.107521895929933
FOODS_3_271,FOODS_3,FOODS,3330,1.7156105100463674,1,34.569809376609996,1270,4.524719216898506
FOODS_2_396,FOODS_2,FOODS,3324,1.7125193199381812,1,31.68469860896445,1326,2.9883904109589046
FOODS_3_718,FOODS_3,FOODS,3320,1.7104585265327208,1,46.7284904688305,1034,1.320236991241629
FOODS_3_135,FOODS_3,FOODS,3315,1.70788253477586,0,68.77897990726429,606,1.48
FOODS_3_269,FOODS_3,FOODS,3314,1.7073673364245223,1,30.03606388459557,1358,2.980412158681092
FOODS_3_183,FOODS_3,FOODS,3291,1.6955177743431364,1,32.405976300875835,1312,3.002717733473242
FOODS_3_344,FOODS_3,FOODS,3290,1.695002575991736,0,60.278207109737245,771,2.05010183299389
FOODS_1_120,FOODS_1,FOODS,3286,1.692941782586295,1,40.28851107676456,1159,1.8463426791277249
FOODS_3_011,FOODS_3,FOODS,3283,1.691396187532196,1,39.927872230808866,1166,2.023276661514684
FOODS_3_249,FOODS_3,FOODS,3281,1.6903657908294705,0,56.62029881504379,842,2.5975218959299333
HOBBIES_1_055,HOBBIES_1,HOBBIES,3279,1.6893353941267388,1,32.560535806285415,1309,8.32248325605358
FOODS_2_081,FOODS_2,FOODS,3270,1.6846986089644498,1,34.82740855229263,1265,2.559598145285935
FOODS_3_795,FOODS_3,FOODS,3266,1.682637815558972,0,54.301906233900056,887,2.9757230142566193
FOODS_3_236,FOODS_3,FOODS,3262,1.6805770221535123,0,58.320453374549196,809,2.5038852459016394
HOUSEHOLD_1_540,HOUSEHOLD_1,HOUSEHOLD,3261,1.6800618238021727,1,44.307058217413704,1081,1.6784563758389262
FOODS_2_342,FOODS_2,FOODS,3258,1.6785162287480533,1,32.50901597114889,1310,5.991360123647604
HOUSEHOLD_1_404,HOUSEHOLD_1,HOUSEHOLD,3257,1.6780010303966935,1,31.787738279237505,1324,2.686312132549439
FOODS_3_644,FOODS_3,FOODS,3256,1.677485832045317,0,53.219989696032975,908,1.7514064914992273
HOUSEHOLD_1_425,HOUSEHOLD_1,HOUSEHOLD,3249,1.673879443585782,1,28.799587841318907,1382,1.97
FOODS_3_747,FOODS_3,FOODS,3246,1.6723338485316652,0,65.48171045852654,670,1
HOUSEHOLD_1_124,HOUSEHOLD_1,HOUSEHOLD,3245,1.671818650180322,1,40.906749098402884,1147,3.98
FOODS_3_063,FOODS_3,FOODS,3243,1.6707882534775889,1,38.02163833075734,1203,2.5232766615146827
HOUSEHOLD_2_074,HOUSEHOLD_2,HOUSEHOLD,3241,1.6697578567748572,1,29.520865533230296,1368,0.9695929933024214
FOODS_3_590,FOODS_3,FOODS,3239,1.6687274600721267,0,57.95981452859351,816,2.5971251931993815
FOODS_3_331,FOODS_3,FOODS,3226,1.662029881504373,1,27.820710973724882,1401,1.5446573930963419
HOBBIES_1_378,HOBBIES_1,HOBBIES,3222,1.6599690880989169,1,34.10613086038124,1279,3.24
FOODS_3_800,FOODS_3,FOODS,3214,1.6558475012879856,1,49.40752189592993,982,2.2108117890382633
FOODS_2_101,FOODS_2,FOODS,3208,1.6527563111797967,1,35.44564657393096,1253,5.99009788768676
FOODS_3_493,FOODS_3,FOODS,3202,1.6496651210716091,1,33.84853168469861,1284,7.260901856763929
FOODS_1_061,FOODS_1,FOODS,3200,1.6486347243688801,1,36.83668212261721,1226,2.1667552083333326
FOODS_3_195,FOODS_3,FOODS,3178,1.6373003606388454,1,43.791859866048426,1091,2.6593956351426975
HOUSEHOLD_1_180,HOUSEHOLD_1,HOUSEHOLD,3172,1.6342091705306556,1,37.712519319938174,1209,2.9295796178343942
HOUSEHOLD_1_086,HOUSEHOLD_1,HOUSEHOLD,3166,1.6311179804224647,1,39.15507470376095,1181,4.93612055641422
FOODS_3_569,FOODS_3,FOODS,3165,1.6306027820711002,1,40.44307058217414,1156,4.119711488923236
HOUSEHOLD_2_299,HOUSEHOLD_2,HOUSEHOLD,3164,1.6300875837197357,1,37.66099948480165,1210,1.239809376609995
FOODS_3_664,FOODS_3,FOODS,3151,1.62339000515195,0,51.2107161257084,947,2.20994332818135
FOODS_3_035,FOODS_3,FOODS,3149,1.6223596084492584,1,30.44822256568779,1350,3.8579495105615647
FOODS_3_439,FOODS_3,FOODS,3145,1.6202988150438065,0,53.58062854198866,901,2.9757230142566193
HOUSEHOLD_1_310,HOUSEHOLD_1,HOUSEHOLD,3144,1.6197836166924307,1,43.431221020092735,1098,7.496676970633697
FOODS_2_183,FOODS_2,FOODS,3140,1.6177228232869756,1,42.040185471406495,1125,8.74976816074189
HOBBIES_1_089,HOBBIES_1,HOBBIES,3139,1.617207624935607,1,27.202472952086552,1413,8.013204533745492
HOUSEHOLD_1_279,HOUSEHOLD_1,HOUSEHOLD,3127,1.6110252447192117,1,42.96754250386399,1107,0.97
HOUSEHOLD_1_186,HOUSEHOLD_1,HOUSEHOLD,3126,1.6105100463678503,1,44.41009788768676,1079,3.122009273570323
FOODS_2_112,FOODS_2,FOODS,3124,1.609479649665107,0,55.641421947449764,861,3.3310894596988483
FOODS_3_424,FOODS_3,FOODS,3122,1.6084492529623955,1,35.600206079340545,1250,3.800515198351365
HOUSEHOLD_1_440,HOUSEHOLD_1,HOUSEHOLD,3122,1.6084492529623982,1,32.251416795466255,1315,15.036718186501801
FOODS_3_028,FOODS_3,FOODS,3120,1.6074188562596632,1,35.85780525502319,1245,3.800515198351365
FOODS_3_215,FOODS_3,FOODS,3116,1.6053580628542112,1,37.918598660484285,1205,1.1660879001627793
HOUSEHOLD_1_376,HOUSEHOLD_1,HOUSEHOLD,3113,1.6038124678001031,1,26.63575476558475,1424,5.055126223596087
HOBBIES_1_194,HOBBIES_1,HOBBIES,3112,1.603297269448742,1,37.764039155074705,1208,2.7333642452344167
HOUSEHOLD_1_100,HOUSEHOLD_1,HOUSEHOLD,3106,1.600206079340542,1,28.232869654817105,1393,8.026232485729114
HOUSEHOLD_1_416,HOUSEHOLD_1,HOUSEHOLD,3104,1.5991756826378123,1,35.239567233384854,1257,3.5886759402369917
HOBBIES_1_074,HOBBIES_1,HOBBIES,3095,1.5945388974755244,1,38.94899536321484,1185,3.67
HOUSEHOLD_1_350,HOUSEHOLD_1,HOUSEHOLD,3094,1.5940236991241754,1,30.963420917053064,1340,2.851653786707883
FOODS_3_012,FOODS_3,FOODS,3093,1.5935085007728056,1,47.501287995878414,1019,2.273575535807632
FOODS_3_625,FOODS_3,FOODS,3089,1.5914477073673379,1,38.22771767130345,1199,2.9901458465440713
HOUSEHOLD_1_016,HOUSEHOLD_1,HOUSEHOLD,3088,1.5909325090159883,1,38.33075734157651,1197,4.8686038124678
HOUSEHOLD_1_129,HOUSEHOLD_1,HOUSEHOLD,3079,1.5862957238536854,1,23.235445646573933,1490,3.935899021123133
HOUSEHOLD_1_411,HOUSEHOLD_1,HOUSEHOLD,3071,1.582174137042765,1,29.520865533230296,1368,3.1550581395348853
HOUSEHOLD_1_119,HOUSEHOLD_1,HOUSEHOLD,3062,1.5775373518804656,1,49.665121071612575,977,3.549791555318013
FOODS_1_088,FOODS_1,FOODS,3061,1.5770221535291014,1,40.906749098402884,1147,4.8681865018031925
FOODS_2_199,FOODS_2,FOODS,3058,1.5754765584750148,1,43.89489953632149,1089,1.022431736218444
FOODS_3_788,FOODS_3,FOODS,3051,1.5718701700154436,1,45.543534260690365,1057,3.7983481442760056
FOODS_3_212,FOODS_3,FOODS,3045,1.568778979907259,1,31.633178773827925,1327,2.9482637815558994
FOODS_3_277,FOODS_3,FOODS,3045,1.5687789799072995,0,61.82380216383307,741,1.98
HOUSEHOLD_1_112,HOUSEHOLD_1,HOUSEHOLD,3044,1.5682637815558964,1,32.045337454920144,1319,2.97
HOUSEHOLD_1_153,HOUSEHOLD_1,HOUSEHOLD,3043,1.5677485832045213,1,48.17104585265327,1006,1.97
HOUSEHOLD_1_087,HOUSEHOLD_1,HOUSEHOLD,3024,1.5579598145285902,1,27.97527047913447,1398,4.319144770736733
HOUSEHOLD_1_427,HOUSEHOLD_1,HOUSEHOLD,3021,1.5564142194744917,1,46.986089644513136,1029,5.96
HOUSEHOLD_1_478,HOUSEHOLD_1,HOUSEHOLD,3021,1.5564142194744965,1,31.272539927872227,1334,2.6501648634724364
FOODS_1_027,FOODS_1,FOODS,3005,1.5481710458526539,0,62.02988150437918,737,1.8633742331288357
FOODS_3_665,FOODS_3,FOODS,3002,1.5466254507985844,0,64.60587326120556,687,2.98
FOODS_3_118,FOODS_3,FOODS,2995,1.5430190623390019,1,44.04945904173106,1086,1.1566306027820719
FOODS_1_074,FOODS_1,FOODS,2989,1.5399278722308118,1,46.78001030396703,1033,2.2315610510046366
HOUSEHOLD_1_132,HOUSEHOLD_1,HOUSEHOLD,2980,1.53529108706852,1,38.22771767130345,1199,1.9527352637021718
FOODS_2_346,FOODS_2,FOODS,2978,1.5342606903658185,0,76.55847501287995,455,2.344480712166172
FOODS_3_098,FOODS_3,FOODS,2977,1.5337454920144296,1,33.38485316846986,1293,4.320443070582177
FOODS_3_494,FOODS_3,FOODS,2969,1.5296239052035099,1,39.67027305512622,1171,2.9832251416795468
FOODS_3_775,FOODS_3,FOODS,2969,1.529623905203501,1,31.890777949510564,1322,3.6494487377640374
FOODS_3_584,FOODS_3,FOODS,2966,1.528078310149413,1,46.31633178773828,1042,1
HOUSEHOLD_1_443,HOUSEHOLD_1,HOUSEHOLD,2965,1.5275631117980466,1,38.89747552807831,1186,2.5199114583333335
FOODS_2_146,FOODS_2,FOODS,2964,1.5270479134466837,1,45.33745492014425,1061,1.967181865018032
HOBBIES_1_155,HOBBIES_1,HOBBIES,2961,1.5255023183925545,0,51.15919629057187,948,18.98
FOODS_3_335,FOODS_3,FOODS,2953,1.5213807315816668,1,45.234415249871205,1063,2.2571718452758414
FOODS_3_112,FOODS_3,FOODS,2947,1.5182895414734694,1,47.346728490468834,1022,2.98
FOODS_3_431,FOODS_3,FOODS,2947,1.5182895414734754,1,48.222565687789796,1005,1
HOBBIES_1_408,HOBBIES_1,HOBBIES,2945,1.5172591447707366,0,70.73673364245235,568,0.5994590417310665
HOUSEHOLD_1_202,HOUSEHOLD_1,HOUSEHOLD,2939,1.51416795466256,1,48.32560535806286,1003,1.98
HOUSEHOLD_1_503,HOUSEHOLD_1,HOUSEHOLD,2938,1.513652756311179,1,32.30293663060278,1314,1.0027408552292645
FOODS_3_480,FOODS_3,FOODS,2936,1.5126223596084434,1,33.281813498196804,1295,2.662637815558993
FOODS_1_006,FOODS_1,FOODS,2933,1.5110767645543497,1,39.61875321998969,1172,2.2187171561051
HOUSEHOLD_2_483,HOUSEHOLD_2,HOUSEHOLD,2931,1.5100463678516185,1,32.1483771251932,1317,4.900757341576507
HOUSEHOLD_1_068,HOUSEHOLD_1,HOUSEHOLD,2930,1.5095311695002522,1,35.394126738794434,1254,6.97
HOBBIES_1_064,HOBBIES_1,HOBBIES,2925,1.5069551777434287,1,31.272539927872227,1334,12.957223371251292
FOODS_2_156,FOODS_2,FOODS,2923,1.5059247810407126,1,42.400824317362186,1118,1.4991859866048431
FOODS_3_336,FOODS_3,FOODS,2923,1.5059247810407184,0,51.31375579598145,945,2.6327666151468327
FOODS_3_551,FOODS_3,FOODS,2919,1.5038639876352375,1,34.05461102524472,1280,4.612694487377639
FOODS_1_127,FOODS_1,FOODS,2916,1.5023183925811432,1,39.30963420917053,1178,1.9888717156105107
FOODS_1_064,FOODS_1,FOODS,2915,1.5018031942297776,1,32.66357547655848,1307,2.6168882019577544
FOODS_3_797,FOODS_3,FOODS,2907,1.4976816074188624,1,46.05873261205564,1047,3.98
HOUSEHOLD_1_109,HOUSEHOLD_1,HOUSEHOLD,2906,1.49716640906749,1,24.368882019577537,1468,3.8645492014425553
FOODS_3_661,FOODS_3,FOODS,2904,1.4961360123647385,0,63.06027820710973,717,3.28
FOODS_3_194,FOODS_3,FOODS,2895,1.4914992272024723,1,35.34260690365791,1255,2.952492244053774
FOODS_2_024,FOODS_2,FOODS,2894,1.4909840288511107,1,40.030911901081915,1164,2.507789799072643
HOUSEHOLD_1_282,HOUSEHOLD_1,HOUSEHOLD,2892,1.4899536321483697,1,39.515713549716644,1174,3.878684210526315
FOODS_3_423,FOODS_3,FOODS,2888,1.4878928387428993,1,49.35600206079341,983,2.98
FOODS_2_399,FOODS_2,FOODS,2882,1.484801648634724,1,43.225141679546624,1102,2.0003606388459554
HOUSEHOLD_1_106,HOUSEHOLD_1,HOUSEHOLD,2881,1.484286450283331,0,67.13034518289541,638,9.08918918918919
FOODS_3_191,FOODS_3,FOODS,2873,1.4801648634724323,1,43.37970118495621,1099,1
HOUSEHOLD_1_528,HOUSEHOLD_1,HOUSEHOLD,2868,1.4775888717156076,1,30.860381246780012,1342,2.93069036579083
FOODS_3_246,FOODS_3,FOODS,2865,1.4760432766615132,1,30.705821741370425,1345,1.967449768160742
FOODS_3_653,FOODS_3,FOODS,2864,1.4755280783101399,0,54.7655847501288,878,3.926575576430402
FOODS_2_184,FOODS_2,FOODS,2862,1.4744976816074091,1,44.152498712004125,1084,5.0500230149597245
HOUSEHOLD_1_408,HOUSEHOLD_1,HOUSEHOLD,2855,1.4708912931478595,1,41.21586810922205,1141,5.5850180319422975
HOBBIES_1_029,HOBBIES_1,HOBBIES,2854,1.4703760947964952,1,32.766615146831526,1305,8.32248325605358
FOODS_1_083,FOODS_1,FOODS,2840,1.463163317877379,1,45.80113343637301,1052,1.9798763523956724
FOODS_3_386,FOODS_3,FOODS,2839,1.4626481195260204,1,48.068006182380216,1008,2.5031307793923383
FOODS_2_175,FOODS_2,FOODS,2837,1.461617722823304,0,55.28078310149408,868,2.45315445026178
HOUSEHOLD_1_505,HOUSEHOLD_1,HOUSEHOLD,2836,1.4611025244719187,1,42.194744976816075,1122,2.5300103788271926
FOODS_3_310,FOODS_3,FOODS,2834,1.4600721277691884,1,42.503863987635235,1116,1
FOODS_2_391,FOODS_2,FOODS,2828,1.4569809376609981,1,45.85265327150953,1051,2.0003606388459554
FOODS_3_276,FOODS_3,FOODS,2826,1.455950540958268,1,37.09428129829985,1221,4.522916022668729
FOODS_3_509,FOODS_3,FOODS,2816,1.4507985574446183,0,52.498712004121586,922,1.98
HOUSEHOLD_2_115,HOUSEHOLD_2,HOUSEHOLD,2813,1.4492529623905235,1,43.32818134981969,1100,3.5167542503863976
HOBBIES_1_379,HOBBIES_1,HOBBIES,2811,1.4482225656877907,1,40.70066975785677,1151,2.174652241112828
FOODS_2_003,FOODS_2,FOODS,2805,1.4451313755796016,1,47.03760947964967,1028,2.13538382277177
FOODS_3_306,FOODS_3,FOODS,2802,1.44358578052547,0,56.00206079340546,854,1.5491001697792872
HOUSEHOLD_1_275,HOUSEHOLD_1,HOUSEHOLD,2792,1.4384337970118524,1,38.17619783616693,1200,2.97
HOUSEHOLD_1_347,HOUSEHOLD_1,HOUSEHOLD,2792,1.4384337970118568,1,37.24884080370943,1218,7.97
HOUSEHOLD_1_541,HOUSEHOLD_1,HOUSEHOLD,2782,1.4332818134982037,1,44.25553838227717,1082,7.496676970633697
HOUSEHOLD_2_239,HOUSEHOLD_2,HOUSEHOLD,2778,1.4312210200927362,1,34.82740855229263,1265,1.24
FOODS_3_301,FOODS_3,FOODS,2772,1.4281298299845417,1,31.169500257599175,1336,1.9782689335394126
FOODS_3_372,FOODS_3,FOODS,2765,1.4245234415249635,0,68.0577022153529,620,3.28
FOODS_3_405,FOODS_3,FOODS,2765,1.4245234415249852,1,37.712519319938174,1209,3.8583204533745477
HOUSEHOLD_1_140,HOUSEHOLD_1,HOUSEHOLD,2757,1.4204018547140635,1,31.890777949510564,1322,15.038629572385371
HOUSEHOLD_1_369,HOUSEHOLD_1,HOUSEHOLD,2757,1.4204018547140762,1,39.927872230808866,1166,3.747114267269206
HOUSEHOLD_1_370,HOUSEHOLD_1,HOUSEHOLD,2753,1.4183410613086003,1,33.43637300360639,1292,7.041895929933024
FOODS_1_103,FOODS_1,FOODS,2745,1.414219474497682,1,43.7403400309119,1092,3.9548737764039132
FOODS_3_708,FOODS_3,FOODS,2743,1.4131890777949507,1,37.86707882534776,1206,2.857031963470319
FOODS_3_705,FOODS_3,FOODS,2741,1.41215868109223,1,38.639876352395675,1191,3.800515198351365
FOODS_3_146,FOODS_3,FOODS,2740,1.411643482740857,1,43.585780525502315,1095,5.376671818650181
FOODS_2_170,FOODS_2,FOODS,2738,1.4106130860381332,0,50.6439979392066,958,3.0887581699346427
FOODS_2_232,FOODS_2,FOODS,2736,1.4095826893353967,1,36.99124162802679,1223,2.450582174137043
FOODS_2_289,FOODS_2,FOODS,2734,1.4085522926326481,1,47.39824832560536,1021,2.507789799072643
FOODS_3_387,FOODS_3,FOODS,2728,1.4054611025244705,0,57.90829469345699,817,2.6276352395672333
HOUSEHOLD_2_348,HOUSEHOLD_2,HOUSEHOLD,2728,1.4054611025244674,1,37.35188047398248,1216,6.478464708912932
HOBBIES_1_142,HOBBIES_1,HOBBIES,2724,1.4034003091190064,0,53.88974755280783,895,0.9471402550091073
FOODS_2_257,FOODS_2,FOODS,2719,1.4008243173621695,0,57.238536836682115,830,1
FOODS_3_181,FOODS_3,FOODS,2718,1.4003091190108166,1,42.555383822771766,1115,2.98
FOODS_3_144,FOODS_3,FOODS,2715,1.3987635239567193,1,37.24884080370943,1218,1.9044822256568774
HOBBIES_1_258,HOBBIES_1,HOBBIES,2714,1.3982483256053608,1,31.736218444100977,1325,11.467823164426063
FOODS_3_794,FOODS_3,FOODS,2709,1.3956723338485315,1,32.405976300875835,1312,2.800401854714065
FOODS_2_220,FOODS_2,FOODS,2708,1.3951571354971672,1,46.52241112828439,1038,2.000504894384338
FOODS_3_533,FOODS_3,FOODS,2707,1.3946419371458008,1,35.34260690365791,1255,4.989088098918084
FOODS_3_182,FOODS_3,FOODS,2706,1.3941267387944316,1,44.97681607418856,1068,2.0239979392065948
HOUSEHOLD_1_292,HOUSEHOLD_1,HOUSEHOLD,2705,1.3936115404430678,1,43.27666151468315,1101,6.6479462571977
HOUSEHOLD_1_482,HOUSEHOLD_1,HOUSEHOLD,2702,1.3920659453889723,1,40.44307058217414,1156,3.243822771767129
HOUSEHOLD_1_235,HOUSEHOLD_1,HOUSEHOLD,2696,1.3889747552807832,1,39.000515198351366,1184,3.588928387429162
HOBBIES_1_323,HOBBIES_1,HOBBIES,2694,1.387944358578056,1,27.820710973724882,1401,5.233256053580629
FOODS_3_591,FOODS_3,FOODS,2693,1.3874291602266908,1,37.609479649665126,1211,2.8742606903657872
HOUSEHOLD_1_397,HOUSEHOLD_1,HOUSEHOLD,2693,1.3874291602266904,1,43.48274085522926,1097,2.771813498196806
HOUSEHOLD_1_385,HOUSEHOLD_1,HOUSEHOLD,2688,1.38485316846988,0,51.98351365275631,932,1.97
FOODS_3_784,FOODS_3,FOODS,2686,1.3838227717671223,0,55.28078310149408,868,1.3181452859350853
FOODS_1_208,FOODS_1,FOODS,2681,1.3812467800102983,1,43.12210200927357,1104,1.8513229571984422
FOODS_3_411,FOODS_3,FOODS,2680,1.3807315816589376,1,40.906749098402884,1147,2.98
HOUSEHOLD_1_348,HOUSEHOLD_1,HOUSEHOLD,2679,1.3802163833075642,1,46.11025244719217,1046,1.9410787792760817
HOUSEHOLD_1_188,HOUSEHOLD_1,HOUSEHOLD,2678,1.3797011849562055,1,32.45749613601237,1311,3.98
HOUSEHOLD_1_082,HOUSEHOLD_1,HOUSEHOLD,2677,1.3791859866048373,1,42.349304482225655,1119,3.48
HOUSEHOLD_2_140,HOUSEHOLD_2,HOUSEHOLD,2676,1.3786707882534772,1,32.30293663060278,1314,6.97
FOODS_3_367,FOODS_3,FOODS,2675,1.378155589902108,1,44.20401854714065,1083,2.6439361154044296
HOUSEHOLD_1_291,HOUSEHOLD_1,HOUSEHOLD,2672,1.376609994848015,1,41.834106130860384,1129,3.747114267269206
FOODS_2_056,FOODS_2,FOODS,2670,1.375579598145283,1,47.501287995878414,1019,7.0973879443585774
FOODS_3_034,FOODS_3,FOODS,2669,1.375064399793914,0,56.31117980422463,848,2.504693069306931
FOODS_3_504,FOODS_3,FOODS,2667,1.374034003091187,1,46.11025244719217,1046,1.3205976300875824
HOUSEHOLD_1_386,HOUSEHOLD_1,HOUSEHOLD,2665,1.3730036063884545,1,47.96496651210716,1010,2.96
FOODS_2_174,FOODS_2,FOODS,2659,1.3699124162802647,0,50.334878928387425,964,2.7967954662545083
FOODS_3_238,FOODS_3,FOODS,2656,1.3683668212261695,1,47.96496651210716,1010,3.6366615146831536
FOODS_3_461,FOODS_3,FOODS,2655,1.367851622874805,1,41.06130860381247,1144,1.4544564657393089
FOODS_3_308,FOODS_3,FOODS,2652,1.3663060278207093,1,48.068006182380216,1008,4.925082433200682
FOODS_3_610,FOODS_3,FOODS,2652,1.3663060278207093,1,33.53941267387944,1290,1.98
FOODS_3_560,FOODS_3,FOODS,2644,1.3621844410097796,1,49.76816074188562,975,2.88
HOUSEHOLD_1_050,HOUSEHOLD_1,HOUSEHOLD,2642,1.3611540443070254,0,56.67181865018031,841,3.67244976076555
HOUSEHOLD_1_004,HOUSEHOLD_1,HOUSEHOLD,2639,1.3596084492529643,1,49.04688304997424,989,2.310520350334879
HOUSEHOLD_2_371,HOUSEHOLD_2,HOUSEHOLD,2637,1.358578052550234,1,45.440494590417316,1059,0.78
HOBBIES_1_407,HOBBIES_1,HOBBIES,2629,1.3544564657393117,1,40.752189592993304,1150,2.7498093766099925
FOODS_3_765,FOODS_3,FOODS,2624,1.3518804739824863,1,36.26996393611541,1237,2.877536997885836
FOODS_3_515,FOODS_3,FOODS,2617,1.3482740855229345,0,58.681092220504894,802,2.88
HOBBIES_1_329,HOBBIES_1,HOBBIES,2617,1.3482740855229267,1,30.911901081916536,1341,3.969783616692427
HOUSEHOLD_1_065,HOUSEHOLD_1,HOUSEHOLD,2614,1.346728490468831,0,54.71406491499228,879,0.98
HOUSEHOLD_1_079,HOUSEHOLD_1,HOUSEHOLD,2603,1.3410613086038248,1,41.93714580113343,1127,4.862424242424242
FOODS_2_309,FOODS_2,FOODS,2601,1.340030911901083,1,41.6795466254508,1132,2.620942803268386
HOUSEHOLD_1_461,HOUSEHOLD_1,HOUSEHOLD,2593,1.3359093250901573,1,34.672849046883044,1268,0.97
FOODS_3_207,FOODS_3,FOODS,2592,1.3353941267387932,0,60.9479649665121,758,2.023276661514683
FOODS_3_069,FOODS_3,FOODS,2591,1.3348789283874256,0,66.71818650180319,646,2.9732663847780127
HOBBIES_1_300,HOBBIES_1,HOBBIES,2591,1.3348789283874287,1,39.05203503348789,1183,9.48108191653787
FOODS_3_433,FOODS_3,FOODS,2589,1.3338485316846944,1,44.822256568778975,1071,1
FOODS_1_066,FOODS_1,FOODS,2586,1.3323029366306034,1,44.46161772282329,1078,1.358160741885626
FOODS_3_162,FOODS_3,FOODS,2583,1.3307573415765075,1,46.36785162287481,1041,2.023276661514683
HOUSEHOLD_1_028,HOUSEHOLD_1,HOUSEHOLD,2575,1.3266357547655823,1,36.37300360638846,1235,2.8816180371352784
FOODS_1_013,FOODS_1,FOODS,2572,1.3250901597114872,0,52.189592993302426,928,1.4711128284389499
HOUSEHOLD_1_379,HOUSEHOLD_1,HOUSEHOLD,2565,1.3214837712519314,1,39.56723338485317,1173,0.97
FOODS_1_207,FOODS_1,FOODS,2564,1.3209685729005651,1,37.1973209685729,1219,3.288263781555898
FOODS_1_023,FOODS_1,FOODS,2563,1.3204533745492082,0,58.681092220504894,802,5.497453098351335
FOODS_2_189,FOODS_2,FOODS,2548,1.3127253992787233,1,46.986089644513136,1029,2.507789799072643
HOUSEHOLD_1_094,HOUSEHOLD_1,HOUSEHOLD,2546,1.311695002575985,0,52.55023183925811,921,3.5982420382165605
FOODS_3_211,FOODS_3,FOODS,2542,1.3096342091705295,1,44.152498712004125,1084,4.5161669242658435
FOODS_3_065,FOODS_3,FOODS,2539,1.308088614116436,1,45.28593508500773,1062,3.8566002098635885
HOUSEHOLD_1_538,HOUSEHOLD_1,HOUSEHOLD,2536,1.306543019062328,1,39.8248325605358,1168,3.48
HOUSEHOLD_2_421,HOUSEHOLD_2,HOUSEHOLD,2536,1.3065430190623435,1,34.72436888201958,1267,4.814204018547139
FOODS_1_106,FOODS_1,FOODS,2528,1.302421432251416,1,39.10355486862442,1182,3.3166202988150446
FOODS_2_086,FOODS_2,FOODS,2523,1.299845440494585,1,43.48274085522926,1097,2.6100257599175674
HOBBIES_1_423,HOBBIES_1,HOBBIES,2521,1.2988150437918562,1,38.33075734157651,1197,7.688189379398589
HOUSEHOLD_1_381,HOUSEHOLD_1,HOUSEHOLD,2521,1.2988150437918582,1,32.199896960329724,1316,4.838655332302937
FOODS_3_508,FOODS_3,FOODS,2520,1.2982998454404953,0,51.262235960844926,946,1
FOODS_3_289,FOODS_3,FOODS,2519,1.2977846470891325,1,34.363730036063885,1274,2.800401854714065
FOODS_3_523,FOODS_3,FOODS,2516,1.2962390520350386,0,63.9361154044307,700,1.98
FOODS_2_381,FOODS_2,FOODS,2510,1.2931478619268404,1,47.707367336424525,1015,2.543420917053066
HOBBIES_2_142,HOBBIES_2,HOBBIES,2509,1.2926326635754728,0,68.67594023699124,608,0.226321483771252
HOUSEHOLD_1_222,HOUSEHOLD_1,HOUSEHOLD,2508,1.292117465224102,0,59.402369912416276,788,10.371790416008423
HOBBIES_2_059,HOBBIES_2,HOBBIES,2503,1.2895414734672845,0,69.03657908294693,601,0.22621329211746516
FOODS_2_182,FOODS_2,FOODS,2501,1.2885110767645505,1,46.93456980937661,1030,2.0003606388459554
FOODS_3_803,FOODS_3,FOODS,2500,1.2879958784131849,0,65.58475012879958,668,1
HOUSEHOLD_1_128,HOUSEHOLD_1,HOUSEHOLD,2497,1.2864502833590938,1,40.80370942812983,1149,2.685264564404064
FOODS_3_432,FOODS_3,FOODS,2493,1.2843894899536294,1,43.84337970118495,1090,3.939247810407004
HOBBIES_1_201,HOBBIES_1,HOBBIES,2493,1.2843894899536343,1,31.581658938691398,1328,5.770216383307573
FOODS_3_155,FOODS_3,FOODS,2490,1.2828438948995307,1,49.1499227202473,987,2.0239979392065948
FOODS_3_083,FOODS_3,FOODS,2486,1.2807831014940716,1,38.58835651725914,1192,18.823766099948486
FOODS_2_080,FOODS_2,FOODS,2476,1.275631117980421,0,62.08140133951572,736,2.1766099948480164
FOODS_3_538,FOODS_3,FOODS,2475,1.275115919629071,0,56.98093766099949,835,1.4213544668587899
FOODS_3_089,FOODS_3,FOODS,2473,1.274085522926326,0,50.8500772797527,954,1
FOODS_3_294,FOODS_3,FOODS,2473,1.274085522926326,1,48.42864502833591,1001,2.479134466769706
HOBBIES_1_202,HOBBIES_1,HOBBIES,2472,1.273570324574961,0,50.79855744461618,955,1.7646986089644514
FOODS_3_142,FOODS_3,FOODS,2468,1.2715095311695008,0,50.2833590932509,965,4.044298836497243
FOODS_2_353,FOODS_2,FOODS,2467,1.2709943328181328,0,57.238536836682115,830,2.9242452344152494
HOUSEHOLD_1_075,HOUSEHOLD_1,HOUSEHOLD,2467,1.2709943328181361,1,37.712519319938174,1209,2.73
FOODS_3_381,FOODS_3,FOODS,2460,1.267387944358581,0,65.17259144770736,676,2.9470846394984327
FOODS_3_392,FOODS_3,FOODS,2459,1.2668727460072147,1,34.363730036063885,1274,3.8743328181349845
FOODS_3_542,FOODS_3,FOODS,2448,1.2612055641421955,1,37.86707882534776,1206,2.4972388831437433
HOUSEHOLD_1_488,HOUSEHOLD_1,HOUSEHOLD,2447,1.2606903657908277,1,41.473467284904686,1136,9.910793405461103
HOBBIES_1_014,HOBBIES_1,HOBBIES,2441,1.2575991756826457,1,44.152498712004125,1084,1.005683709869203
FOODS_3_671,FOODS_3,FOODS,2440,1.2570839773312736,1,35.960844925296236,1243,2.078763523956723
HOUSEHOLD_1_039,HOUSEHOLD_1,HOUSEHOLD,2439,1.256568778979913,1,47.2952086553323,1023,2.881989389920424
FOODS_3_096,FOODS_3,FOODS,2433,1.2534775888717171,1,39.77331272539928,1169,4.321885625965997
HOBBIES_1_153,HOBBIES_1,HOBBIES,2424,1.248840803709429,1,45.28593508500773,1062,6.172952853598018
FOODS_3_646,FOODS_3,FOODS,2420,1.246780010303969,0,58.37197320968572,808,2.593446676970633
FOODS_3_679,FOODS_3,FOODS,2417,1.245234415249873,1,45.07985574446162,1066,3.8515095311695
FOODS_3_283,FOODS_3,FOODS,2416,1.244719216898508,1,43.01906233900051,1106,2.804432432432433
HOUSEHOLD_2_511,HOUSEHOLD_2,HOUSEHOLD,2412,1.2426584234930493,1,44.87377640391551,1070,2.8398608964451313
FOODS_2_318,FOODS_2,FOODS,2411,1.242143225141678,0,55.22926326635754,869,4.979953632148377
HOUSEHOLD_1_145,HOUSEHOLD_1,HOUSEHOLD,2410,1.2416280267903181,0,57.80525502318392,819,2.0421535291087056
HOUSEHOLD_1_059,HOUSEHOLD_1,HOUSEHOLD,2403,1.2380216383307547,1,48.068006182380216,1008,2.9436476043276674
HOUSEHOLD_1_146,HOUSEHOLD_1,HOUSEHOLD,2403,1.2380216383307556,1,30.757341576506953,1344,6.064569809376611
FOODS_2_321,FOODS_2,FOODS,2402,1.2375064399793907,1,39.77331272539928,1169,2.9892263610315184
FOODS_3_585,FOODS_3,FOODS,2402,1.237506439979395,1,42.709943328181346,1112,3.98
HOBBIES_1_321,HOBBIES_1,HOBBIES,2401,1.236991241628024,1,38.48531684698609,1194,6.657496136012365
FOODS_1_016,FOODS_1,FOODS,2400,1.2364760432766588,1,41.988665636269964,1126,2.0709531169500277
HOUSEHOLD_2_470,HOUSEHOLD_2,HOUSEHOLD,2395,1.2339000515198348,1,39.36115404430706,1177,0.9663369397217928
FOODS_3_645,FOODS_3,FOODS,2390,1.2313240597630084,0,53.42606903657908,904,2.4039876352395666
HOUSEHOLD_1_046,HOUSEHOLD_1,HOUSEHOLD,2386,1.229263266357547,1,37.557959814528594,1212,3.749994848016486
FOODS_3_559,FOODS_3,FOODS,2378,1.2251416795466268,1,35.03348789283874,1261,2.8709634209170543
FOODS_3_029,FOODS_3,FOODS,2377,1.2246264811952547,1,49.974240082431734,971,1.381164348274086
FOODS_3_731,FOODS_3,FOODS,2377,1.2246264811952425,0,54.14734672849046,890,2.98
FOODS_3_008,FOODS_3,FOODS,2374,1.2230808861411804,0,78.10407006697578,425,0.7743723313407345
FOODS_2_026,FOODS_2,FOODS,2367,1.21947449768161,0,56.414219474497685,846,2.4527357032457497
FOODS_3_463,FOODS_3,FOODS,2367,1.2194744976816025,0,55.89902112313241,856,6.054070981210856
HOUSEHOLD_1_460,HOUSEHOLD_1,HOUSEHOLD,2366,1.218959299330231,1,39.67027305512622,1171,3.9059659969088094
FOODS_3_175,FOODS_3,FOODS,2364,1.2179289026275038,1,41.78258629572385,1130,7.261948881789136
FOODS_3_603,FOODS_3,FOODS,2364,1.2179289026274875,0,76.4554353426069,457,1
FOODS_3_046,FOODS_3,FOODS,2362,1.2168985059247863,0,55.28078310149408,868,1.98
FOODS_3_239,FOODS_3,FOODS,2362,1.2168985059247859,1,39.46419371458011,1175,1.8750540958268906
FOODS_2_274,FOODS_2,FOODS,2361,1.2163833075734187,1,47.39824832560536,1021,7.090103039670274
FOODS_3_160,FOODS_3,FOODS,2360,1.2158681092220527,0,60.741885625966,762,2.6309994848016496
FOODS_3_248,FOODS_3,FOODS,2360,1.2158681092220531,1,36.6306027820711,1230,1.98
FOODS_2_065,FOODS_2,FOODS,2357,1.2143225141679557,0,50.59247810407007,959,1.022431736218444
FOODS_2_099,FOODS_2,FOODS,2353,1.2122617207624842,1,48.63472436888202,997,1.9540325732899029
FOODS_2_166,FOODS_2,FOODS,2353,1.212261720762481,0,59.86604842864502,779,2.1774755280783102
FOODS_3_073,FOODS_3,FOODS,2349,1.2102009273570318,0,85.00772797527047,291,2.950679824561403
FOODS_3_117,FOODS_3,FOODS,2349,1.2102009273570233,0,59.35085007727975,789,2.20994332818135
HOUSEHOLD_1_468,HOUSEHOLD_1,HOUSEHOLD,2347,1.2091705306543004,1,36.01236476043277,1242,4.979855744461618
HOUSEHOLD_1_006,HOUSEHOLD_1,HOUSEHOLD,2344,1.2076249356002127,1,40.70066975785677,1151,6.97
FOODS_1_150,FOODS_1,FOODS,2341,1.2060793405461123,1,44.6676970633694,1074,4.87074703760948
FOODS_1_196,FOODS_1,FOODS,2341,1.2060793405461094,1,47.552807831014945,1018,1.9799845440494592
HOBBIES_1_338,HOBBIES_1,HOBBIES,2339,1.2050489438433796,1,41.318907779495106,1139,8.326089644513138
HOUSEHOLD_1_426,HOUSEHOLD_1,HOUSEHOLD,2336,1.2035033487892877,1,49.7166409067491,976,2.517204923968139
FOODS_3_043,FOODS_3,FOODS,2335,1.202988150437913,1,48.68624420401855,996,2.503087947882736
FOODS_2_144,FOODS_2,FOODS,2334,1.2024729520865511,1,44.71921689850593,1073,2.5075833333333337
HOUSEHOLD_1_510,HOUSEHOLD_1,HOUSEHOLD,2330,1.2004121586810872,1,44.56465739309634,1076,4.94994292961319
FOODS_3_611,FOODS_3,FOODS,2325,1.1978361669242592,0,52.96239052035033,913,2.5586192684183415
HOUSEHOLD_1_005,HOUSEHOLD_1,HOUSEHOLD,2322,1.1962905718701662,1,42.86450283359093,1109,10.072782071097372
FOODS_3_666,FOODS_3,FOODS,2321,1.1957753735187981,0,56.87789799072643,837,2.6327666151468327
FOODS_3_535,FOODS_3,FOODS,2316,1.1931993817619768,1,38.53683668212262,1193,6.15671303451829
FOODS_2_059,FOODS_2,FOODS,2315,1.1926841834106086,1,43.7403400309119,1092,5.99009788768676
FOODS_3_185,FOODS_3,FOODS,2303,1.186501803194227,0,58.78413189077795,800,2.344375
FOODS_2_115,FOODS_2,FOODS,2301,1.185471406491526,0,62.02988150437918,737,8.518895582329318
HOUSEHOLD_1_413,HOUSEHOLD_1,HOUSEHOLD,2301,1.1854714064914973,1,40.85522926326636,1148,17.97
FOODS_2_221,FOODS_2,FOODS,2297,1.1834106130860373,0,65.53323029366305,669,1.1774343122102027
FOODS_3_325,FOODS_3,FOODS,2296,1.1828954147346722,0,51.262235960844926,946,2.5030739299610896
HOUSEHOLD_1_372,HOUSEHOLD_1,HOUSEHOLD,2295,1.1823802163833073,1,38.639876352395675,1191,1.97
FOODS_2_242,FOODS_2,FOODS,2290,1.179804224626482,1,42.91602266872746,1108,2.507789799072643
FOODS_1_024,FOODS_1,FOODS,2288,1.1787738279237525,1,41.37042761463163,1138,4.702797527047912
HOBBIES_1_009,HOBBIES_1,HOBBIES,2287,1.1782586295723874,0,54.404945904173104,885,1.7646986089644514
FOODS_2_051,FOODS_2,FOODS,2281,1.1751674394641953,1,44.71921689850593,1073,2.5080783101494077
FOODS_3_609,FOODS_3,FOODS,2281,1.1751674394641975,0,57.03245749613601,834,2.98
HOBBIES_1_148,HOBBIES_1,HOBBIES,2281,1.1751674394641975,1,49.40752189592993,982,4.88
FOODS_1_073,FOODS_1,FOODS,2278,1.1736218444100999,1,43.585780525502315,1095,1.9859144770736743
FOODS_3_686,FOODS_3,FOODS,2277,1.1731066460587372,1,42.349304482225655,1119,3.73758887171561
HOUSEHOLD_1_430,HOUSEHOLD_1,HOUSEHOLD,2276,1.1725914477073551,0,78.25862957238536,422,0.9532842582106454
FOODS_3_685,FOODS_3,FOODS,2273,1.1710458526532772,0,52.189592993302426,928,2.487882534775889
HOUSEHOLD_1_287,HOUSEHOLD_1,HOUSEHOLD,2271,1.170015455950541,1,38.1246780010304,1201,4.63
FOODS_1_005,FOODS_1,FOODS,2266,1.1674394641937176,0,53.58062854198866,901,3.330973724884076
HOBBIES_1_047,HOBBIES_1,HOBBIES,2266,1.1674394641937167,0,52.7047913446677,918,1.7654559505409584
FOODS_3_616,FOODS_3,FOODS,2264,1.1664090674909853,1,45.18289541473467,1064,2.9652138073158163
FOODS_3_352,FOODS_3,FOODS,2260,1.1643482740855284,0,50.8500772797527,954,4.107315816589388
FOODS_3_496,FOODS_3,FOODS,2257,1.1628026790314363,0,55.126223596084486,871,3.98
FOODS_1_190,FOODS_1,FOODS,2251,1.1597114889232467,0,60.1751674394642,773,0.98
FOODS_3_490,FOODS_3,FOODS,2246,1.1571354971664092,1,46.264811952601754,1043,3.4838541666666663
HOUSEHOLD_2_442,HOUSEHOLD_2,HOUSEHOLD,2246,1.157135497166415,1,43.53426069036579,1096,1.48
FOODS_3_385,FOODS_3,FOODS,2235,1.1514683153013867,1,45.13137557959814,1065,2.98
HOUSEHOLD_1_316,HOUSEHOLD_1,HOUSEHOLD,2235,1.1514683153013903,1,40.030911901081915,1164,3.967284904688305
FOODS_3_492,FOODS_3,FOODS,2231,1.1494075218959294,1,41.112828438948995,1143,2.98
FOODS_3_032,FOODS_3,FOODS,2230,1.1488923235445554,0,52.498712004121586,922,2.98
FOODS_3_391,FOODS_3,FOODS,2220,1.1437403400309105,0,58.21741370427615,811,2.8017588817705277
HOUSEHOLD_1_107,HOUSEHOLD_1,HOUSEHOLD,2219,1.1432251416795594,1,44.35857805255023,1080,3.48
FOODS_1_155,FOODS_1,FOODS,2215,1.1411643482741027,0,61.66924265842349,744,0.98
FOODS_3_103,FOODS_3,FOODS,2215,1.1411643482740836,1,37.918598660484285,1205,3.2595086251960277
FOODS_2_356,FOODS_2,FOODS,2211,1.1391035548686228,1,46.31633178773828,1042,2.507789799072643
HOUSEHOLD_1_021,HOUSEHOLD_1,HOUSEHOLD,2211,1.1391035548686228,1,40.59763008758372,1153,1.9646731097214327
HOUSEHOLD_1_343,HOUSEHOLD_1,HOUSEHOLD,2210,1.138588356517258,1,47.913446676970636,1011,4.935615662029882
FOODS_2_382,FOODS_2,FOODS,2201,1.1339515713549728,1,45.38897475528078,1060,3.580705821741367
HOUSEHOLD_1_364,HOUSEHOLD_1,HOUSEHOLD,2201,1.1339515713549726,1,39.05203503348789,1183,7.6215507470376105
FOODS_3_497,FOODS_3,FOODS,2199,1.1329211746522403,0,50.489438433797005,961,2.487882534775889
FOODS_2_344,FOODS_2,FOODS,2196,1.1313755795981473,0,50.95311695002576,952,2.831138588356519
FOODS_3_299,FOODS_3,FOODS,2192,1.1293147861926727,0,68.10922205048944,619,1.5
FOODS_3_687,FOODS_3,FOODS,2192,1.1293147861926849,1,37.764039155074705,1208,2.8708912931478623
HOUSEHOLD_1_366,HOUSEHOLD_1,HOUSEHOLD,2191,1.1287995878413188,0,52.55023183925811,921,5.96
HOBBIES_1_023,HOBBIES_1,HOBBIES,2189,1.1277691911385823,1,46.419371458011334,1040,3.4107006697578557
FOODS_3_805,FOODS_3,FOODS,2182,1.1241628026790311,0,56.723338485316845,840,1
FOODS_2_285,FOODS_2,FOODS,2180,1.1231324059763002,1,47.81040700669758,1013,3.7007934054611042
FOODS_3_048,FOODS_3,FOODS,2176,1.1210716125708327,0,55.69294178258629,860,1.5051074918566774
HOBBIES_1_154,HOBBIES_1,HOBBIES,2176,1.1210716125708298,1,48.84080370942813,993,2.8278431372549013
FOODS_3_565,FOODS_3,FOODS,2174,1.120041215868109,1,45.595054095826896,1056,2.630479134466771
HOUSEHOLD_1_141,HOUSEHOLD_1,HOUSEHOLD,2174,1.1200412158681081,1,44.10097887686759,1085,1.7912055641421942
FOODS_3_428,FOODS_3,FOODS,2172,1.119010819165378,0,59.969088098918085,777,2.0325657071339176
FOODS_1_215,FOODS_1,FOODS,2167,1.1164348274085498,0,60.278207109737245,771,1.7482694848084546
HOUSEHOLD_1_062,HOUSEHOLD_1,HOUSEHOLD,2165,1.1154044307058164,0,54.7655847501288,878,4.98
HOUSEHOLD_2_308,HOUSEHOLD_2,HOUSEHOLD,2163,1.1143740340030939,0,54.301906233900056,887,3.530206079340548
HOBBIES_1_159,HOBBIES_1,HOBBIES,2162,1.1138588356517285,1,48.37712519319938,1002,3.24
HOBBIES_1_158,HOBBIES_1,HOBBIES,2161,1.1133436373003447,0,76.4554353426069,457,21.439710743801637
HOBBIES_1_216,HOBBIES_1,HOBBIES,2158,1.1117980422462546,0,52.80783101494075,916,1.7646986089644514
FOODS_1_197,FOODS_1,FOODS,2156,1.110767645543524,1,44.04945904173106,1086,4.8684028851107755
HOUSEHOLD_1_537,HOUSEHOLD_1,HOUSEHOLD,2155,1.1102524471921702,1,36.6306027820711,1230,15.970144255538383
FOODS_1_187,FOODS_1,FOODS,2154,1.1097372488408024,1,46.67697063369397,1035,9.17927357032456
HOUSEHOLD_2_212,HOUSEHOLD_2,HOUSEHOLD,2152,1.1087068521380736,1,46.1617722823287,1045,2.67
FOODS_1_210,FOODS_1,FOODS,2149,1.1071612570839886,0,58.62957238536837,803,1.8687266553480466
FOODS_2_225,FOODS_2,FOODS,2145,1.1051004636785124,1,47.552807831014945,1018,2.507789799072643
FOODS_3_612,FOODS_3,FOODS,2143,1.1040700669757846,1,48.68624420401855,996,4.2116959064327535
FOODS_2_104,FOODS_2,FOODS,2136,1.1004636785162238,0,50.489438433797005,961,7.2927563111798035
HOUSEHOLD_1_536,HOUSEHOLD_1,HOUSEHOLD,2132,1.0984028851107634,0,63.42091705306543,710,2.96792270531401
FOODS_3_205,FOODS_3,FOODS,2131,1.0978876867594303,0,68.98505924781041,602,1.1279310344827584
FOODS_1_185,FOODS_1,FOODS,2125,1.0947964966512098,1,47.19216898505925,1025,2.175847501287995
FOODS_3_002,FOODS_3,FOODS,2125,1.0947964966512285,0,63.62699639361155,706,2.5014572333685323
HOBBIES_1_313,HOBBIES_1,HOBBIES,2120,1.0922205048943836,1,41.37042761463163,1138,1.23
FOODS_2_364,FOODS_2,FOODS,2117,1.0906749098402888,1,45.07985574446162,1066,2.6580680061823783
FOODS_3_019,FOODS_3,FOODS,2116,1.0901597114889237,1,41.473467284904686,1136,1.98
HOUSEHOLD_1_532,HOUSEHOLD_1,HOUSEHOLD,2116,1.0901597114889237,1,44.822256568778975,1071,2.48
FOODS_2_162,FOODS_2,FOODS,2114,1.0891293147861938,0,50.025759917568266,970,2.932538513060951
FOODS_3_398,FOODS_3,FOODS,2112,1.0880989180834637,1,47.501287995878414,1019,6.039855744461618
HOBBIES_1_380,HOBBIES_1,HOBBIES,2112,1.088098918083464,0,52.292632663575475,926,1.7646986089644514
HOUSEHOLD_2_440,HOUSEHOLD_2,HOUSEHOLD,2111,1.0875837197320988,1,46.05873261205564,1047,0.97
FOODS_3_475,FOODS_3,FOODS,2110,1.0870685213807336,0,57.90829469345699,817,1
HOUSEHOLD_2_465,HOUSEHOLD_2,HOUSEHOLD,2109,1.086553323029367,1,40.236991241628026,1160,7.2525347758887175
FOODS_3_606,FOODS_3,FOODS,2108,1.086038124678004,0,60.123647604327665,774,2.88
FOODS_2_009,FOODS_2,FOODS,2106,1.0850077279752737,0,52.498712004121586,922,1.496156620298815
FOODS_3_537,FOODS_3,FOODS,2105,1.084492529623908,1,49.56208140133951,979,3.98
FOODS_1_145,FOODS_1,FOODS,2103,1.0834621329211571,0,57.95981452859351,816,0.98
HOBBIES_1_108,HOBBIES_1,HOBBIES,2103,1.0834621329211767,1,41.26738794435858,1140,12.75416795466255
HOUSEHOLD_2_222,HOUSEHOLD_2,HOUSEHOLD,2102,1.0829469345698115,1,43.94641937145801,1088,5.14130345182895
HOUSEHOLD_1_101,HOUSEHOLD_1,HOUSEHOLD,2097,1.0803709428129842,1,42.86450283359093,1109,2.3661995863495346
HOUSEHOLD_1_458,HOUSEHOLD_1,HOUSEHOLD,2097,1.0803709428129884,1,41.52498712004122,1135,2.4715269294836206
FOODS_1_031,FOODS_1,FOODS,2089,1.076249356002061,0,51.00463678516228,951,3.3711855104281
HOBBIES_1_367,HOBBIES_1,HOBBIES,2089,1.0762493560020625,1,45.749613601236476,1053,8.279598145285934
FOODS_3_656,FOODS_3,FOODS,2085,1.074188562596607,0,53.8382277176713,896,3.4947916666666674
FOODS_3_222,FOODS_3,FOODS,2084,1.0736733642452336,1,43.53426069036579,1096,4.2005729166666645
FOODS_3_680,FOODS_3,FOODS,2084,1.0736733642452392,0,53.01391035548686,912,2.503087947882736
FOODS_1_037,FOODS_1,FOODS,2082,1.0726429675425055,0,57.29005667181865,829,3.221571871768358
HOBBIES_1_177,HOBBIES_1,HOBBIES,2079,1.0710973724884143,0,53.11695002575991,910,4.192258477287268
FOODS_1_020,FOODS_1,FOODS,2074,1.0685213807315848,1,43.94641937145801,1088,2.6546831530139112
FOODS_3_557,FOODS_3,FOODS,2072,1.0674909840288613,0,78.82534775888718,411,2.5034891676168756
FOODS_1_097,FOODS_1,FOODS,2068,1.0654301906234,0,59.608449252962394,784,0.98
HOBBIES_2_129,HOBBIES_2,HOBBIES,2068,1.0654301906233878,0,69.13961875321999,599,0.22588667366211954
FOODS_2_176,FOODS_2,FOODS,2066,1.0643997939206578,0,52.7047913446677,918,2.7913498196805775
FOODS_3_761,FOODS_3,FOODS,2066,1.0643997939206633,0,59.14477073673364,793,2
FOODS_2_368,FOODS_2,FOODS,2064,1.0633693972179323,0,53.2715095311695,907,7.496053580628544
FOODS_2_107,FOODS_2,FOODS,2063,1.0628541988665663,0,53.68366821226173,899,1.9999278722308091
HOBBIES_1_416,HOBBIES_1,HOBBIES,2062,1.062339000515193,1,39.67027305512622,1171,4.97
FOODS_3_091,FOODS_3,FOODS,2058,1.0602782071097405,1,46.67697063369397,1035,6.061865018031944
HOBBIES_1_086,HOBBIES_1,HOBBIES,2056,1.059247810407007,1,41.6795466254508,1132,8.279598145285934
HOBBIES_1_017,HOBBIES_1,HOBBIES,2054,1.0582174137042752,1,49.92272024729521,972,1.949266320046216
HOBBIES_1_364,HOBBIES_1,HOBBIES,2054,1.0582174137042784,1,43.32818134981969,1100,12.44680577022154
FOODS_3_279,FOODS_3,FOODS,2044,1.0530654301906213,1,44.35857805255023,1080,2.805567567567567
HOBBIES_1_130,HOBBIES_1,HOBBIES,2043,1.0525502318392597,1,49.61360123647604,978,2.6946213292117465
FOODS_3_581,FOODS_3,FOODS,2039,1.050489438433796,1,43.225141679546624,1102,3.061658938691398
HOBBIES_1_079,HOBBIES_1,HOBBIES,2037,1.0494590417310652,1,43.585780525502315,1095,8.06782071097372
HOUSEHOLD_1_515,HOUSEHOLD_1,HOUSEHOLD,2037,1.049459041731068,0,53.47758887171561,903,2.47
HOUSEHOLD_2_410,HOUSEHOLD_2,HOUSEHOLD,2034,1.0479134466769695,1,41.52498712004122,1135,1.38
FOODS_1_180,FOODS_1,FOODS,2030,1.0458526532715093,0,52.344152498712006,925,9.596702730551254
HOUSEHOLD_2_409,HOUSEHOLD_2,HOUSEHOLD,2030,1.0458526532715093,1,41.318907779495106,1139,3.942317596566524
FOODS_3_013,FOODS_3,FOODS,2029,1.0453374549201246,0,68.26378155589902,616,2.5626732673267325
FOODS_3_025,FOODS_3,FOODS,2028,1.0448222565687753,0,53.374549201442555,905,2.88
FOODS_3_651,FOODS_3,FOODS,2024,1.042761463163313,0,51.931993817619784,933,4.319124162802677
FOODS_3_128,FOODS_3,FOODS,2023,1.0422462648119497,1,47.501287995878414,1019,3.0095002575991754
FOODS_3_536,FOODS_3,FOODS,2023,1.042246264811954,1,44.35857805255023,1080,2.707357032457498
FOODS_3_200,FOODS_3,FOODS,2016,1.0386398763523956,0,55.07470376094796,872,2.144183410613086
FOODS_3_689,FOODS_3,FOODS,2014,1.0376094796496735,0,60.22668727460072,772,2.829660441426146
FOODS_3_768,FOODS_3,FOODS,2012,1.0365790829469517,0,70.47913446676971,573,1.98
FOODS_3_178,FOODS_3,FOODS,2010,1.0355486862442034,1,40.59763008758372,1153,2.185481710458527
HOUSEHOLD_2_437,HOUSEHOLD_2,HOUSEHOLD,2007,1.0340030911901121,1,43.63730036063885,1094,7.821871947911015
FOODS_3_643,FOODS_3,FOODS,2006,1.0334878928387388,0,63.78155589902113,703,1.8061070304302211
HOBBIES_1_132,HOBBIES_1,HOBBIES,2005,1.0329726944873727,1,48.37712519319938,1002,4.279907264296753
FOODS_2_134,FOODS_2,FOODS,2000,1.0303967027305516,1,47.861926841834105,1012,2.978268933539413
HOUSEHOLD_1_487,HOUSEHOLD_1,HOUSEHOLD,1999,1.0298815043791851,0,62.33900051519835,731,1.9395914742451152
FOODS_1_105,FOODS_1,FOODS,1996,1.0283359093250883,0,58.78413189077795,800,1.9155775169857943
FOODS_3_320,FOODS_3,FOODS,1991,1.0257599175682615,0,67.85162287480681,624,2.0330303030303027
HOUSEHOLD_2_510,HOUSEHOLD_2,HOUSEHOLD,1989,1.0247295208655323,1,41.62802679031427,1133,3.943444206008584
FOODS_3_748,FOODS_3,FOODS,1988,1.0242143225141676,0,51.15919629057187,948,3.9045171673819743
FOODS_3_186,FOODS_3,FOODS,1984,1.0221535291087018,0,57.95981452859351,816,2.28
HOUSEHOLD_1_283,HOUSEHOLD_1,HOUSEHOLD,1983,1.0216383307573453,0,63.83307573415765,702,1.48
FOODS_3_465,FOODS_3,FOODS,1982,1.0211231324059704,0,69.39721792890263,594,1.809242658423492
HOUSEHOLD_2_160,HOUSEHOLD_2,HOUSEHOLD,1982,1.0211231324059753,1,44.20401854714065,1083,3.9435944206008586
FOODS_1_047,FOODS_1,FOODS,1981,1.0206079340546048,0,50.334878928387425,964,3.3456877897990727
HOBBIES_1_141,HOBBIES_1,HOBBIES,1980,1.0200927357032379,0,53.01391035548686,912,14.92025759917568
HOUSEHOLD_1_067,HOUSEHOLD_1,HOUSEHOLD,1979,1.0195775373518787,0,50.90159711488923,953,4.333199381761978
FOODS_3_126,FOODS_3,FOODS,1975,1.017516743946418,1,45.234415249871205,1063,3.530638977635786
HOBBIES_1_424,HOBBIES_1,HOBBIES,1973,1.0164863472436891,0,54.25038639876353,888,1.7646986089644514
HOUSEHOLD_1_344,HOUSEHOLD_1,HOUSEHOLD,1971,1.015455950540955,0,50.0772797527048,969,7.963900051519835
FOODS_1_202,FOODS_1,FOODS,1967,1.0133951571354913,0,63.317877382792375,712,0.98
HOUSEHOLD_1_438,HOUSEHOLD_1,HOUSEHOLD,1962,1.010819165378665,1,43.84337970118495,1090,7.333894899536324
HOUSEHOLD_1_469,HOUSEHOLD_1,HOUSEHOLD,1962,1.0108191653786667,1,45.07985574446162,1066,17.97
FOODS_3_237,FOODS_3,FOODS,1960,1.009788768675946,0,64.50283359093251,689,1
FOODS_1_117,FOODS_1,FOODS,1958,1.008758371973207,0,53.06543019062339,911,2.1693824597820455
FOODS_3_415,FOODS_3,FOODS,1955,1.0072127769191108,0,54.35342606903658,886,2.494504756575266
HOUSEHOLD_1_171,HOUSEHOLD_1,HOUSEHOLD,1951,1.0051519835136498,1,48.11952601751675,1007,8.97
FOODS_1_195,FOODS_1,FOODS,1949,1.0041215868109203,0,53.88974755280783,895,2.2317774343122108
HOUSEHOLD_1_471,HOUSEHOLD_1,HOUSEHOLD,1949,1.0041215868109201,0,54.92014425553838,875,2.500776699029126
HOBBIES_1_179,HOBBIES_1,HOBBIES,1948,1.0036063884595552,1,43.94641937145801,1088,6.87
HOBBIES_1_164,HOBBIES_1,HOBBIES,1947,1.0030911901081903,1,41.6795466254508,1132,8.969819680577023
HOUSEHOLD_1_143,HOUSEHOLD_1,HOUSEHOLD,1946,1.0025759917568413,0,58.57805255023184,804,1.97
FOODS_3_712,FOODS_3,FOODS,1945,1.0020607934054602,0,50.6439979392066,958,3.5675321998969585
HOUSEHOLD_2_411,HOUSEHOLD_2,HOUSEHOLD,1935,0.9969088098918093,1,46.7284904688305,1034,5.84
FOODS_3_618,FOODS_3,FOODS,1932,0.995363214837707,0,80.370942812983,381,2.2074648928307465
HOBBIES_1_297,HOBBIES_1,HOBBIES,1932,0.9953632148377145,1,44.152498712004125,1084,14.878681092220507
HOBBIES_1_330,HOBBIES_1,HOBBIES,1930,0.9943328181349846,1,44.10097887686759,1085,7.6686656362699654
HOBBIES_1_415,HOBBIES_1,HOBBIES,1927,0.9927872230808875,1,44.513137557959816,1077,6.656630602782071
FOODS_3_759,FOODS_3,FOODS,1926,0.9922720247295017,0,68.26378155589902,616,2.854041297935104
HOUSEHOLD_2_336,HOUSEHOLD_2,HOUSEHOLD,1924,0.991241628026794,1,45.28593508500773,1062,9.156414219474497
FOODS_3_197,FOODS_3,FOODS,1920,0.9891808346213283,0,55.22926326635754,869,1.98
FOODS_1_049,FOODS_1,FOODS,1919,0.9886656362699667,0,58.165893869139616,812,2.2396393611540444
FOODS_3_357,FOODS_3,FOODS,1918,0.9881504379185988,0,50.43791859866048,962,4.086038124677999
FOODS_3_520,FOODS_3,FOODS,1916,0.9871200412158677,1,46.67697063369397,1035,4.020247295208654
FOODS_3_059,FOODS_3,FOODS,1914,0.9860896445131438,0,57.856774858320456,818,2.2100154559505403
FOODS_3_588,FOODS_3,FOODS,1914,0.98608964451311365,0,62.90571870170015,720,3.8621285140562245
FOODS_1_174,FOODS_1,FOODS,1913,0.9855744461617733,1,47.44976816074188,1020,4.86454404945905
HOUSEHOLD_1_301,HOUSEHOLD_1,HOUSEHOLD,1905,0.9814528593508598,0,53.2715095311695,907,4.955720338983051
HOUSEHOLD_1_357,HOUSEHOLD_1,HOUSEHOLD,1905,0.9814528593508527,0,59.86604842864502,779,12.081798042246263
HOBBIES_1_166,HOBBIES_1,HOBBIES,1900,0.97887686759403,0,57.75373518804739,820,11.26602305475505
HOUSEHOLD_1_203,HOUSEHOLD_1,HOUSEHOLD,1900,0.9788768675940236,1,46.88304997424008,1031,4.959507005708355
FOODS_3_062,FOODS_3,FOODS,1895,0.9763008758371873,1,48.37712519319938,1002,2.844748858447488
FOODS_2_124,FOODS_2,FOODS,1888,0.9726944873776371,0,55.53838227717671,863,2.7931307650569726
HOBBIES_1_005,HOBBIES_1,HOBBIES,1888,0.9726944873776417,1,49.35600206079341,983,2.942001093493712
HOBBIES_1_099,HOBBIES_1,HOBBIES,1887,0.9721792890262816,0,55.79598145285936,858,14.92025759917568
HOBBIES_1_320,HOBBIES_1,HOBBIES,1887,0.9721792890262735,0,50.2833590932509,965,4.479234375000001
HOUSEHOLD_1_519,HOUSEHOLD_1,HOUSEHOLD,1885,0.9711488923235458,1,49.871200412158686,973,4.868479166666667
FOODS_2_332,FOODS_2,FOODS,1875,0.9659969088098919,0,50.8500772797527,954,3.735816589386913
FOODS_3_192,FOODS_3,FOODS,1872,0.9644513137557793,0,63.3693972179289,711,5.569235127478754
FOODS_3_031,FOODS_3,FOODS,1870,0.9634209170530657,1,42.81298299845441,1110,4.528171045852651
FOODS_3_479,FOODS_3,FOODS,1869,0.9629057187016964,0,56.98093766099949,835,1
FOODS_3_817,FOODS_3,FOODS,1869,0.962905718701706,1,47.501287995878414,1019,2.82971664090675
HOUSEHOLD_1_325,HOUSEHOLD_1,HOUSEHOLD,1869,0.9629057187016997,1,49.40752189592993,982,3.5883874291602322
FOODS_3_825,FOODS_3,FOODS,1866,0.961360123647603,0,50.43791859866048,962,4.121592554291625
HOUSEHOLD_1_354,HOUSEHOLD_1,HOUSEHOLD,1863,0.9598145285935066,1,48.7892838742916,994,1.93
HOUSEHOLD_2_196,HOUSEHOLD_2,HOUSEHOLD,1861,0.9587841318907937,0,57.08397733127254,833,2.27
FOODS_1_092,FOODS_1,FOODS,1859,0.9577537351880545,0,59.50540958268934,786,1.858055358410219
HOUSEHOLD_2_256,HOUSEHOLD_2,HOUSEHOLD,1857,0.9567233384853172,0,51.416795466254506,943,5.77623390005152
FOODS_2_375,FOODS_2,FOODS,1855,0.9556929417825923,1,48.84080370942813,993,4.98
HOBBIES_1_228,HOBBIES_1,HOBBIES,1854,0.9551777434312206,1,43.37970118495621,1099,6.87
HOUSEHOLD_1_220,HOUSEHOLD_1,HOUSEHOLD,1851,0.9536321483771283,0,55.07470376094796,872,1.887745516652434
FOODS_2_384,FOODS_2,FOODS,1843,0.9495105615662056,1,47.44976816074188,1020,2.251870170015456
HOUSEHOLD_1_215,HOUSEHOLD_1,HOUSEHOLD,1841,0.948480164863473,1,42.91602266872746,1108,2.197822410147991
FOODS_3_422,FOODS_3,FOODS,1838,0.9469345698093645,0,65.89386913961876,662,2.20994332818135
FOODS_3_629,FOODS_3,FOODS,1838,0.9469345698093794,1,47.96496651210716,1010,5.198979907264297
HOBBIES_1_409,HOBBIES_1,HOBBIES,1838,0.9469345698093767,1,42.349304482225655,1119,5.683905203503351
HOUSEHOLD_1_162,HOUSEHOLD_1,HOUSEHOLD,1838,0.9469345698093767,1,46.00721277691912,1048,5.666450283359092
HOUSEHOLD_1_181,HOUSEHOLD_1,HOUSEHOLD,1838,0.9469345698093763,1,42.6069036579083,1114,4.043142709943327
HOBBIES_1_044,HOBBIES_1,HOBBIES,1835,0.9453889747552815,1,45.38897475528078,1060,1.4806491499227201
FOODS_1_041,FOODS_1,FOODS,1832,0.9438433797011885,0,55.17774343122102,870,2.232426584234931
HOBBIES_1_234,HOBBIES_1,HOBBIES,1832,0.9438433797011686,0,87.22308088614116,248,0.2834267912772585
HOBBIES_1_085,HOBBIES_1,HOBBIES,1831,0.9433281813498247,0,53.374549201442555,905,14.72
HOUSEHOLD_1_212,HOUSEHOLD_1,HOUSEHOLD,1830,0.9428129829984421,0,51.82895414734673,935,4.618857302118172
HOUSEHOLD_1_490,HOUSEHOLD_1,HOUSEHOLD,1830,0.9428129829984494,1,47.552807831014945,1018,12.699520865533238
HOBBIES_1_068,HOBBIES_1,HOBBIES,1825,0.9402369912416275,1,47.861926841834105,1012,7.0421226172076254
FOODS_2_103,FOODS_2,FOODS,1824,0.9397217928902585,0,51.931993817619784,933,7.0973879443585774
HOUSEHOLD_1_218,HOUSEHOLD_1,HOUSEHOLD,1824,0.9397217928902584,0,51.31375579598145,945,1.9607627118644066
FOODS_2_308,FOODS_2,FOODS,1822,0.9386913961875363,0,54.71406491499228,879,2.7975167439464195
FOODS_3_660,FOODS_3,FOODS,1819,0.9371458011334403,0,56.15662029881504,851,1.45568263781556
FOODS_1_124,FOODS_1,FOODS,1817,0.9361154044307058,0,56.31117980422463,848,2.1706220595922643
HOBBIES_1_249,HOBBIES_1,HOBBIES,1817,0.9361154044307107,1,41.78258629572385,1130,4.910185471406492
HOUSEHOLD_1_127,HOUSEHOLD_1,HOUSEHOLD,1817,0.9361154044307075,0,55.95054095826894,855,7.98
FOODS_1_152,FOODS_1,FOODS,1816,0.9356002060793405,1,48.737764039155074,995,8.074023699124165
HOUSEHOLD_1_103,HOUSEHOLD_1,HOUSEHOLD,1814,0.9345698093766116,0,54.404945904173104,885,4.95717818642993
HOUSEHOLD_1_349,HOUSEHOLD_1,HOUSEHOLD,1814,0.9345698093765996,0,65.06955177743431,678,2.9497198538367844
FOODS_2_034,FOODS_2,FOODS,1813,0.9340546110252439,0,56.87789799072643,837,2.5428078310149402
FOODS_2_211,FOODS_2,FOODS,1813,0.9340546110252452,0,51.51983513652756,941,2.3059299330242147
FOODS_2_237,FOODS_2,FOODS,1813,0.9340546110252439,0,53.11695002575991,910,2.5050850077279754
HOBBIES_1_050,HOBBIES_1,HOBBIES,1811,0.9330242143225157,1,42.503863987635235,1116,10.593539412673884
FOODS_3_167,FOODS_3,FOODS,1809,0.9319938176198007,0,67.74858320453374,626,1.98
HOBBIES_1_237,HOBBIES_1,HOBBIES,1806,0.9304482225656886,1,44.41009788768676,1079,7.979747552807831
FOODS_3_706,FOODS_3,FOODS,1793,0.9237506439979571,0,72.23080886141165,539,1.98
HOUSEHOLD_1_307,HOUSEHOLD_1,HOUSEHOLD,1793,0.9237506439979635,0,69.50025759917568,592,2.883032886723508
FOODS_3_082,FOODS_3,FOODS,1791,0.9227202472952052,0,67.74858320453374,626,2.025473908413206
FOODS_2_135,FOODS_2,FOODS,1790,0.922205048943845,0,62.18444100978877,734,2.4510046367851617
FOODS_3_826,FOODS_3,FOODS,1790,0.9222050489438389,0,64.8634724368882,682,1.28
HOUSEHOLD_1_138,HOUSEHOLD_1,HOUSEHOLD,1788,0.9211746522411134,0,50.74703760947965,956,4.959507005708355
FOODS_2_282,FOODS_2,FOODS,1786,0.920144255538381,0,51.15919629057187,948,6.986318510858323
FOODS_3_328,FOODS_3,FOODS,1784,0.9191138588356466,1,49.25296239052035,985,3.800515198351365
HOBBIES_1_144,HOBBIES_1,HOBBIES,1784,0.9191138588356506,1,44.04945904173106,1086,11.195682637815557
FOODS_3_532,FOODS_3,FOODS,1778,0.9160226687274561,0,59.453889747552815,787,2.9757230142566193
FOODS_1_075,FOODS_1,FOODS,1772,0.9129314786192667,0,57.70221535291087,821,3.330973724884076
HOUSEHOLD_1_011,HOUSEHOLD_1,HOUSEHOLD,1771,0.912416280267902,1,48.89232354456466,992,4.63
FOODS_1_108,FOODS_1,FOODS,1770,0.9119010819165362,0,52.292632663575475,926,2.5
FOODS_2_201,FOODS_2,FOODS,1770,0.9119010819165362,0,71.09737248840804,561,5.439715025906736
FOODS_1_192,FOODS_1,FOODS,1769,0.9113858835651714,0,53.94126738794436,894,2.3460278207109746
FOODS_2_157,FOODS_2,FOODS,1767,0.9103554868624414,1,49.25296239052035,985,3.803822771767133
HOUSEHOLD_2_301,HOUSEHOLD_2,HOUSEHOLD,1767,0.9103554868624414,0,55.486862442040184,864,1.97
HOUSEHOLD_1_217,HOUSEHOLD_1,HOUSEHOLD,1766,0.9098402885110765,0,56.62029881504379,842,1.887745516652434
FOODS_2_333,FOODS_2,FOODS,1765,0.9093250901597114,0,51.98351365275631,932,3.241839258114374
HOUSEHOLD_1_298,HOUSEHOLD_1,HOUSEHOLD,1764,0.9088098918083464,0,53.374549201442555,905,3.747114267269206
FOODS_2_217,FOODS_2,FOODS,1760,0.9067490984028864,0,54.456465739309635,884,3.997227856659905
HOBBIES_1_215,HOBBIES_1,HOBBIES,1760,0.9067490984028859,1,48.016486347243685,1009,10.923428128231643
FOODS_3_624,FOODS_3,FOODS,1754,0.9036579082946966,0,64.09067490984029,697,2.48
FOODS_3_470,FOODS_3,FOODS,1752,0.9026275115919641,0,69.39721792890263,594,1.808002075765439
HOUSEHOLD_1_078,HOUSEHOLD_1,HOUSEHOLD,1750,0.9015971148892331,1,49.51056156620299,980,2.84
HOUSEHOLD_1_306,HOUSEHOLD_1,HOUSEHOLD,1750,0.9015971148892367,0,65.53323029366305,669,1.97
FOODS_2_262,FOODS_2,FOODS,1747,0.9000515198351388,0,54.86862442040186,876,1.9997836166924263
FOODS_3_316,FOODS_3,FOODS,1746,0.8995363214837745,0,53.94126738794436,894,2.50316
FOODS_2_279,FOODS_2,FOODS,1740,0.8964451313755846,0,60.48428645028336,767,2.5247118155619592
FOODS_3_177,FOODS_3,FOODS,1739,0.8959299330242131,0,51.777434312210204,936,2.815027027027027
FOODS_3_322,FOODS_3,FOODS,1730,0.8912931478619353,0,65.94538897475528,661,2.503776892430279
FOODS_2_141,FOODS_2,FOODS,1729,0.8907779495105664,0,52.80783101494075,916,7.090103039670274
FOODS_3_199,FOODS_3,FOODS,1726,0.8892323544564706,0,56.414219474497685,846,2.4730486486486494
HOUSEHOLD_1_093,HOUSEHOLD_1,HOUSEHOLD,1726,0.8892323544564764,0,61.3086038124678,751,3.9542776203966006
HOUSEHOLD_1_069,HOUSEHOLD_1,HOUSEHOLD,1724,0.8882019577537427,0,58.011334363730036,815,1.968304997424008
FOODS_3_196,FOODS_3,FOODS,1721,0.8866563626996413,1,49.974240082431734,971,4.467748583204534
HOUSEHOLD_1_184,HOUSEHOLD_1,HOUSEHOLD,1719,0.885625965996907,0,59.04173106646059,795,12.081798042246263
HOUSEHOLD_1_507,HOUSEHOLD_1,HOUSEHOLD,1719,0.8856259659969057,0,61.97836166924265,738,1.6877000559597095
FOODS_2_348,FOODS_2,FOODS,1717,0.8845955692941718,0,51.82895414734673,935,5.988835651725915
HOUSEHOLD_1_265,HOUSEHOLD_1,HOUSEHOLD,1715,0.8835651725914445,1,46.831530139103556,1032,4.475435342606903
FOODS_2_067,FOODS_2,FOODS,1713,0.8825347758887221,0,65.73930963420918,665,2.1766099948480164
FOODS_3_303,FOODS_3,FOODS,1713,0.8825347758887134,0,50.489438433797005,961,2.98
FOODS_2_043,FOODS_2,FOODS,1712,0.8820195775373524,0,57.54765584750129,824,2.836439979392065
FOODS_2_258,FOODS_2,FOODS,1712,0.8820195775373498,0,53.88974755280783,895,3.0167078825347766
HOUSEHOLD_1_070,HOUSEHOLD_1,HOUSEHOLD,1708,0.8799587841318908,1,49.20144255538382,986,3.6843144935646355
FOODS_3_374,FOODS_3,FOODS,1707,0.8794435857805238,0,58.165893869139616,812,2.429160226687274
HOBBIES_1_357,HOBBIES_1,HOBBIES,1707,0.8794435857805252,0,53.47758887171561,903,14.18946934569809
HOUSEHOLD_1_475,HOUSEHOLD_1,HOUSEHOLD,1707,0.8794435857805323,0,50.43791859866048,962,2.6575940236991245
FOODS_2_062,FOODS_2,FOODS,1706,0.8789283874291606,1,47.81040700669758,1013,5.450906749098404
HOUSEHOLD_1_259,HOUSEHOLD_1,HOUSEHOLD,1705,0.878413189077801,0,51.31375579598145,945,9.675677485832031
FOODS_2_266,FOODS_2,FOODS,1704,0.8778979907264306,0,69.13961875321999,599,9.401002570694082
HOBBIES_1_280,HOBBIES_1,HOBBIES,1704,0.8778979907264288,1,48.583204533745494,998,10.9270942812983
FOODS_1_063,FOODS_1,FOODS,1700,0.8758371973209653,1,49.92272024729521,972,2.2126584234930444
FOODS_1_081,FOODS_1,FOODS,1700,0.8758371973209789,0,65.63626996393612,667,5.500159181353041
FOODS_3_766,FOODS_3,FOODS,1698,0.8748068006182339,1,48.53168469860896,999,2.810499742400824
FOODS_3_715,FOODS_3,FOODS,1697,0.8742916022668679,0,52.292632663575475,926,3.98
FOODS_3_438,FOODS_3,FOODS,1694,0.8727460072127735,0,64.2967542503864,693,1
FOODS_2_245,FOODS_2,FOODS,1693,0.8722308088614115,0,52.91087068521381,914,2.9768624420401855
FOODS_1_090,FOODS_1,FOODS,1692,0.8717156105100436,0,61.61772282328697,745,3.332388831437435
HOBBIES_1_317,HOBBIES_1,HOBBIES,1692,0.8717156105100444,1,46.419371458011334,1040,7.6610510046367875
FOODS_3_827,FOODS_3,FOODS,1684,0.8675940236991205,0,80.78310149407521,373,1
FOODS_1_114,FOODS_1,FOODS,1683,0.8670788253477579,0,55.89902112313241,856,3.330973724884076
HOBBIES_1_084,HOBBIES_1,HOBBIES,1683,0.8670788253477575,1,48.84080370942813,993,4.218990211231324
HOUSEHOLD_1_030,HOUSEHOLD_1,HOUSEHOLD,1682,0.8665636269964021,0,56.15662029881504,851,4.955577746077033
HOUSEHOLD_2_070,HOUSEHOLD_2,HOUSEHOLD,1682,0.8665636269963928,0,54.04430705821741,892,2.9645708376421926
HOBBIES_1_324,HOBBIES_1,HOBBIES,1681,0.8660484286450415,1,48.53168469860896,999,14.884739824832565
FOODS_3_684,FOODS_3,FOODS,1679,0.865018031942302,0,61.97836166924265,738,1.8949333333333336
HOUSEHOLD_1_422,HOUSEHOLD_1,HOUSEHOLD,1678,0.8645028335909319,1,45.234415249871205,1063,3.6498608964451322
FOODS_1_177,FOODS_1,FOODS,1674,0.862442040185472,1,49.76816074188562,975,8.615177743431227
HOBBIES_1_277,HOBBIES_1,HOBBIES,1673,0.8619268418341071,0,63.78155589902113,703,1.7654559505409584
HOBBIES_1_006,HOBBIES_1,HOBBIES,1672,0.8614116434827376,0,65.73930963420918,665,0.9907001321003964
FOODS_1_133,FOODS_1,FOODS,1670,0.8603812467799908,0,65.37867078825347,672,3.1846007212776977
HOUSEHOLD_1_157,HOUSEHOLD_1,HOUSEHOLD,1666,0.8583204533745517,0,65.48171045852654,670,4.338588730911003
HOBBIES_1_316,HOBBIES_1,HOBBIES,1665,0.8578052550231768,0,65.94538897475528,661,0.94
HOUSEHOLD_1_383,HOUSEHOLD_1,HOUSEHOLD,1664,0.8572900566718206,0,56.15662029881504,851,3.48
HOUSEHOLD_1_219,HOUSEHOLD_1,HOUSEHOLD,1661,0.8557444616177194,0,58.11437403400309,813,6.6479462571977
FOODS_3_525,FOODS_3,FOODS,1660,0.855229263266364,0,66.15146831530139,657,2
FOODS_2_033,FOODS_2,FOODS,1659,0.8547140649149755,0,79.13446676970634,405,2.38
FOODS_3_770,FOODS_3,FOODS,1656,0.8531684698608912,0,60.63884595569294,764,3.98
HOBBIES_1_298,HOBBIES_1,HOBBIES,1653,0.851622874806801,0,52.96239052035033,913,4.218990211231324
FOODS_1_123,FOODS_1,FOODS,1648,0.8490468830499742,0,59.763008758371974,781,3.3290984028851103
HOUSEHOLD_2_453,HOUSEHOLD_2,HOUSEHOLD,1647,0.8485316846986092,1,47.501287995878414,1019,6.47
FOODS_2_002,FOODS_2,FOODS,1645,0.8475012879958718,0,69.60329726944875,590,2.0503252710592172
HOBBIES_1_208,HOBBIES_1,HOBBIES,1644,0.8469860896445125,0,63.98763523956723,699,3.24
FOODS_3_530,FOODS_3,FOODS,1640,0.8449252962390481,0,81.34981968057701,362,1.68
FOODS_3_669,FOODS_3,FOODS,1640,0.8449252962390417,0,65.43019062339,671,0.7220445859872608
HOBBIES_1_241,HOBBIES_1,HOBBIES,1638,0.8438948995363447,0,78.05255023183926,426,21.17874855156432
HOUSEHOLD_1_249,HOUSEHOLD_1,HOUSEHOLD,1638,0.8438948995363256,0,57.80525502318392,819,7.97
HOUSEHOLD_2_423,HOUSEHOLD_2,HOUSEHOLD,1635,0.8423493044822282,0,58.37197320968572,808,3.5167542503863976
FOODS_3_286,FOODS_3,FOODS,1634,0.8418341061308604,0,58.73261205564142,801,3.972113733905579
HOUSEHOLD_2_217,HOUSEHOLD_2,HOUSEHOLD,1633,0.8413189077794949,0,59.19629057187017,792,2.87
FOODS_3_050,FOODS_3,FOODS,1628,0.8387429160226582,0,57.70221535291087,821,2.0910252447192166
HOUSEHOLD_2_294,HOUSEHOLD_2,HOUSEHOLD,1627,0.8382277176712932,0,68.0577022153529,620,4.755442942942943
FOODS_2_397,FOODS_2,FOODS,1626,0.8377125193199314,0,59.247810407006696,791,3.08287480680062
FOODS_1_144,FOODS_1,FOODS,1625,0.8371973209685734,1,49.56208140133951,979,6.961607418856261
FOODS_2_072,FOODS_2,FOODS,1624,0.8366821226172038,0,62.33900051519835,731,2.836151468315302
FOODS_2_173,FOODS_2,FOODS,1623,0.8361669242658387,0,52.55023183925811,921,8.743601236476046
HOUSEHOLD_1_013,HOUSEHOLD_1,HOUSEHOLD,1620,0.8346213292117384,0,58.47501287995879,806,4.959507005708355
HOUSEHOLD_1_256,HOUSEHOLD_1,HOUSEHOLD,1620,0.8346213292117466,1,47.346728490468834,1022,5.9303297269448745
FOODS_3_663,FOODS_3,FOODS,1619,0.8341061308603807,0,74.7552807831015,490,1.808002075765439
FOODS_1_167,FOODS_1,FOODS,1617,0.8330757341576448,0,51.72591447707367,937,4.702797527047912
HOBBIES_1_105,HOBBIES_1,HOBBIES,1617,0.8330757341576498,1,49.819680577022154,974,6.657496136012365
FOODS_2_083,FOODS_2,FOODS,1615,0.8320453374549212,0,52.601751674394635,920,6.9840020682523285
HOUSEHOLD_1_165,HOUSEHOLD_1,HOUSEHOLD,1614,0.8315301391035511,0,55.332302936630605,867,17.89717263843648
FOODS_1_142,FOODS_1,FOODS,1613,0.831014940752189,0,58.526532715095314,805,1.471913133402275
HOUSEHOLD_1_530,HOUSEHOLD_1,HOUSEHOLD,1613,0.831014940752184,0,57.599175682637814,823,1.9636124911284598
FOODS_1_003,FOODS_1,FOODS,1612,0.8304997424008261,0,52.96239052035033,913,2.972503863987636
FOODS_1_094,FOODS_1,FOODS,1609,0.8289541473467258,0,52.344152498712006,925,3.3091911385883535
HOUSEHOLD_1_194,HOUSEHOLD_1,HOUSEHOLD,1609,0.8289541473467235,0,53.78670788253478,897,4.98
HOUSEHOLD_2_139,HOUSEHOLD_2,HOUSEHOLD,1606,0.827408552292633,0,50.79855744461618,955,5.84
FOODS_2_352,FOODS_2,FOODS,1604,0.8263781555898991,0,73.87944358578052,507,10.874401756311748
HOBBIES_1_056,HOBBIES_1,HOBBIES,1604,0.8263781555899172,0,64.8634724368882,682,0.94
HOUSEHOLD_1_309,HOUSEHOLD_1,HOUSEHOLD,1603,0.8258629572385354,0,53.78670788253478,897,6.821251931993819
HOUSEHOLD_2_257,HOUSEHOLD_2,HOUSEHOLD,1603,0.8258629572385358,0,55.07470376094796,872,5.887332268370608
HOUSEHOLD_1_168,HOUSEHOLD_1,HOUSEHOLD,1602,0.8253477588871693,0,52.498712004121586,922,2.9560978450786255
FOODS_2_042,FOODS_2,FOODS,1599,0.8238021638330726,0,63.83307573415765,702,2.1766099948480164
HOUSEHOLD_1_481,HOUSEHOLD_1,HOUSEHOLD,1599,0.8238021638330724,0,55.17774343122102,870,4.95717818642993
HOUSEHOLD_1_313,HOUSEHOLD_1,HOUSEHOLD,1598,0.8232869654817089,0,54.71406491499228,879,4.20989696032973
HOBBIES_1_287,HOBBIES_1,HOBBIES,1596,0.8222565687789776,0,53.16846986089645,909,5.68154823801271
FOODS_3_641,FOODS_3,FOODS,1593,0.8207109737248826,0,67.90314270994332,623,2.050461538461539
HOUSEHOLD_1_047,HOUSEHOLD_1,HOUSEHOLD,1592,0.8201957753735177,0,55.58990211231324,862,4.063368560105681
FOODS_1_146,FOODS_1,FOODS,1591,0.8196805770221527,0,56.25965996908809,849,2.232642967542504
FOODS_3_051,FOODS_3,FOODS,1590,0.8191653786708053,0,65.89386913961876,662,1.98
FOODS_3_314,FOODS_3,FOODS,1589,0.8186501803194227,0,61.97836166924265,738,2.633487892838742
HOBBIES_1_301,HOBBIES_1,HOBBIES,1586,0.8171045852653278,0,54.92014425553838,875,6.08845955692942
FOODS_2_306,FOODS_2,FOODS,1583,0.8155589902112329,0,52.55023183925811,921,4.227460063897761
FOODS_2_340,FOODS_2,FOODS,1583,0.8155589902112327,0,59.402369912416276,788,3.002395672333848
FOODS_2_373,FOODS_2,FOODS,1580,0.8140133951571364,0,56.31117980422463,848,5.731132174828857
FOODS_2_385,FOODS_2,FOODS,1580,0.8140133951571376,0,61.77228232869655,742,2.5414645308924486
HOUSEHOLD_2_225,HOUSEHOLD_2,HOUSEHOLD,1579,0.813498196805773,0,68.98505924781041,602,0.966015132408575
HOUSEHOLD_2_447,HOUSEHOLD_2,HOUSEHOLD,1574,0.810922205048946,0,62.95723853683668,719,1.97
FOODS_2_055,FOODS_2,FOODS,1573,0.8104070066975825,0,60.32972694487378,770,2.5442438764643245
HOUSEHOLD_1_333,HOUSEHOLD_1,HOUSEHOLD,1571,0.8093766099948513,1,48.89232354456466,992,2.9490108191653808
FOODS_3_206,FOODS_3,FOODS,1569,0.8083462132921225,0,72.95208655332303,525,2.5626732673267325
FOODS_3_078,FOODS_3,FOODS,1568,0.8078310149407576,0,55.641421947449764,861,2.9034981968057694
FOODS_3_093,FOODS_3,FOODS,1566,0.8068006182380165,0,63.7300360638846,704,2.2108117890382633
HOUSEHOLD_1_358,HOUSEHOLD_1,HOUSEHOLD,1564,0.805770221535295,0,59.453889747552815,787,9.97
FOODS_2_044,FOODS_2,FOODS,1563,0.8052550231839259,0,58.21741370427615,811,2.5460535806285423
HOUSEHOLD_2_075,HOUSEHOLD_2,HOUSEHOLD,1561,0.8042246264811943,0,51.2107161257084,947,1.850061823802164
HOUSEHOLD_1_497,HOUSEHOLD_1,HOUSEHOLD,1560,0.803709428129814,0,60.432766615146825,768,15.198811239193082
FOODS_3_464,FOODS_3,FOODS,1557,0.8021638330757423,0,65.17259144770736,676,3.4987337830825114
FOODS_3_582,FOODS_3,FOODS,1556,0.801648634724371,0,54.198866563627,889,1.9659350850077275
FOODS_3_622,FOODS_3,FOODS,1556,0.8016486347243683,1,48.737764039155074,995,2.5552962390520353
HOUSEHOLD_1_446,HOUSEHOLD_1,HOUSEHOLD,1555,0.8011334363730019,0,52.96239052035033,913,3.9113549716640903
FOODS_2_025,FOODS_2,FOODS,1554,0.8006182380216358,1,49.25296239052035,985,3.8070685213807294
HOUSEHOLD_1_336,HOUSEHOLD_1,HOUSEHOLD,1554,0.8006182380216421,0,53.78670788253478,897,4.87
HOUSEHOLD_2_200,HOUSEHOLD_2,HOUSEHOLD,1554,0.8006182380216375,0,52.138073158165895,929,6.94
HOUSEHOLD_1_365,HOUSEHOLD_1,HOUSEHOLD,1553,0.8001030396702731,1,46.93456980937661,1030,4.034219474497681
FOODS_1_214,FOODS_1,FOODS,1550,0.7985574446161758,0,51.622874806800624,939,2.951842385516509
FOODS_3_242,FOODS_3,FOODS,1543,0.7949510561566205,1,49.819680577022154,974,9.846970010341263
HOUSEHOLD_2_287,HOUSEHOLD_2,HOUSEHOLD,1541,0.7939206594538869,0,52.086553323029364,930,1.9038639876352392
HOBBIES_1_327,HOBBIES_1,HOBBIES,1534,0.7903142709943352,0,54.404945904173104,885,7.848615600843289
FOODS_1_069,FOODS_1,FOODS,1533,0.789799072642969,0,65.58475012879958,668,2.5094178258629585
FOODS_2_291,FOODS_2,FOODS,1528,0.7872230808861395,0,59.86604842864502,779,7.0973879443585774
FOODS_1_076,FOODS_1,FOODS,1527,0.7867078825347755,1,49.871200412158686,973,5.498691396187539
HOUSEHOLD_1_226,HOUSEHOLD_1,HOUSEHOLD,1527,0.7867078825347887,0,66.3575476558475,653,2.9676084262701363
FOODS_1_001,FOODS_1,FOODS,1526,0.7861926841834093,0,56.414219474497685,846,2.1681607418856257
FOODS_3_776,FOODS_3,FOODS,1526,0.7861926841834069,0,68.77897990726429,606,2.98
HOBBIES_2_075,HOBBIES_2,HOBBIES,1525,0.7856774858320464,0,62.33900051519835,731,2.7592527244421357
FOODS_2_012,FOODS_2,FOODS,1524,0.7851622874806832,0,58.26893353941267,810,3.1182792375064396
HOBBIES_1_420,HOBBIES_1,HOBBIES,1524,0.7851622874806808,0,50.74703760947965,956,5.705703245749614
FOODS_1_052,FOODS_1,FOODS,1521,0.7836166924265943,0,64.70891293147862,685,0.98
FOODS_3_187,FOODS_3,FOODS,1521,0.7836166924265805,0,61.46316331787738,748,2.487882534775889
HOUSEHOLD_1_353,HOUSEHOLD_1,HOUSEHOLD,1521,0.7836166924265835,0,50.8500772797527,954,3.44
FOODS_1_080,FOODS_1,FOODS,1517,0.7815558990211225,0,57.444616177228234,826,7.474404945904173
FOODS_2_092,FOODS_2,FOODS,1513,0.7794951056156622,0,61.15404430705822,754,3.5005739400206815
FOODS_3_401,FOODS_3,FOODS,1513,0.7794951056156615,0,56.414219474497685,846,1.98
HOBBIES_1_394,HOBBIES_1,HOBBIES,1512,0.7789799072643014,0,62.18444100978877,734,7.808942953020134
HOUSEHOLD_1_241,HOUSEHOLD_1,HOUSEHOLD,1512,0.7789799072642978,0,53.94126738794436,894,7.94
FOODS_1_132,FOODS_1,FOODS,1508,0.7769191138588404,0,64.39979392065945,691,1.8643404907975463
HOUSEHOLD_1_193,HOUSEHOLD_1,HOUSEHOLD,1508,0.7769191138588296,0,70.53065430190624,572,2.42
FOODS_1_175,FOODS_1,FOODS,1507,0.7764039155074729,0,59.04173106646059,795,2.9709208819714656
HOUSEHOLD_2_184,HOUSEHOLD_2,HOUSEHOLD,1507,0.77640391550747,0,53.42606903657908,904,1.9635085007727975
HOBBIES_1_388,HOBBIES_1,HOBBIES,1505,0.7753735188047383,0,54.7655847501288,878,2.9403906673901257
HOUSEHOLD_1_328,HOUSEHOLD_1,HOUSEHOLD,1505,0.7753735188047578,0,67.4909840288511,631,4.709461077844311
FOODS_2_297,FOODS_2,FOODS,1504,0.7748583204533736,0,59.917568263781554,778,3.501949327817993
FOODS_2_093,FOODS_2,FOODS,1503,0.7743431221020085,0,61.77228232869655,742,2.5059866048428643
HOUSEHOLD_1_346,HOUSEHOLD_1,HOUSEHOLD,1503,0.7743431221020216,0,57.54765584750129,824,4.045539845758356
FOODS_2_351,FOODS_2,FOODS,1502,0.7738279237506435,0,56.05358062854199,853,3.007011849562081
FOODS_3_074,FOODS_3,FOODS,1500,0.7727975270478935,0,63.26635754765585,713,4.273766011955595
HOUSEHOLD_2_197,HOUSEHOLD_2,HOUSEHOLD,1500,0.7727975270479135,0,53.99278722308088,893,3.97
FOODS_2_339,FOODS_2,FOODS,1496,0.7707367336424532,0,61.360123647604325,750,3.502781799379525
FOODS_1_216,FOODS_1,FOODS,1491,0.7681607418856262,0,54.559505409582684,882,4.958670788253476
HOUSEHOLD_2_142,HOUSEHOLD_2,HOUSEHOLD,1491,0.7681607418856268,0,52.447192168985055,923,1.97
HOUSEHOLD_1_136,HOUSEHOLD_1,HOUSEHOLD,1490,0.7676455435342568,0,63.57547655847501,707,4.325229263266357
FOODS_3_483,FOODS_3,FOODS,1484,0.7645543534260646,0,70.06697578567749,581,2.94597609561753
HOUSEHOLD_1_130,HOUSEHOLD_1,HOUSEHOLD,1480,0.7624935600205954,0,63.83307573415765,702,6.504091279543602
HOBBIES_1_226,HOBBIES_1,HOBBIES,1479,0.7619783616692462,0,56.05358062854199,853,14.860752189592995
FOODS_3_373,FOODS_3,FOODS,1478,0.7614631633178804,0,69.29417825862957,596,1.8300154559505408
FOODS_2_330,FOODS_2,FOODS,1475,0.7599175682637838,0,56.00206079340546,854,4.05425553838228
FOODS_2_361,FOODS_2,FOODS,1475,0.7599175682637809,0,60.69036579082947,763,3.797655847501286
FOODS_3_189,FOODS_3,FOODS,1474,0.759402369912405,0,64.45131375579598,690,2.504
HOUSEHOLD_1_185,HOUSEHOLD_1,HOUSEHOLD,1474,0.7594023699124022,0,67.54250386398763,630,2.8639574468085107
FOODS_3_579,FOODS_3,FOODS,1467,0.755795981452858,0,63.52395672333848,708,1.9433755274261606
HOBBIES_1_328,HOBBIES_1,HOBBIES,1467,0.7557959814528629,1,49.871200412158686,973,6.467913446676969
HOBBIES_1_037,HOBBIES_1,HOBBIES,1464,0.7542503863987639,0,53.8382277176713,896,12.971635179153095
HOBBIES_2_033,HOBBIES_2,HOBBIES,1464,0.7542503863987614,0,62.235960844925295,733,2.770260416666665
HOUSEHOLD_1_324,HOUSEHOLD_1,HOUSEHOLD,1463,0.7537351880473983,0,52.086553323029364,930,5.9303297269448745
FOODS_2_383,FOODS_2,FOODS,1462,0.7532199896960264,0,70.99433281813499,563,2.0654277828886856
HOBBIES_1_276,HOBBIES_1,HOBBIES,1457,0.7506439979392062,1,48.53168469860896,999,7.660329726944869
FOODS_3_005,FOODS_3,FOODS,1455,0.7496136012364762,0,52.55023183925811,921,2.0776816074188544
HOUSEHOLD_1_091,HOUSEHOLD_1,HOUSEHOLD,1453,0.7485832045337375,0,54.86862442040186,876,6.953822771767131
FOODS_1_091,FOODS_1,FOODS,1451,0.747552807831016,0,59.14477073673364,793,2.3412765957446813
FOODS_3_365,FOODS_3,FOODS,1451,0.747552807831012,0,57.03245749613601,834,4.2343148357870835
FOODS_3_640,FOODS_3,FOODS,1450,0.747037609479639,0,75.16743946419372,482,1.5
HOUSEHOLD_1_121,HOUSEHOLD_1,HOUSEHOLD,1449,0.7465224111282814,0,58.78413189077795,800,2.48
HOUSEHOLD_2_119,HOUSEHOLD_2,HOUSEHOLD,1449,0.7465224111282853,0,53.58062854198866,901,5.84
HOBBIES_1_149,HOBBIES_1,HOBBIES,1448,0.7460072127769184,0,54.86862442040186,876,1.5451348314606739
FOODS_2_367,FOODS_2,FOODS,1447,0.7454920144255486,0,57.341576506955185,828,4.874397463002112
FOODS_2_126,FOODS_2,FOODS,1443,0.7434312210200917,0,61.61772282328697,745,4.651427099433279
FOODS_2_100,FOODS_2,FOODS,1442,0.7429160226687286,0,59.86604842864502,779,2.547027305512622
FOODS_2_085,FOODS_2,FOODS,1440,0.7418856259659962,0,61.66924265842349,744,3.5734482758620696
HOUSEHOLD_1_248,HOUSEHOLD_1,HOUSEHOLD,1439,0.74137042761463,0,55.69294178258629,860,8.97
FOODS_1_213,FOODS_1,FOODS,1438,0.7408552292632654,0,57.650695517774345,822,2.319773312725399
FOODS_2_020,FOODS_2,FOODS,1436,0.7398248325605316,0,64.91499227202473,681,2.544322514167955
FOODS_3_608,FOODS_3,FOODS,1436,0.7398248325605313,0,69.39721792890263,594,1.8061070304302211
FOODS_3_027,FOODS_3,FOODS,1435,0.7393096342091692,0,69.08809891808346,600,2.307641234711707
HOUSEHOLD_1_359,HOUSEHOLD_1,HOUSEHOLD,1434,0.7387944358578041,0,60.1751674394642,773,6.7914587332053715
FOODS_1_182,FOODS_1,FOODS,1433,0.7382792375064342,0,63.214837712519326,714,2.013314121037464
HOUSEHOLD_2_201,HOUSEHOLD_2,HOUSEHOLD,1433,0.7382792375064385,0,51.416795466254506,943,6.047619783616694
FOODS_3_488,FOODS_3,FOODS,1429,0.7362184441009751,0,58.165893869139616,812,4.262571931884911
HOBBIES_1_131,HOBBIES_1,HOBBIES,1429,0.7362184441009757,0,77.3827923750644,439,0.690584567420109
HOUSEHOLD_1_142,HOUSEHOLD_1,HOUSEHOLD,1428,0.7357032457496094,0,57.496136012364765,825,6.007900072411297
FOODS_3_190,FOODS_3,FOODS,1427,0.7351880473982639,0,74.29160226687274,499,1
FOODS_1_121,FOODS_1,FOODS,1424,0.7336424523441502,0,64.19371458011335,695,1.2653934942287508
FOODS_2_288,FOODS_2,FOODS,1424,0.7336424523441516,0,60.84492529623905,760,2.826378155589904
FOODS_3_176,FOODS_3,FOODS,1424,0.7336424523441502,0,75.94023699124163,467,1.5106521739130434
HOUSEHOLD_2_369,HOUSEHOLD_2,HOUSEHOLD,1424,0.7336424523441522,0,55.07470376094796,872,6.489835136527563
FOODS_2_143,FOODS_2,FOODS,1423,0.7331272539927859,0,55.126223596084486,871,4.0548325605358055
FOODS_3_058,FOODS_3,FOODS,1423,0.7331272539928019,0,70.68521380731582,569,1.98
HOUSEHOLD_2_170,HOUSEHOLD_2,HOUSEHOLD,1422,0.7326120556414193,0,57.70221535291087,821,1.4877125193199379
FOODS_1_203,FOODS_1,FOODS,1418,0.7305512622359597,0,68.6244204018547,609,2.1664296754250394
FOODS_1_035,FOODS_1,FOODS,1416,0.7295208655332291,0,66.76970633693972,645,2.5175321998969595
FOODS_3_749,FOODS_3,FOODS,1416,0.729520865533229,0,74.7552807831015,490,1.809242658423492
HOUSEHOLD_1_158,HOUSEHOLD_1,HOUSEHOLD,1414,0.7284904688304991,0,56.15662029881504,851,3.5441666666666682
HOBBIES_1_172,HOBBIES_1,HOBBIES,1413,0.727975270479134,0,55.69294178258629,860,2.9362545079855744
HOBBIES_1_384,HOBBIES_1,HOBBIES,1413,0.727975270479134,0,63.57547655847501,707,11.26602305475505
FOODS_3_763,FOODS_3,FOODS,1412,0.7274600721277691,0,66.30602782071098,654,3.5945855194123832
HOUSEHOLD_1_508,HOUSEHOLD_1,HOUSEHOLD,1411,0.7269448737764042,0,61.051004636785166,756,4.8600208333333335
FOODS_3_159,FOODS_3,FOODS,1410,0.7264296754250391,0,60.22668727460072,772,2.98
HOUSEHOLD_1_398,HOUSEHOLD_1,HOUSEHOLD,1410,0.7264296754250391,0,57.238536836682115,830,2.881031128404669
FOODS_1_143,FOODS_1,FOODS,1409,0.7259144770736742,0,67.23338485316846,636,1.9769551777434313
HOUSEHOLD_2_349,HOUSEHOLD_2,HOUSEHOLD,1409,0.7259144770736742,0,59.093250901597116,794,4.81853168469861
HOBBIES_1_332,HOBBIES_1,HOBBIES,1407,0.7248840803709441,0,57.856774858320456,818,7.835607344632767
FOODS_3_298,FOODS_3,FOODS,1404,0.7233384853168489,0,55.126223596084486,871,18.823766099948486
HOUSEHOLD_1_452,HOUSEHOLD_1,HOUSEHOLD,1400,0.7212776919113877,0,58.681092220504894,802,3.3162132921174656
FOODS_2_329,FOODS_2,FOODS,1399,0.720762493560021,0,55.07470376094796,872,3.5653992787223094
FOODS_3_489,FOODS_3,FOODS,1399,0.7207624935599957,0,77.48583204533746,437,1.98
HOBBIES_2_036,HOBBIES_2,HOBBIES,1399,0.7207624935600232,0,62.85419886656363,721,0.9553941267387942
HOBBIES_1_124,HOBBIES_1,HOBBIES,1398,0.720247295208659,0,67.64554353426068,628,5.98
FOODS_3_129,FOODS_3,FOODS,1394,0.7181865018031989,0,67.07882534775888,639,2.545185185185186
FOODS_3_673,FOODS_3,FOODS,1393,0.7176713034518151,0,67.64554353426068,628,5.98
FOODS_3_824,FOODS_3,FOODS,1393,0.7176713034518337,0,62.8026790314271,722,2.633487892838742
FOODS_3_104,FOODS_3,FOODS,1391,0.7166409067491044,0,57.80525502318392,819,3.021614518147684
HOBBIES_1_010,HOBBIES_1,HOBBIES,1391,0.7166409067490994,0,52.189592993302426,928,2.9815404430705823
HOUSEHOLD_1_135,HOUSEHOLD_1,HOUSEHOLD,1391,0.716640906749104,0,67.95466254507986,622,1.4801650943396227
FOODS_2_275,FOODS_2,FOODS,1390,0.7161257083977386,0,65.58475012879958,668,2.4510046367851617
HOUSEHOLD_1_441,HOUSEHOLD_1,HOUSEHOLD,1390,0.7161257083977228,0,87.73827923750645,238,2.77
FOODS_2_022,FOODS_2,FOODS,1389,0.7156105100463706,0,61.82380216383307,741,7.100922205048946
FOODS_3_280,FOODS_3,FOODS,1389,0.7156105100463663,0,53.2715095311695,907,4.309716640906748
FOODS_2_151,FOODS_2,FOODS,1388,0.7150953116950075,0,72.6944873776404,530,2.0501510067114093
FOODS_3_774,FOODS_3,FOODS,1387,0.7145801133436374,0,57.650695517774345,822,6.320194594594596
HOBBIES_1_100,HOBBIES_1,HOBBIES,1387,0.7145801133436359,0,52.39567233384853,924,11.197485832045338
HOUSEHOLD_2_509,HOUSEHOLD_2,HOUSEHOLD,1387,0.7145801133436352,0,53.2715095311695,907,8.97
FOODS_2_149,FOODS_2,FOODS,1386,0.7140649149922735,0,59.55692941782586,785,7.096378155589904
FOODS_3_408,FOODS_3,FOODS,1385,0.7135497166409075,0,59.65996908809892,783,2.9757083977331273
FOODS_1_168,FOODS_1,FOODS,1384,0.7130345182895403,0,61.205564142194746,753,2.1622462648119534
HOUSEHOLD_1_329,HOUSEHOLD_1,HOUSEHOLD,1383,0.7125193199381828,0,62.18444100978877,734,4.956887159533074
FOODS_3_094,FOODS_3,FOODS,1382,0.7120041215868173,0,62.287480680061826,732,2.98
HOBBIES_1_374,HOBBIES_1,HOBBIES,1380,0.7109737248840872,0,61.15404430705822,754,17.48
FOODS_3_707,FOODS_3,FOODS,1379,0.7104585265327061,0,72.28232869654818,538,1.134322132097335
FOODS_3_347,FOODS_3,FOODS,1378,0.7099433281813574,0,66.04842864502834,659,2.2100515198351367
HOUSEHOLD_1_033,HOUSEHOLD_1,HOUSEHOLD,1377,0.70942812982999,0,66.3575476558475,653,4.325048943843381
FOODS_2_322,FOODS_2,FOODS,1371,0.7063369397218002,0,58.62957238536837,803,2.9406079340546114
FOODS_1_149,FOODS_1,FOODS,1370,0.705821741370438,0,68.21226172076248,617,0.98
HOBBIES_1_151,HOBBIES_1,HOBBIES,1370,0.7058217413704277,0,50.90159711488923,953,5.053462132921177
HOUSEHOLD_2_059,HOUSEHOLD_2,HOUSEHOLD,1370,0.7058217413704361,0,56.36269963936116,847,3.1474188562596606
HOBBIES_1_028,HOBBIES_1,HOBBIES,1367,0.7042761463163238,0,55.69294178258629,860,7.6610510046367875
HOBBIES_1_213,HOBBIES_1,HOBBIES,1367,0.704276146316332,0,55.84750128799588,857,8.279598145285934
FOODS_1_115,FOODS_1,FOODS,1366,0.7037609479649715,0,70.68521380731582,569,3.58
FOODS_3_130,FOODS_3,FOODS,1366,0.7037609479649614,0,70.8397733127254,566,2.556186961869619
HOUSEHOLD_1_520,HOUSEHOLD_1,HOUSEHOLD,1366,0.7037609479649662,0,62.18444100978877,734,5.628294693456983
FOODS_1_128,FOODS_1,FOODS,1365,0.703245749613602,0,60.58732612055642,765,3.945454545454546
FOODS_3_216,FOODS_3,FOODS,1365,0.7032457496136,0,58.011334363730036,815,2.5030285343709466
HOBBIES_1_157,HOBBIES_1,HOBBIES,1365,0.7032457496135968,0,51.51983513652756,941,11.217320968572905
FOODS_3_333,FOODS_3,FOODS,1364,0.7027305512622436,0,72.23080886141165,539,1.98
HOUSEHOLD_1_042,HOUSEHOLD_1,HOUSEHOLD,1364,0.7027305512622346,0,64.81195260175167,683,10.371790416008423
HOUSEHOLD_1_176,HOUSEHOLD_1,HOUSEHOLD,1360,0.7006697578567704,0,55.383822771767136,866,3.9353838227717666
FOODS_1_102,FOODS_1,FOODS,1359,0.7001545595054088,0,59.608449252962394,784,1.7585624999999998
HOUSEHOLD_2_213,HOUSEHOLD_2,HOUSEHOLD,1357,0.699124162802671,0,71.61257083977331,551,0.9665614798694233
FOODS_3_384,FOODS_3,FOODS,1356,0.6986089644513125,0,60.741885625966,762,2.957472312703583
FOODS_3_429,FOODS_3,FOODS,1356,0.6986089644513244,0,69.96393611540444,583,5.98
HOBBIES_1_355,HOBBIES_1,HOBBIES,1353,0.6970633693972198,0,55.22926326635754,869,4.218990211231324
HOUSEHOLD_2_395,HOUSEHOLD_2,HOUSEHOLD,1352,0.6965481710458526,0,57.13549716640907,832,3.67
HOUSEHOLD_2_438,HOUSEHOLD_2,HOUSEHOLD,1351,0.6960329726944866,0,53.88974755280783,895,8.903900051519834
FOODS_3_394,FOODS_3,FOODS,1349,0.6950025759917564,0,53.73518804739825,898,2.8101041666666657
HOUSEHOLD_2_492,HOUSEHOLD_2,HOUSEHOLD,1349,0.6950025759917582,0,55.69294178258629,860,5.93676970633694
HOUSEHOLD_1_155,HOUSEHOLD_1,HOUSEHOLD,1345,0.6929417825862908,0,55.53838227717671,863,3.47
FOODS_3_141,FOODS_3,FOODS,1342,0.6913961875321982,0,55.53838227717671,863,2.8004018547140648
FOODS_1_015,FOODS_1,FOODS,1341,0.6908809891808313,0,65.73930963420918,665,3.202397509081467
FOODS_3_648,FOODS_3,FOODS,1340,0.690365790829468,0,70.2730551262236,577,1
FOODS_2_171,FOODS_2,FOODS,1338,0.6893353941267352,0,59.247810407006696,791,2.9395981452859354
FOODS_3_243,FOODS_3,FOODS,1337,0.6888201957753705,0,55.641421947449764,861,1.5446573930963419
HOUSEHOLD_2_403,HOUSEHOLD_2,HOUSEHOLD,1337,0.6888201957753733,0,57.496136012364765,825,5.111656249999999
FOODS_3_583,FOODS_3,FOODS,1336,0.6883049974240188,0,78.516228748068,417,1.5
HOUSEHOLD_1_034,HOUSEHOLD_1,HOUSEHOLD,1334,0.6872746007212778,0,51.51983513652756,941,3.9411076764554354
FOODS_1_118,FOODS_1,FOODS,1333,0.68675940236992294,0,74.80680061823803,489,0.98
HOUSEHOLD_2_199,HOUSEHOLD_2,HOUSEHOLD,1333,0.6867594023699103,0,52.55023183925811,921,3.9435944206008586
HOUSEHOLD_1_175,HOUSEHOLD_1,HOUSEHOLD,1331,0.6857290056671798,0,64.2967542503864,693,4.863965873836608
FOODS_3_700,FOODS_3,FOODS,1330,0.685213807315821,0,69.80937660999484,586,2.592364760432767
HOBBIES_1_309,HOBBIES_1,HOBBIES,1329,0.6846986089644503,0,59.04173106646059,795,5.113508500772798
HOBBIES_1_383,HOBBIES_1,HOBBIES,1329,0.6846986089644579,0,59.29933024214322,790,2.98
HOUSEHOLD_2_512,HOUSEHOLD_2,HOUSEHOLD,1328,0.6841834106130854,0,59.86604842864502,779,3.97
HOUSEHOLD_2_389,HOUSEHOLD_2,HOUSEHOLD,1326,0.6831530139103743,0,75.21895929933025,481,1.97
HOUSEHOLD_2_076,HOUSEHOLD_2,HOUSEHOLD,1325,0.68263781555899,0,55.43534260690366,865,8.97
FOODS_3_623,FOODS_3,FOODS,1321,0.6805770221535195,0,68.93353941267388,603,2.9711002444987775
FOODS_1_141,FOODS_1,FOODS,1320,0.6800618238021645,0,60.02060793405462,776,3.322318392581141
FOODS_3_726,FOODS_3,FOODS,1320,0.6800618238021553,0,68.93353941267388,603,2.5038852459016394
FOODS_3_309,FOODS_3,FOODS,1318,0.6790314270994348,0,58.93869139618754,797,1.98
HOUSEHOLD_1_061,HOUSEHOLD_1,HOUSEHOLD,1316,0.6780010303966951,0,62.02988150437918,737,1.88
FOODS_3_589,FOODS_3,FOODS,1315,0.6774858320453316,0,72.64296754250387,531,1.090379746835444
HOBBIES_1_145,HOBBIES_1,HOBBIES,1314,0.6769706336939668,0,77.0221535291087,446,1.2774034003091188
HOBBIES_1_372,HOBBIES_1,HOBBIES,1314,0.6769706336939736,0,59.55692941782586,785,6.657496136012365
HOUSEHOLD_1_025,HOUSEHOLD_1,HOUSEHOLD,1314,0.676970633693972,0,55.126223596084486,871,2.98
HOUSEHOLD_1_089,HOUSEHOLD_1,HOUSEHOLD,1314,0.6769706336939741,0,56.36269963936116,847,5.133446676970635
HOUSEHOLD_1_166,HOUSEHOLD_1,HOUSEHOLD,1313,0.6764554353426028,0,62.648119526017524,725,4.959582689335394
FOODS_1_140,FOODS_1,FOODS,1310,0.6749098402885129,0,59.917568263781554,778,6.932395672333848
FOODS_3_172,FOODS_3,FOODS,1310,0.6749098402885191,0,75.47655847501288,476,1.78
FOODS_2_010,FOODS_2,FOODS,1309,0.6743946419371482,0,64.39979392065945,691,2.5047243688820195
HOUSEHOLD_1_088,HOUSEHOLD_1,HOUSEHOLD,1309,0.6743946419371487,0,54.456465739309635,884,5.97
FOODS_1_209,FOODS_1,FOODS,1308,0.673879443585783,0,59.14477073673364,793,2.343575476558475
HOUSEHOLD_1_374,HOUSEHOLD_1,HOUSEHOLD,1306,0.6728490468830498,0,61.10252447192169,755,3.932931995540692
FOODS_3_482,FOODS_3,FOODS,1304,0.6718186501803206,0,70.53065430190624,572,2.98
HOUSEHOLD_1_125,HOUSEHOLD_1,HOUSEHOLD,1304,0.6718186501803196,0,55.95054095826894,855,5.72
HOBBIES_1_198,HOBBIES_1,HOBBIES,1303,0.6713034518289593,0,60.69036579082947,763,8.38
HOUSEHOLD_1_232,HOUSEHOLD_1,HOUSEHOLD,1303,0.6713034518289558,0,59.969088098918085,777,4.063616456536165
FOODS_2_216,FOODS_2,FOODS,1300,0.6697578567748578,0,56.36269963936116,847,5.969826224328594
FOODS_3_621,FOODS_3,FOODS,1300,0.6697578567748697,0,76.71303451828955,452,1.5
HOUSEHOLD_2_084,HOUSEHOLD_2,HOUSEHOLD,1300,0.6697578567748604,0,56.568778979907265,843,3.9876197836166916
HOBBIES_1_021,HOBBIES_1,HOBBIES,1296,0.6676970633693965,0,60.07212776919114,775,11.83257824933687
FOODS_1_071,FOODS_1,FOODS,1293,0.6661514683152906,0,69.50025759917568,592,1.979592476489028
HOBBIES_1_413,HOBBIES_1,HOBBIES,1291,0.6651210716125718,0,61.66924265842349,744,4.6783040330920365
FOODS_2_219,FOODS_2,FOODS,1288,0.6635754765584768,0,64.60587326120556,687,2.835790829469346
HOUSEHOLD_2_037,HOUSEHOLD_2,HOUSEHOLD,1287,0.6630602782071083,0,56.36269963936116,847,10.936491499227197
FOODS_2_142,FOODS_2,FOODS,1285,0.6620298815043821,0,62.648119526017524,725,3.9984584178498985
FOODS_3_040,FOODS_3,FOODS,1285,0.66202988150438,0,60.89644513137558,759,2.5031307793923383
FOODS_3_068,FOODS_3,FOODS,1284,0.6615146831530154,0,63.06027820710973,717,2.4122823286965476
FOODS_3_667,FOODS_3,FOODS,1278,0.6584234930448221,0,58.21741370427615,811,2.02435857805255
FOODS_2_224,FOODS_2,FOODS,1277,0.6579082946934575,0,60.32972694487378,770,5.723847780126852
FOODS_1_065,FOODS_1,FOODS,1276,0.6573930963420865,0,63.06027820710973,717,3.3006800618238032
FOODS_3_123,FOODS_3,FOODS,1276,0.6573930963420891,0,68.31530139103555,615,2.6327666151468327
FOODS_3_599,FOODS_3,FOODS,1276,0.6573930963421019,0,75.83719732096857,469,1.98
HOUSEHOLD_2_262,HOUSEHOLD_2,HOUSEHOLD,1276,0.6573930963420923,0,57.08397733127254,833,4.97
HOUSEHOLD_2_185,HOUSEHOLD_2,HOUSEHOLD,1275,0.6568778979907168,0,68.26378155589902,616,3.341691348402182
FOODS_3_045,FOODS_3,FOODS,1271,0.6548171045852585,0,58.681092220504894,802,3.98
HOBBIES_1_351,HOBBIES_1,HOBBIES,1271,0.6548171045852669,0,56.92941782586296,836,5.761105845181675
HOUSEHOLD_1_105,HOUSEHOLD_1,HOUSEHOLD,1271,0.654817104585267,0,58.99021123132406,796,4.030844925296238
HOBBIES_1_358,HOBBIES_1,HOBBIES,1269,0.6537867078825265,0,69.03657908294693,601,2.5932530120481925
HOUSEHOLD_1_133,HOUSEHOLD_1,HOUSEHOLD,1268,0.6532715095311634,0,73.31272539927872,518,3.12
FOODS_2_398,FOODS_2,FOODS,1266,0.6522411128284326,0,65.68778979907263,666,2.393118779031187
FOODS_3_361,FOODS_3,FOODS,1263,0.6506955177743371,0,66.20298815043792,656,1.98
HOBBIES_1_195,HOBBIES_1,HOBBIES,1263,0.6506955177743398,0,54.404945904173104,885,11.148573079145004
FOODS_2_120,FOODS_2,FOODS,1260,0.6491499227202446,0,65.68778979907263,666,2.72
HOUSEHOLD_1_362,HOUSEHOLD_1,HOUSEHOLD,1260,0.6491499227202466,0,54.25038639876353,888,7.97
FOODS_2_231,FOODS_2,FOODS,1258,0.6481195260175193,0,68.6244204018547,609,2.5461617722823293
FOODS_3_251,FOODS_3,FOODS,1257,0.6476043276661451,0,60.79340546110252,761,2.98
FOODS_3_382,FOODS_3,FOODS,1256,0.6470891293147953,0,72.53992787223082,533,1.98
FOODS_1_138,FOODS_1,FOODS,1255,0.6465739309634193,0,72.17928902627511,540,2.5094178258629585
HOBBIES_1_200,HOBBIES_1,HOBBIES,1254,0.6460587326120514,0,60.32972694487378,770,7.841490112994351
HOBBIES_1_036,HOBBIES_1,HOBBIES,1253,0.6455435342606881,0,64.14219474497682,696,1.0619371458011335
HOBBIES_1_339,HOBBIES_1,HOBBIES,1252,0.6450283359093448,0,72.48840803709427,534,7.98
HOUSEHOLD_2_450,HOUSEHOLD_2,HOUSEHOLD,1252,0.6450283359093263,0,55.89902112313241,856,9.57586295723854
FOODS_2_079,FOODS_2,FOODS,1251,0.6445131375579592,0,55.332302936630605,867,3.8043997939206595
FOODS_1_178,FOODS_1,FOODS,1249,0.6434827408552292,0,56.568778979907265,843,9.271993817619782
FOODS_3_213,FOODS_3,FOODS,1248,0.6429675425038615,0,67.33642452344154,634,2.201670190274845
HOBBIES_1_343,HOBBIES_1,HOBBIES,1248,0.6429675425038639,0,59.093250901597116,794,5.158361669242663
HOBBIES_1_421,HOBBIES_1,HOBBIES,1247,0.6424523441524955,0,63.7300360638846,704,8.370308590492078
FOODS_2_198,FOODS_2,FOODS,1246,0.6419371458011307,0,62.648119526017524,725,9.51562081401339
FOODS_2_335,FOODS_2,FOODS,1245,0.6414219474497664,0,62.390520350334874,730,3.73311098961181
HOUSEHOLD_1_485,HOUSEHOLD_1,HOUSEHOLD,1244,0.6409067490984021,0,57.238536836682115,830,2.97
HOUSEHOLD_1_393,HOUSEHOLD_1,HOUSEHOLD,1243,0.6403915507470354,0,64.45131375579598,690,1.9774779411764705
HOUSEHOLD_1_457,HOUSEHOLD_1,HOUSEHOLD,1243,0.6403915507470352,0,65.27563111798042,674,10.060179414542024
FOODS_3_174,FOODS_3,FOODS,1241,0.6393611540443066,0,62.648119526017524,725,6.126790314270995
FOODS_3_287,FOODS_3,FOODS,1240,0.6388459556929406,0,61.514683153013905,747,6.296261980830675
FOODS_3_447,FOODS_3,FOODS,1240,0.6388459556929406,0,69.60329726944875,590,1.8061070304302211
FOODS_3_604,FOODS_3,FOODS,1240,0.6388459556929478,0,69.39721792890263,594,2.504826883910387
FOODS_3_717,FOODS_3,FOODS,1240,0.6388459556929413,0,56.98093766099949,835,1.98
HOUSEHOLD_1_099,HOUSEHOLD_1,HOUSEHOLD,1240,0.6388459556929403,0,60.741885625966,762,2.3660329726944878
FOODS_3_395,FOODS_3,FOODS,1239,0.6383307573415755,0,58.165893869139616,812,3.957640391550746
FOODS_3_802,FOODS_3,FOODS,1238,0.6378155589902105,0,59.763008758371974,781,1.68
HOBBIES_1_127,HOBBIES_1,HOBBIES,1235,0.6362699639361156,0,71.50953116950026,553,1.0454507985574433
FOODS_3_456,FOODS_3,FOODS,1234,0.6357547655847504,0,63.83307573415765,702,3.945096952908588
FOODS_3_261,FOODS_3,FOODS,1233,0.6352395672333854,0,63.7300360638846,704,4.456043276661515
FOODS_3_312,FOODS_3,FOODS,1233,0.6352395672333855,0,68.00618238021639,621,2.88
HOBBIES_2_124,HOBBIES_2,HOBBIES,1233,0.6352395672333855,0,80.88614116434827,371,0.23
HOUSEHOLD_2_350,HOUSEHOLD_2,HOUSEHOLD,1231,0.6342091705306555,0,61.051004636785166,756,2.9265842349304485
HOBBIES_1_057,HOBBIES_1,HOBBIES,1227,0.6321483771251954,0,61.514683153013905,747,4.8347434996486305
HOUSEHOLD_1_029,HOUSEHOLD_1,HOUSEHOLD,1227,0.632148377125195,0,70.22153529108706,578,7.013412563667229
HOBBIES_1_382,HOBBIES_1,HOBBIES,1225,0.6311179804224653,0,58.165893869139616,812,1.97
HOUSEHOLD_1_289,HOUSEHOLD_1,HOUSEHOLD,1224,0.6306027820711,0,58.26893353941267,810,5.133446676970635
FOODS_2_130,FOODS_2,FOODS,1222,0.6295723853683541,0,74.29160226687274,499,1.5649019607843138
FOODS_3_781,FOODS_3,FOODS,1220,0.62854198866564015,0,62.33900051519835,731,2.534817104585265
HOUSEHOLD_1_513,HOUSEHOLD_1,HOUSEHOLD,1219,0.6280267903142724,0,65.9969088098918,660,10.371790416008423
FOODS_3_056,FOODS_3,FOODS,1218,0.6275115919629072,0,70.68521380731582,569,1.808002075765439
FOODS_2_078,FOODS_2,FOODS,1216,0.62648119526018,0,67.23338485316846,636,9.918889837745517
FOODS_2_038,FOODS_2,FOODS,1214,0.6254507985574457,0,58.11437403400309,813,6.055671406003159
FOODS_3_354,FOODS_3,FOODS,1214,0.6254507985574459,0,72.17928902627511,540,2.98
FOODS_3_486,FOODS_3,FOODS,1214,0.6254507985574462,0,62.648119526017524,725,2.741442555383822
FOODS_3_729,FOODS_3,FOODS,1213,0.6249356002060824,0,61.46316331787738,748,3.98
HOUSEHOLD_2_500,HOUSEHOLD_2,HOUSEHOLD,1213,0.6249356002060796,0,58.73261205564142,801,5.84
FOODS_1_028,FOODS_1,FOODS,1212,0.6244204018547175,0,79.80422462648119,392,2.860956598759965
HOBBIES_1_129,HOBBIES_1,HOBBIES,1212,0.6244204018547171,0,58.47501287995879,806,4.846217175301632
FOODS_3_478,FOODS_3,FOODS,1209,0.6228748068006175,0,76.71303451828955,452,1.808002075765439
FOODS_2_196,FOODS_2,FOODS,1208,0.6223596084492581,0,61.10252447192169,755,3.801442555383824
FOODS_3_060,FOODS_3,FOODS,1208,0.6223596084492549,0,68.26378155589902,616,2.98
FOODS_3_751,FOODS_3,FOODS,1208,0.6223596084492579,0,69.29417825862957,596,4.98
FOODS_3_253,FOODS_3,FOODS,1207,0.6218444100978942,0,66.30602782071098,654,1.98
HOUSEHOLD_1_182,HOUSEHOLD_1,HOUSEHOLD,1204,0.6202988150437952,0,60.1751674394642,773,4.212502585315411
HOBBIES_1_373,HOBBIES_1,HOBBIES,1203,0.619783616692435,0,65.17259144770736,676,14.72
FOODS_3_345,FOODS_3,FOODS,1199,0.6177228232869744,0,70.63369397217929,570,2.6327666151468327
FOODS_3_567,FOODS_3,FOODS,1199,0.6177228232869663,0,75.01287995878413,485,1.809242658423492
HOBBIES_1_282,HOBBIES_1,HOBBIES,1199,0.6177228232869684,0,61.92684183410613,739,4.279907264296753
HOUSEHOLD_1_238,HOUSEHOLD_1,HOUSEHOLD,1199,0.6177228232869745,0,63.52395672333848,708,2.48
HOUSEHOLD_1_479,HOUSEHOLD_1,HOUSEHOLD,1199,0.6177228232869675,0,59.71148892323544,782,7.5296733524355295
HOUSEHOLD_2_219,HOUSEHOLD_2,HOUSEHOLD,1199,0.6177228232869644,0,59.763008758371974,781,3.1481761978361695
FOODS_2_027,FOODS_2,FOODS,1197,0.6166924265842426,0,77.64039155074704,434,2.229549861495845
HOBBIES_1_349,HOBBIES_1,HOBBIES,1196,0.6161772282328757,0,72.3338485316847,537,11.36688760806917
FOODS_1_011,FOODS_1,FOODS,1195,0.615662029881507,0,70.22153529108706,578,2.5182534775888725
HOUSEHOLD_2_322,HOUSEHOLD_2,HOUSEHOLD,1193,0.6146316331787838,0,67.90314270994332,623,2.22
FOODS_1_136,FOODS_1,FOODS,1191,0.6136012364760457,0,63.57547655847501,707,4.702364760432766
FOODS_2_049,FOODS_2,FOODS,1190,0.613086038124674,0,65.37867078825347,672,2.6100257599175674
FOODS_2_188,FOODS_2,FOODS,1190,0.6130860381246783,0,65.43019062339,671,2.836439979392065
HOUSEHOLD_1_056,HOUSEHOLD_1,HOUSEHOLD,1190,0.6130860381246768,0,65.12107161257083,677,12.081798042246263
HOUSEHOLD_2_002,HOUSEHOLD_2,HOUSEHOLD,1190,0.6130860381246719,0,61.360123647604325,750,2.67
HOUSEHOLD_2_110,HOUSEHOLD_2,HOUSEHOLD,1189,0.612570839773321,0,74.3946419371458,497,3.17
FOODS_3_703,FOODS_3,FOODS,1188,0.6120556414219415,0,76.4554353426069,457,1.98
HOUSEHOLD_1_529,HOUSEHOLD_1,HOUSEHOLD,1185,0.6105100463678547,0,68.41834106130861,613,2.967042253521127
HOBBIES_1_275,HOBBIES_1,HOBBIES,1183,0.6094796496651217,0,62.49356002060793,728,12.830217849613494
HOBBIES_1_040,HOBBIES_1,HOBBIES,1182,0.6089644513137563,0,63.88459556929418,701,12.979014472777395
FOODS_2_264,FOODS_2,FOODS,1180,0.607934054611023,0,69.44873776403917,593,3.7562132921174642
FOODS_3_778,FOODS_3,FOODS,1180,0.6079340546110269,0,63.163317877382795,715,2.078763523956723
HOUSEHOLD_1_295,HOUSEHOLD_1,HOUSEHOLD,1180,0.6079340546110267,0,59.50540958268934,786,2.98
FOODS_1_014,FOODS_1,FOODS,1179,0.6074188562596685,0,70.22153529108706,578,0.98
HOUSEHOLD_2_467,HOUSEHOLD_2,HOUSEHOLD,1177,0.6063884595569301,0,62.235960844925295,733,3.97
HOUSEHOLD_1_172,HOUSEHOLD_1,HOUSEHOLD,1176,0.6058732612055617,0,75.16743946419372,482,1.9712449799196785
FOODS_2_177,FOODS_2,FOODS,1175,0.6053580628541984,0,69.13961875321999,599,3.278547770700637
FOODS_3_168,FOODS_3,FOODS,1175,0.6053580628542009,0,62.75115919629057,723,3.7711025244719223
FOODS_3_531,FOODS_3,FOODS,1175,0.6053580628541989,0,74.1885625965997,501,2.48
FOODS_1_188,FOODS_1,FOODS,1171,0.6032972694487508,0,73.67336424523442,511,2.98
HOUSEHOLD_1_167,HOUSEHOLD_1,HOUSEHOLD,1169,0.6022668727460028,0,61.360123647604325,750,2.8184435797665373
HOUSEHOLD_2_193,HOUSEHOLD_2,HOUSEHOLD,1168,0.6017516743946404,0,59.8145285935085,780,4.94
HOUSEHOLD_1_113,HOUSEHOLD_1,HOUSEHOLD,1167,0.6012364760432873,0,68.6244204018547,609,5.918628215120808
HOUSEHOLD_2_368,HOUSEHOLD_2,HOUSEHOLD,1167,0.6012364760432761,0,59.29933024214322,790,5.503693972179289
HOBBIES_1_235,HOBBIES_1,HOBBIES,1166,0.6007212776919119,0,60.278207109737245,771,12.797574606619637
HOUSEHOLD_2_499,HOUSEHOLD_2,HOUSEHOLD,1166,0.6007212776919054,0,76.04327666151468,465,1.97
FOODS_3_193,FOODS_3,FOODS,1164,0.5996908809891787,0,63.3693972179289,711,2.435157135497166
HOBBIES_1_137,HOBBIES_1,HOBBIES,1161,0.5981452859350832,0,61.41164348274085,749,9.48742916022669
HOUSEHOLD_1_449,HOUSEHOLD_1,HOUSEHOLD,1161,0.598145285935093,0,63.472436888201955,709,15.098431208053695
FOODS_3_081,FOODS_3,FOODS,1160,0.5976300875837193,0,59.71148892323544,782,4.603317877382792
FOODS_2_145,FOODS_2,FOODS,1159,0.5971148892323704,0,79.90726429675425,390,2.344480712166172
FOODS_3_467,FOODS_3,FOODS,1159,0.5971148892323551,0,58.78413189077795,800,1.9667284904688305
HOUSEHOLD_2_346,HOUSEHOLD_2,HOUSEHOLD,1159,0.5971148892323687,0,72.84904688304998,527,3.33
HOBBIES_1_072,HOBBIES_1,HOBBIES,1158,0.5965996908809869,0,60.69036579082947,763,1.97
FOODS_3_571,FOODS_3,FOODS,1157,0.5960844925296226,0,65.63626996393612,667,8.528966648441761
FOODS_1_062,FOODS_1,FOODS,1156,0.5955692941782572,0,64.24523441524987,694,4.00204533745492
HOBBIES_1_122,HOBBIES_1,HOBBIES,1155,0.5950540958269036,0,74.13704276146316,502,1.77
HOUSEHOLD_1_421,HOUSEHOLD_1,HOUSEHOLD,1154,0.594538897475528,0,66.66666666666666,647,6.1852143314139445
FOODS_1_134,FOODS_1,FOODS,1153,0.594023699124178,0,72.1277691911386,541,1.98
HOUSEHOLD_2_102,HOUSEHOLD_2,HOUSEHOLD,1152,0.5935085007728017,0,72.3338485316847,537,2.4908855291576675
HOBBIES_1_266,HOBBIES_1,HOBBIES,1151,0.5929933024214314,0,63.7300360638846,704,4.6783040330920365
HOUSEHOLD_1_462,HOUSEHOLD_1,HOUSEHOLD,1150,0.592478104070078,0,74.54920144255539,494,2.3637248995983935
HOBBIES_1_076,HOBBIES_1,HOBBIES,1149,0.5919629057187011,0,66.82122617207625,644,3.269191138588354
HOUSEHOLD_1_281,HOUSEHOLD_1,HOUSEHOLD,1149,0.591962905718701,0,62.545079855744454,727,4.914509132420092
HOUSEHOLD_2_128,HOUSEHOLD_2,HOUSEHOLD,1145,0.5899021123132391,0,65.73930963420918,665,5.919010819165378
HOBBIES_1_270,HOBBIES_1,HOBBIES,1144,0.5893869139618729,0,61.41164348274085,749,4.843665254237288
HOUSEHOLD_1_246,HOUSEHOLD_1,HOUSEHOLD,1144,0.5893869139618559,0,81.14374034003092,366,3.98
HOUSEHOLD_1_278,HOUSEHOLD_1,HOUSEHOLD,1143,0.5888717156105105,0,56.05358062854199,853,6.108485316846983
HOUSEHOLD_2_449,HOUSEHOLD_2,HOUSEHOLD,1142,0.5883565172591458,0,69.65481710458526,589,5.650623003194888
FOODS_2_303,FOODS_2,FOODS,1141,0.587841318907771,0,71.4064914992272,555,2.172647214854112
FOODS_3_823,FOODS_3,FOODS,1141,0.5878413189077646,0,73.05512622359609,523,2.750432276657061
FOODS_2_218,FOODS_2,FOODS,1140,0.5873261205564141,0,61.051004636785166,756,3.800360638845958
FOODS_2_319,FOODS_2,FOODS,1140,0.5873261205564149,0,66.87274600721278,643,2.793910355486862
HOUSEHOLD_2_044,HOUSEHOLD_2,HOUSEHOLD,1140,0.5873261205563959,0,78.82534775888718,411,3.48
HOUSEHOLD_1_205,HOUSEHOLD_1,HOUSEHOLD,1139,0.5868109222050503,0,61.46316331787738,748,5.960198640878202
HOUSEHOLD_1_377,HOUSEHOLD_1,HOUSEHOLD,1134,0.5842349304482228,0,58.681092220504894,802,8.752488408037099
FOODS_3_235,FOODS_3,FOODS,1131,0.5826893353941288,0,70.8397733127254,566,1.8061070304302211
FOODS_3_813,FOODS_3,FOODS,1130,0.5821741370427465,0,77.33127253992788,440,4.505586592178771
HOBBIES_1_167,HOBBIES_1,HOBBIES,1130,0.5821741370427519,0,81.34981968057701,362,0.6906936866718628
HOUSEHOLD_1_511,HOUSEHOLD_1,HOUSEHOLD,1130,0.5821741370427597,0,61.514683153013905,747,6.007708933717579
HOUSEHOLD_2_388,HOUSEHOLD_2,HOUSEHOLD,1130,0.5821741370427613,0,60.99948480164864,757,6.965641421947449
FOODS_3_484,FOODS_3,FOODS,1129,0.5816589386913965,0,57.238536836682115,830,1.9911798042246267
HOBBIES_1_075,HOBBIES_1,HOBBIES,1129,0.5816589386913974,0,61.92684183410613,739,7.041257083977332
HOBBIES_1_081,HOBBIES_1,HOBBIES,1122,0.5780525502318314,0,66.15146831530139,657,14.72
HOUSEHOLD_1_003,HOUSEHOLD_1,HOUSEHOLD,1122,0.5780525502318313,0,65.17259144770736,676,8.97
FOODS_3_630,FOODS_3,FOODS,1121,0.5775373518804731,0,70.47913446676971,573,2.6363730036063884
HOUSEHOLD_2_376,HOUSEHOLD_2,HOUSEHOLD,1119,0.5765069551777461,0,59.402369912416276,788,3.7540030911901074
FOODS_3_620,FOODS_3,FOODS,1116,0.5749613601236495,0,63.83307573415765,702,6.575165987186952
HOBBIES_1_296,HOBBIES_1,HOBBIES,1116,0.574961360123647,0,58.93869139618754,797,7.177897990726432
HOUSEHOLD_1_331,HOUSEHOLD_1,HOUSEHOLD,1116,0.5749613601236501,0,63.26635754765585,713,4.86355486862442
HOUSEHOLD_1_026,HOUSEHOLD_1,HOUSEHOLD,1112,0.5729005667181789,0,70.22153529108706,578,2.883032886723508
HOBBIES_1_397,HOBBIES_1,HOBBIES,1111,0.5723853683668115,0,69.86089644513137,585,4.296449704142013
HOUSEHOLD_1_322,HOUSEHOLD_1,HOUSEHOLD,1111,0.5723853683668283,0,72.64296754250387,531,2.8629615861214375
FOODS_3_545,FOODS_3,FOODS,1109,0.5713549716640868,0,75.06439979392066,484,1
FOODS_3_677,FOODS_3,FOODS,1107,0.5703245749613591,0,62.02988150437918,737,3.98
FOODS_3_733,FOODS_3,FOODS,1107,0.5703245749613619,0,78.77382792375064,412,1.9564774044032445
FOODS_2_004,FOODS_2,FOODS,1106,0.5698093766099905,0,73.4672849046883,515,3.864039603960396
FOODS_3_593,FOODS_3,FOODS,1106,0.5698093766099946,0,64.96651210716125,680,6.526155567991044
HOUSEHOLD_1_170,HOUSEHOLD_1,HOUSEHOLD,1106,0.5698093766099931,0,65.7908294693457,664,1.96166081871345
HOUSEHOLD_2_191,HOUSEHOLD_2,HOUSEHOLD,1105,0.5692941782586289,0,60.58732612055642,765,4.992916022668727
FOODS_3_095,FOODS_3,FOODS,1104,0.5687789799072643,0,64.55435342606903,688,5.198979907264297
HOBBIES_1_231,HOBBIES_1,HOBBIES,1104,0.568778979907271,0,61.41164348274085,749,6.87
FOODS_2_316,FOODS_2,FOODS,1102,0.5677485832045305,0,72.95208655332303,525,10.883468715697042
FOODS_3_105,FOODS_3,FOODS,1101,0.5672333848531658,0,73.41576506955178,516,2.88
HOBBIES_1_097,HOBBIES_1,HOBBIES,1101,0.567233384853169,0,57.39309634209171,827,4.165924781040699
FOODS_3_553,FOODS_3,FOODS,1100,0.5667181865017927,0,69.08809891808346,600,2.5048615384615385
FOODS_3_134,FOODS_3,FOODS,1098,0.565687789799062,0,83.82277176713035,314,6.965138004246285
FOODS_3_627,FOODS_3,FOODS,1098,0.5656877897990719,0,66.3575476558475,653,2.8176609442060077
HOUSEHOLD_2_172,HOUSEHOLD_2,HOUSEHOLD,1097,0.5651725914477077,0,61.97836166924265,738,6.201859866048426
FOODS_2_394,FOODS_2,FOODS,1095,0.5641421947449764,0,68.0577022153529,620,2.732952086553321
HOUSEHOLD_1_097,HOUSEHOLD_1,HOUSEHOLD,1094,0.5636269963936135,0,58.99021123132406,796,4.004945904173106
FOODS_3_420,FOODS_3,FOODS,1093,0.5631117980422478,0,61.66924265842349,744,8.48
FOODS_2_001,FOODS_2,FOODS,1092,0.562596599690874,0,66.61514683153014,648,1.9932791185729277
HOUSEHOLD_1_436,HOUSEHOLD_1,HOUSEHOLD,1092,0.5625965996908778,0,72.48840803709427,534,10.925692941782579
FOODS_1_070,FOODS_1,FOODS,1091,0.562081401339511,0,76.71303451828955,452,0.98
HOBBIES_1_356,HOBBIES_1,HOBBIES,1090,0.5615662029881443,0,62.69963936115405,724,5.528109222050494
HOUSEHOLD_2_353,HOUSEHOLD_2,HOUSEHOLD,1088,0.5605358062854175,0,63.83307573415765,702,4.667426900584795
FOODS_3_179,FOODS_3,FOODS,1086,0.5595054095826895,0,62.33900051519835,731,4.344831038798503
HOBBIES_1_087,HOBBIES_1,HOBBIES,1085,0.5589902112313229,0,64.24523441524987,694,12.832382290934646
HOUSEHOLD_2_434,HOUSEHOLD_2,HOUSEHOLD,1083,0.5579598145285942,0,67.59402369912416,629,1.88
HOUSEHOLD_1_268,HOUSEHOLD_1,HOUSEHOLD,1082,0.5574446161772285,0,60.89644513137558,759,8.333611540443071
FOODS_2_011,FOODS_2,FOODS,1079,0.5558990211231328,0,68.93353941267388,603,2.836439979392065
FOODS_1_101,FOODS_1,FOODS,1073,0.55280783101494,0,68.72746007212777,607,1.9799845440494592
HOUSEHOLD_1_164,HOUSEHOLD_1,HOUSEHOLD,1073,0.5528078310149472,0,72.3338485316847,537,2.883032886723508
FOODS_2_180,FOODS_2,FOODS,1072,0.5522926326635721,0,74.29160226687274,499,2.446567164179105
HOUSEHOLD_1_154,HOUSEHOLD_1,HOUSEHOLD,1070,0.5512622359608441,0,66.82122617207625,644,3.2710870685213793
FOODS_2_125,FOODS_2,FOODS,1068,0.5502318392581117,0,70.53065430190624,572,2.5615492957746477
FOODS_2_133,FOODS_2,FOODS,1067,0.5497166409067484,0,67.69706336939721,627,2.8361154044307066
HOUSEHOLD_2_325,HOUSEHOLD_2,HOUSEHOLD,1067,0.5497166409067479,0,60.79340546110252,761,3.757284904688306
FOODS_2_263,FOODS_2,FOODS,1065,0.548686244204017,0,66.46058732612056,651,5.921203124999999
FOODS_2_190,FOODS_2,FOODS,1061,0.5466254507985567,0,70.94281298299846,564,2.8361154044307066
HOUSEHOLD_1_134,HOUSEHOLD_1,HOUSEHOLD,1061,0.5466254507985567,0,62.75115919629057,723,4.061908794788273
FOODS_1_039,FOODS_1,FOODS,1060,0.5461102524471918,0,68.0577022153529,620,2.48
FOODS_2_167,FOODS_2,FOODS,1060,0.5461102524471918,0,68.88201957753736,604,2.5426996393611536
HOBBIES_1_240,HOBBIES_1,HOBBIES,1060,0.5461102524471917,0,65.17259144770736,676,2.9375455079271875
FOODS_3_670,FOODS_3,FOODS,1059,0.5455950540958268,0,60.32972694487378,770,1.9904585265327153
HOBBIES_1_310,HOBBIES_1,HOBBIES,1057,0.5445646573930968,0,60.48428645028336,767,5.336857290056674
FOODS_2_331,FOODS_2,FOODS,1056,0.5440494590417319,0,68.10922205048944,619,2.8596737044145866
HOUSEHOLD_1_299,HOUSEHOLD_1,HOUSEHOLD,1054,0.543019062339002,0,70.53065430190624,572,4.998432240921169
FOODS_1_038,FOODS_1,FOODS,1053,0.5425038639876363,0,64.14219474497682,696,9.187373319544987
FOODS_3_521,FOODS_3,FOODS,1053,0.5425038639876303,0,75.42503863987635,477,2.54
HOUSEHOLD_1_178,HOUSEHOLD_1,HOUSEHOLD,1053,0.5425038639876365,0,61.10252447192169,755,4.435955692941781
HOUSEHOLD_1_017,HOUSEHOLD_1,HOUSEHOLD,1052,0.5419886656362706,0,70.63369397217929,570,4.95717818642993
HOUSEHOLD_1_211,HOUSEHOLD_1,HOUSEHOLD,1052,0.5419886656362711,0,65.17259144770736,676,3.8671148892323544
FOODS_3_293,FOODS_3,FOODS,1051,0.5414734672849065,0,74.7552807831015,490,2.023433298862461
FOODS_3_161,FOODS_3,FOODS,1050,0.5409582689335408,0,63.11179804224627,716,2.023637300360639
FOODS_1_030,FOODS_1,FOODS,1048,0.5399278722308106,0,71.04585265327151,562,3.1874767321613224
FOODS_2_053,FOODS_2,FOODS,1048,0.5399278722308107,0,61.25708397733127,752,7.303539412673879
HOUSEHOLD_1_156,HOUSEHOLD_1,HOUSEHOLD,1047,0.5394126738794303,0,81.65893869139619,356,2.73
FOODS_3_125,FOODS_3,FOODS,1045,0.5383822771767047,0,82.01957753735188,349,4.98
HOBBIES_1_123,HOBBIES_1,HOBBIES,1045,0.5383822771767166,0,66.9242658423493,642,7.951207992733879
FOODS_2_137,FOODS_2,FOODS,1044,0.5378670788253471,0,69.60329726944875,590,2.5475682637815558
HOUSEHOLD_2_047,HOUSEHOLD_2,HOUSEHOLD,1043,0.5373518804739824,0,67.43946419371458,632,3.2873621844410112
HOUSEHOLD_2_007,HOUSEHOLD_2,HOUSEHOLD,1042,0.5368366821226211,0,67.95466254507986,622,2.58
HOUSEHOLD_1_395,HOUSEHOLD_1,HOUSEHOLD,1038,0.5347758887171595,0,68.0577022153529,620,4.867233384853169
HOUSEHOLD_2_071,HOUSEHOLD_2,HOUSEHOLD,1036,0.5337454920144244,0,66.66666666666666,647,6.442436888201958
HOUSEHOLD_2_310,HOUSEHOLD_2,HOUSEHOLD,1036,0.5337454920144246,0,62.95723853683668,719,1.42
HOUSEHOLD_1_126,HOUSEHOLD_1,HOUSEHOLD,1033,0.5321998969603304,0,60.69036579082947,763,8.752488408037099
HOUSEHOLD_1_160,HOUSEHOLD_1,HOUSEHOLD,1031,0.5311695002575996,0,72.17928902627511,540,10.371790416008423
HOUSEHOLD_2_380,HOUSEHOLD_2,HOUSEHOLD,1029,0.5301391035548702,0,63.83307573415765,702,5.179119010819165
HOUSEHOLD_2_341,HOUSEHOLD_2,HOUSEHOLD,1023,0.5270479134466758,0,63.163317877382795,715,5.302869654817105
FOODS_1_156,FOODS_1,FOODS,1021,0.5260175167439548,0,68.67594023699124,608,2.3676523994811958
HOUSEHOLD_2_311,HOUSEHOLD_2,HOUSEHOLD,1021,0.5260175167439457,0,66.56362699639361,649,5.915423991726992
FOODS_3_075,FOODS_3,FOODS,1020,0.5255023183925902,0,68.77897990726429,606,2.88
HOUSEHOLD_1_245,HOUSEHOLD_1,HOUSEHOLD,1019,0.5249871200412127,0,76.50695517774344,456,2.597422802850356
FOODS_1_051,FOODS_1,FOODS,1018,0.5244719216898598,0,73.93096342091705,506,3.87
FOODS_2_235,FOODS_2,FOODS,1016,0.5234415249871267,0,71.5610510046368,552,2.8235513513513526
FOODS_2_370,FOODS_2,FOODS,1016,0.5234415249871216,0,71.45801133436372,554,5.039567233384852
FOODS_1_050,FOODS_1,FOODS,1014,0.5224111282843911,0,70.06697578567749,581,5.98
FOODS_3_100,FOODS_3,FOODS,1013,0.5218959299330221,0,69.9124162802679,584,3.98
FOODS_2_203,FOODS_2,FOODS,1011,0.5208655332302891,0,73.05512622359609,523,3.3388558692421992
HOUSEHOLD_2_036,HOUSEHOLD_2,HOUSEHOLD,1011,0.5208655332302926,0,62.75115919629057,723,3.97
HOBBIES_1_211,HOBBIES_1,HOBBIES,1010,0.5203503348789366,0,79.23750643997938,403,4.8587750000000005
HOUSEHOLD_1_533,HOUSEHOLD_1,HOUSEHOLD,1010,0.5203503348789275,0,69.39721792890263,594,4.943060982830076
HOUSEHOLD_2_240,HOUSEHOLD_2,HOUSEHOLD,1010,0.5203503348789293,0,71.66409067490984,550,4.97
FOODS_3_223,FOODS_3,FOODS,1009,0.5198351365275637,0,68.10922205048944,619,1.98
FOODS_3_004,FOODS_3,FOODS,1008,0.5193199381762039,0,72.74600721277692,529,5.062052679382382
FOODS_1_026,FOODS_1,FOODS,1007,0.5188047398248342,0,66.15146831530139,657,6.95381079636558
HOUSEHOLD_2_135,HOUSEHOLD_2,HOUSEHOLD,1007,0.5188047398248343,0,62.59659969088099,726,10.321921689850607
HOUSEHOLD_1_288,HOUSEHOLD_1,HOUSEHOLD,1006,0.5182895414734662,0,64.60587326120556,687,8.126535031847132
HOUSEHOLD_1_293,HOUSEHOLD_1,HOUSEHOLD,1006,0.5182895414734754,0,79.23750643997938,403,12.292143727162
FOODS_2_035,FOODS_2,FOODS,1005,0.517774343122098,0,75.16743946419372,482,5.128896551724139
FOODS_3_720,FOODS_3,FOODS,1005,0.517774343122103,0,73.98248325605358,505,4.381610904584882
HOUSEHOLD_2_375,HOUSEHOLD_2,HOUSEHOLD,1005,0.5177743431221022,0,64.55435342606903,688,6.577058217413705
FOODS_2_058,FOODS_2,FOODS,1003,0.5167439464193714,0,66.56362699639361,649,4.874878435517972
FOODS_3_821,FOODS_3,FOODS,1003,0.5167439464193799,0,69.86089644513137,585,4.98
HOUSEHOLD_1_524,HOUSEHOLD_1,HOUSEHOLD,1003,0.51674394641937,0,75.3219989696033,479,3.9751911935110082
FOODS_3_114,FOODS_3,FOODS,999,0.5146831530139163,0,78.46470891293148,418,2.588315217391304
FOODS_2_251,FOODS_2,FOODS,998,0.514167954662545,0,69.29417825862957,596,7.578856259659967
FOODS_3_297,FOODS_3,FOODS,998,0.5141679546625516,0,71.61257083977331,551,2.88
HOBBIES_1_042,HOBBIES_1,HOBBIES,998,0.5141679546625442,0,67.284904688305,635,7.639976317347543
HOUSEHOLD_1_406,HOUSEHOLD_1,HOUSEHOLD,998,0.5141679546625456,0,67.4909840288511,631,4.942
HOUSEHOLD_2_064,HOUSEHOLD_2,HOUSEHOLD,998,0.5141679546625461,0,66.76970633693972,645,3.87
FOODS_3_323,FOODS_3,FOODS,996,0.5131375579598179,0,72.79752704791345,528,2.48
FOODS_3_437,FOODS_3,FOODS,996,0.5131375579598246,0,73.15816589386914,521,1
FOODS_3_272,FOODS_3,FOODS,994,0.5121071612570847,0,63.317877382792375,712,9.513793556870477
FOODS_2_234,FOODS_2,FOODS,991,0.5105615662029827,0,73.77640391550747,509,2.843459595959594
FOODS_2_295,FOODS_2,FOODS,991,0.5105615662029852,0,71.45801133436372,554,12.950185471406492
FOODS_3_495,FOODS_3,FOODS,991,0.5105615662029885,0,68.83049974240082,605,2.1848138572905897
HOUSEHOLD_2_025,HOUSEHOLD_2,HOUSEHOLD,984,0.5069551777434306,0,64.50283359093251,689,5.442952086553324
FOODS_2_050,FOODS_2,FOODS,983,0.5064399793920653,0,82.58629572385368,338,1
HOUSEHOLD_2_241,HOUSEHOLD_2,HOUSEHOLD,983,0.506439979392065,0,69.44873776403917,593,4.975270479134467
HOBBIES_1_146,HOBBIES_1,HOBBIES,981,0.5054095826893346,0,66.20298815043792,656,4.679103554868624
FOODS_1_176,FOODS_1,FOODS,980,0.5048943843379682,0,73.36424523441525,517,3.2290279214064146
FOODS_1_198,FOODS_1,FOODS,980,0.5048943843379677,0,73.87944358578052,507,2.519155074703762
FOODS_2_358,FOODS_2,FOODS,980,0.5048943843379691,0,70.94281298299846,564,2.6499175682637808
FOODS_3_506,FOODS_3,FOODS,978,0.5038639876352373,0,66.25450798557445,655,3.98
FOODS_2_238,FOODS_2,FOODS,974,0.5018031942297867,0,75.27047913446677,480,1.6380900750625524
HOUSEHOLD_2_439,HOUSEHOLD_2,HOUSEHOLD,972,0.5007727975270475,0,69.75785677485831,587,5.721962905718698
FOODS_3_445,FOODS_3,FOODS,971,0.5002575991756855,0,78.05255023183926,426,2.48
HOUSEHOLD_1_230,HOUSEHOLD_1,HOUSEHOLD,971,0.5002575991756826,0,66.15146831530139,657,3.251437403400308
HOUSEHOLD_1_456,HOUSEHOLD_1,HOUSEHOLD,971,0.5002575991756916,0,73.93096342091705,506,6.97
HOBBIES_1_115,HOBBIES_1,HOBBIES,970,0.499742400824313,0,79.85574446161773,391,0.6900412201154162
HOUSEHOLD_1_014,HOUSEHOLD_1,HOUSEHOLD,970,0.49974240082431753,0,66.40906749098403,652,17.97
FOODS_3_487,FOODS_3,FOODS,969,0.4992272024729347,0,76.30087583719732,460,1.68
FOODS_2_208,FOODS_2,FOODS,968,0.4987120041215844,0,69.96393611540444,583,7.086027820710975
FOODS_3_170,FOODS_3,FOODS,968,0.4987120041215755,0,73.93096342091705,506,1.98
FOODS_3_791,FOODS_3,FOODS,966,0.4976816074188574,0,71.5610510046368,552,2.5
HOBBIES_1_111,HOBBIES_1,HOBBIES,966,0.49768160741885453,0,72.64296754250387,531,3.0858938691396185
FOODS_3_379,FOODS_3,FOODS,965,0.4971664090674857,0,80.57702215352911,377,2.206202445652175
HOUSEHOLD_2_068,HOUSEHOLD_2,HOUSEHOLD,965,0.4971664090674926,0,68.72746007212777,607,2.88
FOODS_2_230,FOODS_2,FOODS,964,0.49665121071612733,0,71.45801133436372,554,2.1774755280783102
HOUSEHOLD_1_261,HOUSEHOLD_1,HOUSEHOLD,964,0.49665121071612744,0,63.7300360638846,704,5.99808022922636
HOUSEHOLD_2_288,HOUSEHOLD_2,HOUSEHOLD,964,0.4966512107161272,0,65.53323029366305,669,3.897511591962906
HOUSEHOLD_2_513,HOUSEHOLD_2,HOUSEHOLD,963,0.49613601236475324,0,73.00360638845956,524,2.78
FOODS_2_223,FOODS_2,FOODS,962,0.49562081401339714,0,73.77640391550747,509,2.1729963138493944
HOUSEHOLD_2_284,HOUSEHOLD_2,HOUSEHOLD,961,0.49510561566203115,0,64.8634724368882,682,6.203771251931993
FOODS_3_375,FOODS_3,FOODS,958,0.4935600206079362,0,76.2493560020608,461,1.809242658423492
HOBBIES_1_232,HOBBIES_1,HOBBIES,958,0.49356002060793314,0,86.60484286450283,260,0.47584980237154145
FOODS_3_426,FOODS_3,FOODS,957,0.4930448222565651,0,70.01545595054097,582,2.973838630806846
FOODS_2_045,FOODS_2,FOODS,956,0.4925296239052009,0,72.79752704791345,528,6.901757877280265
FOODS_1_109,FOODS_1,FOODS,954,0.4914992272024755,0,72.07624935600207,542,2.231653655074521
HOBBIES_1_326,HOBBIES_1,HOBBIES,953,0.4909840288511088,0,66.61514683153014,648,1.970252447192169
HOBBIES_1_399,HOBBIES_1,HOBBIES,953,0.4909840288511099,0,65.2241112828439,675,1.9680167890870934
FOODS_2_105,FOODS_2,FOODS,952,0.49046883049973544,0,72.53992787223082,533,3.103564899451556
HOUSEHOLD_1_305,HOUSEHOLD_1,HOUSEHOLD,952,0.49046883049974677,0,71.973209685729,544,2.97
HOUSEHOLD_2_366,HOUSEHOLD_2,HOUSEHOLD,952,0.4904688304997421,0,65.06955177743431,678,3.833163317877384
HOUSEHOLD_2_485,HOUSEHOLD_2,HOUSEHOLD,950,0.48943843379701146,0,72.59144770736734,532,6.97
HOUSEHOLD_1_342,HOUSEHOLD_1,HOUSEHOLD,948,0.48840803709427494,0,72.28232869654818,538,17.97
HOUSEHOLD_1_280,HOUSEHOLD_1,HOUSEHOLD,946,0.4873776403915511,0,65.7908294693457,664,4.97
FOODS_3_016,FOODS_3,FOODS,938,0.48325605358062085,0,81.40133951571354,361,2.98
FOODS_3_556,FOODS_3,FOODS,938,0.48325605358062756,0,74.29160226687274,499,2.5310767645543537
FOODS_3_650,FOODS_3,FOODS,938,0.4832560535806205,0,73.05512622359609,523,2.98
FOODS_3_698,FOODS_3,FOODS,937,0.4827408552292551,0,79.13446676970634,405,1
HOBBIES_1_034,HOBBIES_1,HOBBIES,937,0.48274085522926186,0,68.16074188562597,618,4.679172699069286
HOUSEHOLD_1_192,HOUSEHOLD_1,HOUSEHOLD,937,0.4827408552292619,0,63.06027820710973,717,3.62
HOUSEHOLD_1_499,HOUSEHOLD_1,HOUSEHOLD,936,0.4822256568779014,0,68.6244204018547,609,3.963675333801827
HOBBIES_1_187,HOBBIES_1,HOBBIES,935,0.4817104585265336,0,68.36682122617208,614,7.041257083977332
HOUSEHOLD_1_455,HOUSEHOLD_1,HOUSEHOLD,935,0.48171045852652805,0,74.1885625965997,501,2.97
FOODS_1_002,FOODS_1,FOODS,934,0.4811952601751701,0,66.51210716125708,650,8.928222565687797
FOODS_3_010,FOODS_3,FOODS,934,0.4811952601751642,0,71.71561051004637,549,2.8004484304932737
FOODS_3_543,FOODS_3,FOODS,934,0.48119526017516523,0,68.52138073158166,611,3.798714061683221
FOODS_2_202,FOODS_2,FOODS,933,0.480680061823807,0,65.27563111798042,674,3.140664605873262
FOODS_1_116,FOODS_1,FOODS,932,0.4801648634724356,0,75.3219989696033,479,2.5094178258629585
HOUSEHOLD_1_223,HOUSEHOLD_1,HOUSEHOLD,931,0.47964966512107304,0,70.63369397217929,570,9.47
HOBBIES_1_260,HOBBIES_1,HOBBIES,930,0.4791344667697103,0,67.80010303967026,625,12.810762711864408
HOUSEHOLD_2_113,HOUSEHOLD_2,HOUSEHOLD,930,0.4791344667697056,0,67.02730551262236,640,1.88
FOODS_2_250,FOODS_2,FOODS,929,0.4786192684183344,0,79.23750643997938,403,10.97
FOODS_3_564,FOODS_3,FOODS,926,0.47707367336424533,0,80.21638330757341,384,1.8061070304302211
FOODS_1_009,FOODS_1,FOODS,925,0.4765584750128747,0,74.08552292632665,503,2.4008819714656298
HOUSEHOLD_1_008,HOUSEHOLD_1,HOUSEHOLD,923,0.4755280783101499,0,67.59402369912416,629,5.426810073452254
FOODS_2_121,FOODS_2,FOODS,922,0.4750128799587778,0,77.69191138588356,433,1.6377397831526277
HOBBIES_1_025,HOBBIES_1,HOBBIES,922,0.4750128799587845,0,70.94281298299846,564,3.907888631090488
HOUSEHOLD_2_507,HOUSEHOLD_2,HOUSEHOLD,922,0.47501287995878516,0,67.95466254507986,622,6.97
HOUSEHOLD_1_074,HOUSEHOLD_1,HOUSEHOLD,920,0.473982483256055,0,66.46058732612056,651,4.99677737415672
FOODS_3_147,FOODS_3,FOODS,919,0.47346728490467865,0,87.89283874291603,235,3.471284403669724
HOUSEHOLD_1_431,HOUSEHOLD_1,HOUSEHOLD,919,0.47346728490468076,0,79.0829469345698,406,7.381573913043478
HOUSEHOLD_2_011,HOUSEHOLD_2,HOUSEHOLD,919,0.47346728490468143,0,66.82122617207625,644,5.627593688362919
HOUSEHOLD_2_016,HOUSEHOLD_2,HOUSEHOLD,919,0.47346728490468637,0,68.83049974240082,605,1.8122926326635775
HOUSEHOLD_2_426,HOUSEHOLD_2,HOUSEHOLD,919,0.4734672849046891,0,65.17259144770736,676,4.563846153846153
FOODS_2_338,FOODS_2,FOODS,917,0.47243688820194896,0,80.52550231839258,378,2.903105802047782
FOODS_3_658,FOODS_3,FOODS,915,0.4714064914992226,0,71.973209685729,544,2.8004484304932737
HOUSEHOLD_2_486,HOUSEHOLD_2,HOUSEHOLD,914,0.47089129314786127,0,65.53323029366305,669,5.945351602895553
FOODS_2_392,FOODS_2,FOODS,913,0.470376094796497,0,65.43019062339,671,4.98
FOODS_3_558,FOODS_3,FOODS,913,0.4703760947964923,0,68.6244204018547,609,3.0105821741370433
HOBBIES_1_173,HOBBIES_1,HOBBIES,913,0.4703760947964929,0,66.97578567748583,641,10.97
FOODS_2_229,FOODS_2,FOODS,912,0.4698608964451261,0,73.72488408037094,510,2.1766099948480164
HOUSEHOLD_2_282,HOUSEHOLD_2,HOUSEHOLD,912,0.46986089644512863,0,72.1277691911386,541,5.735775373518809
HOUSEHOLD_2_401,HOUSEHOLD_2,HOUSEHOLD,912,0.46986089644512496,0,73.77640391550747,509,3.33
HOUSEHOLD_2_030,HOUSEHOLD_2,HOUSEHOLD,911,0.46934569809376603,0,65.27563111798042,674,3.912658423493045
HOUSEHOLD_1_330,HOUSEHOLD_1,HOUSEHOLD,910,0.468830499742399,0,74.85832045337455,488,2.42
FOODS_3_049,FOODS_3,FOODS,909,0.46831530139103433,0,69.03657908294693,601,4.683330990864371
HOUSEHOLD_1_486,HOUSEHOLD_1,HOUSEHOLD,909,0.4683153013910329,0,68.6244204018547,609,18.09680321872714
FOODS_3_754,FOODS_3,FOODS,908,0.4678001030396659,0,76.60999484801648,454,6.077916310845431
HOBBIES_1_281,HOBBIES_1,HOBBIES,908,0.4678001030396697,0,69.86089644513137,585,4.188310387984982
FOODS_3_397,FOODS_3,FOODS,907,0.4672849046883049,0,65.94538897475528,661,1.9908191653786704
HOBBIES_1_412,HOBBIES_1,HOBBIES,907,0.46728490468830003,0,72.64296754250387,531,2.052808320950966
HOUSEHOLD_2_049,HOUSEHOLD_2,HOUSEHOLD,907,0.4672849046883015,0,70.2730551262236,577,3.42
HOUSEHOLD_2_297,HOUSEHOLD_2,HOUSEHOLD,907,0.4672849046883043,0,65.27563111798042,674,6.049422977846472
FOODS_2_132,FOODS_2,FOODS,906,0.46676970633693893,0,71.09737248840804,561,2.813815527538156
FOODS_2_236,FOODS_2,FOODS,905,0.46625450798557533,0,74.7552807831015,490,2.9915404430705816
FOODS_3_605,FOODS_3,FOODS,905,0.4662545079855756,0,73.20968572900567,520,2.6005894519131347
FOODS_2_301,FOODS_2,FOODS,904,0.4657393096342033,0,75.11591962905719,483,3.0923110151187907
HOUSEHOLD_1_227,HOUSEHOLD_1,HOUSEHOLD,904,0.46573930963421534,0,80.52550231839258,378,2.73
HOUSEHOLD_1_257,HOUSEHOLD_1,HOUSEHOLD,904,0.46573930963420335,0,70.06697578567749,581,5.203692699490662
FOODS_2_314,FOODS_2,FOODS,903,0.4652241112828401,0,68.88201957753736,604,4.858852908891327
FOODS_3_637,FOODS_3,FOODS,901,0.4641937145801086,0,72.9005667181865,526,2.973838630806846
FOODS_1_205,FOODS_1,FOODS,900,0.4636785162287465,0,69.29417825862957,596,4.96725732899023
FOODS_2_106,FOODS_2,FOODS,900,0.46367851622874606,0,68.67594023699124,608,5.328627717391304
FOODS_3_188,FOODS_3,FOODS,900,0.4636785162287445,0,71.87017001545595,546,1.98
HOUSEHOLD_1_415,HOUSEHOLD_1,HOUSEHOLD,900,0.4636785162287461,0,66.46058732612056,651,12.568005617977528
HOBBIES_1_255,HOBBIES_1,HOBBIES,897,0.4621329211746486,0,80.26790314270994,383,1.88
HOBBIES_2_043,HOBBIES_2,HOBBIES,897,0.4621329211746481,0,77.84647089129315,430,0.97
HOUSEHOLD_1_317,HOUSEHOLD_1,HOUSEHOLD,897,0.4621329211746482,0,79.85574446161773,391,1.96
HOUSEHOLD_1_058,HOUSEHOLD_1,HOUSEHOLD,896,0.46161772282328395,0,73.77640391550747,509,6.48
HOUSEHOLD_1_403,HOUSEHOLD_1,HOUSEHOLD,896,0.46161772282328606,0,66.76970633693972,645,4.000235030777841
FOODS_3_550,FOODS_3,FOODS,895,0.4611025244719188,0,73.31272539927872,518,2.9732681336593316
FOODS_3_736,FOODS_3,FOODS,894,0.460587326120556,0,78.72230808861411,413,1.8300154559505408
HOBBIES_1_193,HOBBIES_1,HOBBIES,894,0.46058732612055603,0,69.86089644513137,585,8.752091705306542
FOODS_2_163,FOODS_2,FOODS,893,0.4600721277691896,0,71.09737248840804,561,2.834420401854714
HOBBIES_1_238,HOBBIES_1,HOBBIES,892,0.4595569294178251,0,64.8634724368882,682,5.9130242143225145
HOUSEHOLD_1_102,HOUSEHOLD_1,HOUSEHOLD,892,0.45955692941782317,0,74.1885625965997,501,17.97
HOUSEHOLD_2_145,HOUSEHOLD_2,HOUSEHOLD,891,0.45904173106645946,0,69.19113858835651,598,3.97
HOUSEHOLD_1_375,HOUSEHOLD_1,HOUSEHOLD,890,0.4585265327150943,0,66.3575476558475,653,7.97
HOUSEHOLD_1_290,HOUSEHOLD_1,HOUSEHOLD,887,0.45698093766099807,0,72.64296754250387,531,9.866835176408637
HOUSEHOLD_1_424,HOUSEHOLD_1,HOUSEHOLD,887,0.45698093766099834,0,66.46058732612056,651,2.9698885941644564
HOBBIES_1_098,HOBBIES_1,HOBBIES,886,0.45646573930963313,0,67.80010303967026,625,14.922421432251424
HOBBIES_1_088,HOBBIES_1,HOBBIES,885,0.4559505409582682,0,74.80680061823803,489,2.57
HOBBIES_1_109,HOBBIES_1,HOBBIES,885,0.45595054095826826,0,63.9361154044307,700,6.097599999999999
HOUSEHOLD_1_356,HOUSEHOLD_1,HOUSEHOLD,884,0.45543534260690316,0,76.66151468315302,453,5.96
HOUSEHOLD_2_250,HOUSEHOLD_2,HOUSEHOLD,884,0.45543534260690316,0,66.82122617207625,644,6.963534260690365
FOODS_1_017,FOODS_1,FOODS,883,0.4549201442555382,0,74.29160226687274,499,2.363035830618891
HOBBIES_1_264,HOBBIES_1,HOBBIES,883,0.4549201442555382,0,66.87274600721278,643,4.47
FOODS_2_018,FOODS_2,FOODS,882,0.4544049459041732,0,72.02472952086553,543,7.095368366821226
FOODS_2_110,FOODS_2,FOODS,881,0.4538897475528082,0,78.72230808861411,413,2.38
FOODS_3_419,FOODS_3,FOODS,881,0.45388974755280814,0,80.7315816589387,374,2.7693440000000002
HOUSEHOLD_2_416,HOUSEHOLD_2,HOUSEHOLD,880,0.45337454920144304,0,69.39721792890263,594,3.2527666151468315
FOODS_2_205,FOODS_2,FOODS,879,0.4528593508500782,0,73.57032457496136,513,2.861141407736208
HOUSEHOLD_2_035,HOUSEHOLD_2,HOUSEHOLD,878,0.4523441524987128,0,66.30602782071098,654,6.202807652533609
FOODS_3_084,FOODS_3,FOODS,877,0.45182895414734786,0,80.83462132921174,372,1.9572885283893395
HOUSEHOLD_1_394,HOUSEHOLD_1,HOUSEHOLD,876,0.4513137557959826,0,71.45801133436372,554,4.88
HOUSEHOLD_2_490,HOUSEHOLD_2,HOUSEHOLD,876,0.4513137557959717,0,78.41318907779495,419,3.48
FOODS_1_025,FOODS_1,FOODS,873,0.4497681607418879,0,71.92168985059247,545,4.105258620689654
HOUSEHOLD_2_183,HOUSEHOLD_2,HOUSEHOLD,873,0.4497681607418868,0,63.9361154044307,700,4.814204018547139
HOUSEHOLD_2_246,HOUSEHOLD_2,HOUSEHOLD,873,0.44976816074188525,0,65.01803194229778,679,7.87
HOUSEHOLD_2_427,HOUSEHOLD_2,HOUSEHOLD,872,0.44925296239052165,0,67.43946419371458,632,3.2823699124162817
FOODS_3_001,FOODS_3,FOODS,871,0.44873776403915644,0,71.50953116950026,553,2.4888923235445644
HOUSEHOLD_2_096,HOUSEHOLD_2,HOUSEHOLD,871,0.44873776403915716,0,70.37609479649664,575,3.47
HOUSEHOLD_2_477,HOUSEHOLD_2,HOUSEHOLD,870,0.44822256568779273,0,79.28902627511592,402,5.9106995515695075
FOODS_3_153,FOODS_3,FOODS,869,0.4477073673364261,0,81.50437918598661,359,1.7869656377402436
FOODS_3_425,FOODS_3,FOODS,867,0.4466769706336979,0,74.0340030911901,504,2.48
HOUSEHOLD_2_379,HOUSEHOLD_2,HOUSEHOLD,866,0.4461617722823322,0,68.83049974240082,605,4.40321483771252
HOUSEHOLD_2_062,HOUSEHOLD_2,HOUSEHOLD,865,0.4456465739309646,0,70.42761463163319,574,2.9214631633178776
HOUSEHOLD_1_012,HOUSEHOLD_1,HOUSEHOLD,864,0.44513137557960164,0,77.48583204533746,437,3.9179583333333334
HOBBIES_2_115,HOBBIES_2,HOBBIES,863,0.4446161772282377,0,71.04585265327151,562,2.4971458117890397
HOUSEHOLD_2_093,HOUSEHOLD_2,HOUSEHOLD,862,0.4441009788768693,0,72.23080886141165,539,3.227838676318511
FOODS_3_539,FOODS_3,FOODS,861,0.44358578052550524,0,75.99175682637815,466,2.7499415204678317
HOUSEHOLD_1_284,HOUSEHOLD_1,HOUSEHOLD,861,0.44358578052550823,0,75.11591962905719,483,4.95065071770335
HOBBIES_1_058,HOBBIES_1,HOBBIES,860,0.44307058217413653,0,67.90314270994332,623,8.421622874806804
HOUSEHOLD_2_335,HOUSEHOLD_2,HOUSEHOLD,858,0.4420401854714044,0,78.67078825347758,414,6.24
FOODS_2_272,FOODS_2,FOODS,857,0.4415249871200454,0,78.516228748068,417,2.04974145120934
HOBBIES_1_239,HOBBIES_1,HOBBIES,857,0.44152498712004185,0,73.15816589386914,521,2.97
FOODS_1_199,FOODS_1,FOODS,856,0.44100978876867547,0,78.20710973724884,423,5.493155201819215
HOBBIES_1_252,HOBBIES_1,HOBBIES,854,0.43997939206594505,0,84.44100978876867,302,0.6846310432569974
HOUSEHOLD_1_228,HOUSEHOLD_1,HOUSEHOLD,853,0.4394641937145802,0,68.72746007212777,607,9.378496732026143
FOODS_2_320,FOODS_2,FOODS,852,0.43894899536322207,0,78.92838742916022,409,1.8484007707129098
HOUSEHOLD_1_120,HOUSEHOLD_1,HOUSEHOLD,852,0.4389489953632152,0,65.94538897475528,661,4.47
FOODS_1_119,FOODS_1,FOODS,851,0.4384337970118504,0,72.84904688304998,527,3.330973724884076
HOUSEHOLD_1_200,HOUSEHOLD_1,HOUSEHOLD,850,0.43791859866049054,0,70.73673364245235,568,1.9925000000000002
FOODS_1_122,FOODS_1,FOODS,846,0.435857805255022,0,81.8650180319423,352,1.98
HOBBIES_1_119,HOBBIES_1,HOBBIES,846,0.4358578052550306,0,80.370942812983,381,1.77
FOODS_2_269,FOODS_2,FOODS,841,0.4332818134981985,0,72.84904688304998,527,2.860076775431863
FOODS_3_266,FOODS_3,FOODS,841,0.4332818134981985,0,70.63369397217929,570,3.7935912179822258
FOODS_1_186,FOODS_1,FOODS,840,0.43276661514683984,0,69.60329726944875,590,5.98
FOODS_1_158,FOODS_1,FOODS,839,0.43225141679546725,0,69.86089644513137,585,4.67730282962071
FOODS_3_780,FOODS_3,FOODS,839,0.4322514167954773,0,82.38021638330757,342,2.98
HOUSEHOLD_2_015,HOUSEHOLD_2,HOUSEHOLD,839,0.432251416795466,0,68.98505924781041,602,4.404529472595658
HOUSEHOLD_1_035,HOUSEHOLD_1,HOUSEHOLD,837,0.4312210200927341,0,69.60329726944875,590,4.63
FOODS_3_600,FOODS_3,FOODS,836,0.4307058217413699,0,75.42503863987635,477,2.5030260869565217
FOODS_3_522,FOODS_3,FOODS,835,0.4301906233900027,0,78.36166924265842,420,2.6349304482225664
HOUSEHOLD_2_457,HOUSEHOLD_2,HOUSEHOLD,835,0.4301906233900058,0,68.46986089644514,612,6.47
FOODS_3_452,FOODS_3,FOODS,834,0.42967542503864053,0,69.75785677485831,587,4.991107676455436
HOUSEHOLD_1_428,HOUSEHOLD_1,HOUSEHOLD,833,0.4291602266872758,0,67.23338485316846,636,7.97
HOUSEHOLD_1_509,HOUSEHOLD_1,HOUSEHOLD,833,0.4291602266872803,0,80.42246264811953,380,3.0714970059880233
HOBBIES_1_206,HOBBIES_1,HOBBIES,831,0.4281298299845513,0,78.516228748068,417,2.966019417475729
FOODS_3_055,FOODS_3,FOODS,830,0.4276146316331789,0,73.67336424523442,511,3.2938237159162926
HOUSEHOLD_1_244,HOUSEHOLD_1,HOUSEHOLD,830,0.42761463163317653,0,73.77640391550747,509,3.190588235294118
FOODS_2_336,FOODS_2,FOODS,828,0.4265842349304501,0,76.35239567233386,459,2.611226472374013
HOUSEHOLD_1_224,HOUSEHOLD_1,HOUSEHOLD,828,0.4265842349304494,0,70.8397733127254,566,8.29093250901597
HOBBIES_1_247,HOBBIES_1,HOBBIES,827,0.42606903657909134,0,76.8160741885626,450,16.88
FOODS_2_273,FOODS_2,FOODS,826,0.4255538382277152,0,76.60999484801648,454,2.8191982323232323
FOODS_3_210,FOODS_3,FOODS,826,0.42555383822771575,0,72.43688820195774,535,2.0608228268082285
HOUSEHOLD_1_010,HOUSEHOLD_1,HOUSEHOLD,826,0.425553838227725,0,78.20710973724884,423,3.0715096618357487
FOODS_3_229,FOODS_3,FOODS,822,0.423493044822261,0,75.47655847501288,476,3.6327149321266954
HOUSEHOLD_1_208,HOUSEHOLD_1,HOUSEHOLD,822,0.4234930448222563,0,81.60741885625966,357,0.9357677902621724
FOODS_1_135,FOODS_1,FOODS,820,0.42246264811952633,0,75.63111798042246,473,2.5086965481710464
HOUSEHOLD_1_407,HOUSEHOLD_1,HOUSEHOLD,820,0.4224626481195264,0,72.17928902627511,540,5.182625838926174
HOBBIES_2_028,HOBBIES_2,HOBBIES,819,0.42194744976816057,0,76.76455435342608,451,0.8338159255429171
HOUSEHOLD_1_077,HOUSEHOLD_1,HOUSEHOLD,819,0.42194744976816645,0,73.93096342091705,506,6.47317033414833
FOODS_3_518,FOODS_3,FOODS,818,0.4214322514168022,0,74.1885625965997,501,2.88
HOUSEHOLD_2_159,HOUSEHOLD_2,HOUSEHOLD,817,0.42091705306543153,0,69.80937660999484,586,3.9437446351931333
FOODS_2_066,FOODS_2,FOODS,816,0.42040185471406477,0,68.21226172076248,617,5.827449768160742
HOUSEHOLD_2_329,HOUSEHOLD_2,HOUSEHOLD,815,0.4198866563626944,0,70.37609479649664,575,2.8038485316846984
FOODS_3_315,FOODS_3,FOODS,814,0.419371458011331,0,82.17413704276146,346,1.7986168224299064
FOODS_3_380,FOODS_3,FOODS,813,0.418856259659969,0,68.98505924781041,602,1.9911798042246267
HOUSEHOLD_2_052,HOUSEHOLD_2,HOUSEHOLD,813,0.41885625965996914,0,69.44873776403917,593,5.137697063369394
HOUSEHOLD_1_360,HOUSEHOLD_1,HOUSEHOLD,812,0.41834106130860454,0,67.33642452344154,634,3.966455435342607
HOUSEHOLD_2_488,HOUSEHOLD_2,HOUSEHOLD,812,0.4183410613086043,0,67.43946419371458,632,4.915651725914481
FOODS_3_414,FOODS_3,FOODS,811,0.41782586295723745,0,77.69191138588356,433,5.083715953307393
HOUSEHOLD_1_229,HOUSEHOLD_1,HOUSEHOLD,811,0.4178258629572393,0,70.63369397217929,570,2.9262348604528707
HOUSEHOLD_1_518,HOUSEHOLD_1,HOUSEHOLD,811,0.41782586295724855,0,77.17671303451829,443,6.97
HOUSEHOLD_2_045,HOUSEHOLD_2,HOUSEHOLD,811,0.4178258629572368,0,71.20041215868109,559,8.369304482225658
HOBBIES_1_308,HOBBIES_1,HOBBIES,810,0.4173106646058707,0,72.84904688304998,527,11.260979827089336
FOODS_1_068,FOODS_1,FOODS,809,0.41679546625451375,0,78.87686759402371,410,3.58
FOODS_1_129,FOODS_1,FOODS,809,0.4167954662545054,0,73.57032457496136,513,5.974415249871205
HOUSEHOLD_2_373,HOUSEHOLD_2,HOUSEHOLD,809,0.4167954662545055,0,71.4064914992272,555,4.6680655391120505
FOODS_2_108,FOODS_2,FOODS,808,0.41628026790314526,0,74.0340030911901,504,3.098893690579084
HOUSEHOLD_1_380,HOUSEHOLD_1,HOUSEHOLD,807,0.41576506955178405,0,74.1885625965997,501,4.57
HOUSEHOLD_2_417,HOUSEHOLD_2,HOUSEHOLD,807,0.4157650695517783,0,68.10922205048944,619,3.97
HOBBIES_1_411,HOBBIES_1,HOBBIES,806,0.41524987120041273,0,70.37609479649664,575,1.3326429675425038
FOODS_3_057,FOODS_3,FOODS,804,0.41421947449768176,0,74.49768160741885,495,2.7623342939481264
HOUSEHOLD_2_479,HOUSEHOLD_2,HOUSEHOLD,803,0.413704276146315,0,72.3338485316847,537,5.913711283185842
HOUSEHOLD_2_354,HOUSEHOLD_2,HOUSEHOLD,800,0.412158681092219,0,74.96136012364761,486,0.97
FOODS_1_169,FOODS_1,FOODS,799,0.41164348274085394,0,78.41318907779495,419,3.2926869806094174
HOUSEHOLD_2_237,HOUSEHOLD_2,HOUSEHOLD,799,0.41164348274085383,0,75.06439979392066,484,5.94
FOODS_3_221,FOODS_3,FOODS,797,0.41061308603813745,0,79.03142709943329,407,4.98
FOODS_3_204,FOODS_3,FOODS,796,0.4100978876867592,0,78.87686759402371,410,2.48
HOBBIES_1_143,HOBBIES_1,HOBBIES,796,0.4100978876867589,0,70.53065430190624,572,8.754940752189592
FOODS_2_260,FOODS_2,FOODS,795,0.4095826893353938,0,74.1885625965997,501,2.822875960482984
FOODS_2_386,FOODS_2,FOODS,795,0.4095826893353938,0,76.09479649665121,464,2.8414074550128543
HOBBIES_2_053,HOBBIES_2,HOBBIES,795,0.4095826893353938,0,72.59144770736734,532,4.952555089192026
FOODS_3_453,FOODS_3,FOODS,794,0.40906749098402884,0,71.87017001545595,546,2.7904678362573088
HOUSEHOLD_1_454,HOUSEHOLD_1,HOUSEHOLD,794,0.40906749098402884,0,71.5610510046368,552,2.97
HOUSEHOLD_2_443,HOUSEHOLD_2,HOUSEHOLD,794,0.40906749098402884,0,69.13961875321999,599,4.659062339000515
HOUSEHOLD_2_444,HOUSEHOLD_2,HOUSEHOLD,793,0.40855229263266385,0,70.68521380731582,569,6.442436888201958
HOUSEHOLD_1_337,HOUSEHOLD_1,HOUSEHOLD,791,0.4075218959299339,0,70.89129314786192,565,4.97
HOUSEHOLD_2_248,HOUSEHOLD_2,HOUSEHOLD,791,0.40752189592992544,0,82.01957753735188,349,9.05659793814433
HOUSEHOLD_2_295,HOUSEHOLD_2,HOUSEHOLD,790,0.40700669757856794,0,69.03657908294693,601,5.97
FOODS_2_302,FOODS_2,FOODS,786,0.40494590417310794,0,77.27975270479135,441,10.87861725663717
HOUSEHOLD_1_525,HOUSEHOLD_1,HOUSEHOLD,786,0.4049459041731075,0,70.94281298299846,564,4.044054611025245
HOUSEHOLD_2_178,HOUSEHOLD_2,HOUSEHOLD,785,0.40443070582174134,0,70.11849562081402,580,6.969430244941427
FOODS_3_044,FOODS_3,FOODS,783,0.40340030911900543,0,79.70118495620814,394,2.88
HOUSEHOLD_1_495,HOUSEHOLD_1,HOUSEHOLD,783,0.4034003091190027,0,74.85832045337455,488,3.6022696411251203
FOODS_2_070,FOODS_2,FOODS,782,0.4028851107676464,0,80.57702215352911,377,6.009955654101995
HOUSEHOLD_1_477,HOUSEHOLD_1,HOUSEHOLD,781,0.4023699124162799,0,75.3219989696033,479,13.07063884595569
HOUSEHOLD_2_312,HOUSEHOLD_2,HOUSEHOLD,780,0.40185471406490303,0,80.01030396702731,388,3.97
FOODS_3_018,FOODS_3,FOODS,779,0.40133951571353943,0,79.70118495620814,394,4.505532503457815
HOBBIES_2_007,HOBBIES_2,HOBBIES,778,0.400824317362187,0,75.27047913446677,480,0.97
FOODS_3_218,FOODS_3,FOODS,777,0.40030911901081295,0,79.13446676970634,405,2
HOUSEHOLD_1_417,HOUSEHOLD_1,HOUSEHOLD,777,0.4003091190108184,0,71.61257083977331,551,5.48
HOUSEHOLD_2_424,HOUSEHOLD_2,HOUSEHOLD,777,0.4003091190108186,0,68.88201957753736,604,2.88
HOBBIES_1_038,HOBBIES_1,HOBBIES,774,0.39876352395672293,0,68.93353941267388,603,3.211164348274086
HOBBIES_1_223,HOBBIES_1,HOBBIES,774,0.39876352395671677,0,87.53219989696032,242,1.0479796264855687
HOUSEHOLD_2_247,HOUSEHOLD_2,HOUSEHOLD,773,0.39824832560535783,0,69.96393611540444,583,3.97
FOODS_2_005,FOODS_2,FOODS,772,0.3977331272539984,0,72.02472952086553,543,3.7926429675425037
HOUSEHOLD_1_024,HOUSEHOLD_1,HOUSEHOLD,772,0.3977331272539921,0,73.87944358578052,507,1.47
HOBBIES_1_139,HOBBIES_1,HOBBIES,771,0.39721792890261937,0,78.56774858320453,416,2.5932530120481925
HOUSEHOLD_2_505,HOUSEHOLD_2,HOUSEHOLD,771,0.3972179289026278,0,69.39721792890263,594,4.961023784901758
FOODS_2_305,FOODS_2,FOODS,770,0.39670273055126276,0,70.11849562081402,580,8.88062339000515
HOUSEHOLD_1_390,HOUSEHOLD_1,HOUSEHOLD,770,0.39670273055125205,0,77.79495105615662,431,1.88
HOBBIES_1_225,HOBBIES_1,HOBBIES,769,0.3961875321998983,0,68.72746007212777,607,30.50555944055944
HOBBIES_2_032,HOBBIES_2,HOBBIES,769,0.39618753219989544,0,77.84647089129315,430,0.9813601236476042
FOODS_1_072,FOODS_1,FOODS,768,0.39567233384853256,0,74.44616177228232,496,4.880015974440893
HOBBIES_1_073,HOBBIES_1,HOBBIES,768,0.3956723338485322,0,68.0577022153529,620,5.357076180257512
HOUSEHOLD_1_420,HOUSEHOLD_1,HOUSEHOLD,768,0.3956723338485266,0,76.60999484801648,454,6.441040462427746
FOODS_2_041,FOODS_2,FOODS,767,0.39515713549716647,0,73.4672849046883,515,3.7578722308088595
FOODS_2_265,FOODS_2,FOODS,767,0.3951571354971649,0,76.40391550747037,458,3.6305782575173473
FOODS_3_554,FOODS_3,FOODS,767,0.39515713549716563,0,72.43688820195774,535,3.7968844746471517
HOBBIES_1_392,HOBBIES_1,HOBBIES,766,0.39464193714579365,0,77.17671303451829,443,12.98
HOUSEHOLD_2_345,HOUSEHOLD_2,HOUSEHOLD,765,0.39412673879443594,0,69.39721792890263,594,5.84
HOUSEHOLD_1_231,HOUSEHOLD_1,HOUSEHOLD,763,0.3930963420916999,0,76.30087583719732,460,2.9678954248366014
HOBBIES_1_012,HOBBIES_1,HOBBIES,761,0.3920659453889719,0,68.83049974240082,605,6.468645028335908
HOUSEHOLD_1_472,HOUSEHOLD_1,HOUSEHOLD,760,0.39155074703760834,0,68.83049974240082,605,4.82
FOODS_3_275,FOODS_3,FOODS,759,0.39103554868623985,0,83.51365275631119,320,2.5030344827586206
FOODS_3_145,FOODS_3,FOODS,758,0.39052035033487753,0,70.01545595054097,582,2.8505687693898665
FOODS_3_402,FOODS_3,FOODS,758,0.39052035033488197,0,75.27047913446677,480,5.460914144533659
HOBBIES_1_220,HOBBIES_1,HOBBIES,757,0.3900051519835138,0,77.0221535291087,446,3.098876867594023
HOUSEHOLD_2_231,HOUSEHOLD_2,HOUSEHOLD,757,0.3900051519835129,0,69.80937660999484,586,3.969917568263782
HOUSEHOLD_2_041,HOUSEHOLD_2,HOUSEHOLD,756,0.389489953632148,0,70.47913446676971,573,5.327393096342091
HOBBIES_1_414,HOBBIES_1,HOBBIES,754,0.3884595569294176,0,70.94281298299846,564,7.156888201957752
HOUSEHOLD_1_363,HOUSEHOLD_1,HOUSEHOLD,752,0.38742916022669033,0,73.05512622359609,523,2.97
FOODS_3_639,FOODS_3,FOODS,751,0.38691396187531857,0,80.7315816589387,374,1.98
HOUSEHOLD_1_492,HOUSEHOLD_1,HOUSEHOLD,751,0.3869139618753217,0,70.32457496136011,576,3.981530139103555
FOODS_2_334,FOODS_2,FOODS,750,0.386398763523956,0,78.3101494075219,421,10.884371460928659
HOUSEHOLD_1_255,HOUSEHOLD_1,HOUSEHOLD,750,0.38639876352395675,0,72.23080886141165,539,9.363972179289027
FOODS_3_528,FOODS_3,FOODS,749,0.3858835651725917,0,71.973209685729,544,4.991107676455436
FOODS_2_113,FOODS_2,FOODS,748,0.38536836682122094,0,77.89799072642968,429,2.8607101355713356
FOODS_2_270,FOODS_2,FOODS,748,0.38536836682122,0,85.26532715095311,286,3.442388185654009
HOUSEHOLD_1_493,HOUSEHOLD_1,HOUSEHOLD,748,0.3853683668212265,0,72.6944873776404,530,2.7442812982998457
HOUSEHOLD_1_531,HOUSEHOLD_1,HOUSEHOLD,748,0.3853683668212257,0,70.73673364245235,568,8.382118551042806
FOODS_2_037,FOODS_2,FOODS,746,0.384337970118496,0,71.35497166409067,556,7.349675425038639
FOODS_3_036,FOODS_3,FOODS,746,0.3843379701184875,0,77.22823286965482,442,2.88
HOBBIES_1_352,HOBBIES_1,HOBBIES,746,0.38433797011848736,0,78.20710973724884,423,2.5917896865520724
FOODS_3_642,FOODS_3,FOODS,745,0.3838227717671217,0,75.52807831014941,475,3.2935368281353714
HOUSEHOLD_2_275,HOUSEHOLD_2,HOUSEHOLD,745,0.3838227717671315,0,70.32457496136011,576,5.183446676970633
HOUSEHOLD_2_374,HOUSEHOLD_2,HOUSEHOLD,745,0.38382277176712704,0,74.0340030911901,504,2.98
HOBBIES_1_160,HOBBIES_1,HOBBIES,743,0.3827923750643951,0,69.9124162802679,584,20.253314685314685
HOBBIES_2_029,HOBBIES_2,HOBBIES,743,0.3827923750644009,0,77.48583204533746,437,2.766372599896213
FOODS_2_169,FOODS_2,FOODS,742,0.38227717671303035,0,77.22823286965482,442,5.926913890634819
FOODS_3_341,FOODS_3,FOODS,742,0.3822771767130364,0,74.08552292632665,503,3.98
HOBBIES_1_069,HOBBIES_1,HOBBIES,742,0.3822771767130357,0,70.94281298299846,564,13.489124311083893
HOBBIES_1_126,HOBBIES_1,HOBBIES,742,0.3822771767130262,0,76.04327666151468,465,9.58
HOUSEHOLD_2_111,HOUSEHOLD_2,HOUSEHOLD,742,0.38227717671303535,0,79.54662545079856,397,6.448799587841319
FOODS_3_247,FOODS_3,FOODS,738,0.38021638330756624,0,75.99175682637815,466,4.8942031686859275
HOUSEHOLD_1_123,HOUSEHOLD_1,HOUSEHOLD,738,0.3802163833075696,0,74.65224111282845,492,8.97
HOUSEHOLD_2_344,HOUSEHOLD_2,HOUSEHOLD,737,0.37970118495620214,0,80.83462132921174,372,5.907874439461883
FOODS_1_053,FOODS_1,FOODS,736,0.37918598660484365,0,74.96136012364761,486,5.543626996393612
FOODS_3_137,FOODS_3,FOODS,735,0.3786707882534725,0,78.00103039670273,427,2.505773447015834
FOODS_3_647,FOODS_3,FOODS,734,0.3781555899021063,0,86.03812467800103,271,1.184390243902439
HOUSEHOLD_1_095,HOUSEHOLD_1,HOUSEHOLD,734,0.3781555899021105,0,71.30345182895414,557,6.162761463163323
HOUSEHOLD_2_155,HOUSEHOLD_2,HOUSEHOLD,733,0.3776403915507467,0,70.42761463163319,574,6.578140133951569
FOODS_3_244,FOODS_3,FOODS,732,0.3771251931993814,0,71.09737248840804,561,9.857547655847501
FOODS_3_152,FOODS_3,FOODS,728,0.3750643997939173,0,85.00772797527047,291,2.609525065963059
HOBBIES_1_121,HOBBIES_1,HOBBIES,727,0.3745492014425503,0,86.60484286450283,260,1.0476962025316459
HOUSEHOLD_2_118,HOUSEHOLD_2,HOUSEHOLD,726,0.3740340030911857,0,74.13704276146316,502,3.4217651694247437
HOUSEHOLD_2_472,HOUSEHOLD_2,HOUSEHOLD,726,0.3740340030911903,0,71.71561051004637,549,7.24855215360662
HOUSEHOLD_1_450,HOUSEHOLD_1,HOUSEHOLD,725,0.37351880473982,0,79.49510561566203,398,3.437313288069835
HOBBIES_1_334,HOBBIES_1,HOBBIES,721,0.37145801133435985,0,77.07367336424524,445,5.98
FOODS_3_709,FOODS_3,FOODS,718,0.3699124162802647,0,77.0221535291087,446,2.2284356435643566
FOODS_3_421,FOODS_3,FOODS,717,0.3693972179289009,0,83.77125193199382,315,2.48
HOUSEHOLD_1_213,HOUSEHOLD_1,HOUSEHOLD,716,0.36888201957753436,0,77.53735188047398,436,4.48
HOUSEHOLD_2_124,HOUSEHOLD_2,HOUSEHOLD,716,0.36888201957753514,0,73.31272539927872,518,5.200875837197321
FOODS_3_358,FOODS_3,FOODS,714,0.36785162287480455,0,76.66151468315302,453,2.88
HOUSEHOLD_1_311,HOUSEHOLD_1,HOUSEHOLD,713,0.36733642452343945,0,80.21638330757341,384,3.958943488943489
HOBBIES_2_120,HOBBIES_2,HOBBIES,712,0.3668212261720753,0,75.42503863987635,477,2.42311695002576
FOODS_2_286,FOODS_2,FOODS,711,0.36630602782070937,0,82.07109737248841,348,1.5618823529411763
HOUSEHOLD_1_396,HOUSEHOLD_1,HOUSEHOLD,708,0.36476043276661446,0,78.05255023183926,426,3.9726168224299068
HOUSEHOLD_2_452,HOUSEHOLD_2,HOUSEHOLD,708,0.36476043276661474,0,73.51880473982483,514,6.203771251931993
HOUSEHOLD_2_051,HOUSEHOLD_2,HOUSEHOLD,707,0.36424523441524953,0,75.94023699124163,467,9.951246780010305
HOUSEHOLD_2_226,HOUSEHOLD_2,HOUSEHOLD,707,0.36424523441524953,0,72.38536836682123,536,6.97
HOBBIES_1_183,HOBBIES_1,HOBBIES,705,0.36321483771251956,0,77.69191138588356,433,7.947796296296296
HOBBIES_1_386,HOBBIES_1,HOBBIES,705,0.36321483771251956,0,72.28232869654818,538,5.736012364760432
HOUSEHOLD_2_265,HOUSEHOLD_2,HOUSEHOLD,705,0.36321483771251956,0,73.51880473982483,514,4.97
HOUSEHOLD_1_207,HOUSEHOLD_1,HOUSEHOLD,702,0.3616692426584245,0,71.45801133436372,554,7.97
HOUSEHOLD_2_203,HOUSEHOLD_2,HOUSEHOLD,702,0.36166924265842465,0,77.84647089129315,430,2.97
HOUSEHOLD_2_285,HOUSEHOLD_2,HOUSEHOLD,699,0.36012364760432836,0,71.973209685729,544,4.67
FOODS_2_118,FOODS_2,FOODS,696,0.3585780525502342,0,77.27975270479135,441,3.0841158221303013
HOUSEHOLD_2_347,HOUSEHOLD_2,HOUSEHOLD,696,0.3585780525502319,0,71.92168985059247,545,9.201859866048434
FOODS_3_390,FOODS_3,FOODS,695,0.35806285419886985,0,80.06182380216383,387,1.7544214372716198
FOODS_2_161,FOODS_2,FOODS,694,0.35754765584750087,0,71.4064914992272,555,7.161067653276959
HOUSEHOLD_2_261,HOUSEHOLD_2,HOUSEHOLD,694,0.3575476558475001,0,74.24008243173623,500,7.109448737764039
FOODS_1_189,FOODS_1,FOODS,693,0.3570324574961387,0,81.04070066975785,368,2.3693802453195594
HOUSEHOLD_2_220,HOUSEHOLD_2,HOUSEHOLD,692,0.3565172591447707,0,73.15816589386914,521,7.1094126738794445
HOBBIES_1_140,HOBBIES_1,HOBBIES,689,0.3549716640906793,0,88.82019577537352,217,1.047266553480476
HOBBIES_2_042,HOBBIES_2,HOBBIES,689,0.35497166409067904,0,79.85574446161773,391,0.8827851458885939
HOUSEHOLD_2_050,HOUSEHOLD_2,HOUSEHOLD,688,0.35445646573930906,0,72.3338485316847,537,7.248443175921129
HOUSEHOLD_2_267,HOUSEHOLD_2,HOUSEHOLD,688,0.35445646573931355,0,77.48583204533746,437,1.9774952441344325
HOUSEHOLD_2_298,HOUSEHOLD_2,HOUSEHOLD,688,0.3544564657393135,0,74.1885625965997,501,3.4202158828064766
HOUSEHOLD_2_342,HOUSEHOLD_2,HOUSEHOLD,688,0.35445646573931333,0,75.52807831014941,475,0.97
HOBBIES_1_350,HOBBIES_1,HOBBIES,686,0.3534260690365827,0,76.14631633178773,463,3.000880989180834
HOUSEHOLD_1_451,HOUSEHOLD_1,HOUSEHOLD,686,0.353426069036584,0,75.57959814528593,474,7.045510471204189
HOUSEHOLD_2_228,HOUSEHOLD_2,HOUSEHOLD,686,0.35342606903657864,0,73.05512622359609,523,5.181488923235441
HOUSEHOLD_2_232,HOUSEHOLD_2,HOUSEHOLD,686,0.3534260690365834,0,73.93096342091705,506,4.6698011695906425
FOODS_3_268,FOODS_3,FOODS,683,0.3518804739824822,0,78.10407006697578,425,2.1816005567153796
FOODS_3_719,FOODS_3,FOODS,683,0.3518804739824833,0,80.11334363730036,386,2.3437483787289235
HOUSEHOLD_1_368,HOUSEHOLD_1,HOUSEHOLD,683,0.3518804739824834,0,72.59144770736734,532,8.523843379701185
HOUSEHOLD_1_412,HOUSEHOLD_1,HOUSEHOLD,682,0.35136527563111963,0,73.15816589386914,521,18.096157205240175
HOUSEHOLD_2_356,HOUSEHOLD_2,HOUSEHOLD,680,0.3503348789283883,0,72.43688820195774,535,9.828958333333334
HOUSEHOLD_1_037,HOUSEHOLD_1,HOUSEHOLD,679,0.3498196805770237,0,74.80680061823803,489,4.042947259565668
HOUSEHOLD_1_001,HOUSEHOLD_1,HOUSEHOLD,678,0.34930448222565574,0,72.9005667181865,526,6.098928387429163
HOBBIES_1_091,HOBBIES_1,HOBBIES,677,0.34878928387429814,0,87.63523956723338,240,0.6928913963328631
HOUSEHOLD_1_419,HOUSEHOLD_1,HOUSEHOLD,677,0.34878928387429564,0,75.16743946419372,482,8.89775652173913
FOODS_3_762,FOODS_3,FOODS,675,0.34775888717156145,0,76.71303451828955,452,3.6351107676455428
HOBBIES_1_031,HOBBIES_1,HOBBIES,675,0.3477588871715617,0,71.25193199381762,558,10.9776388168137
HOUSEHOLD_2_214,HOUSEHOLD_2,HOUSEHOLD,675,0.34775888717156184,0,72.74600721277692,529,6.94
HOUSEHOLD_2_003,HOUSEHOLD_2,HOUSEHOLD,674,0.3472436888201953,0,75.42503863987635,477,9.203771251931993
HOUSEHOLD_2_352,HOUSEHOLD_2,HOUSEHOLD,674,0.347243688820197,0,74.80680061823803,489,2.9646986089644516
FOODS_1_193,FOODS_1,FOODS,672,0.34621329211747226,0,84.23493044822257,306,4.700887629839472
FOODS_3_427,FOODS_3,FOODS,672,0.34621329211746904,0,81.91653786707882,351,2.48
FOODS_3_442,FOODS_3,FOODS,672,0.34621329211746593,0,80.9376609994848,370,2.48
HOUSEHOLD_1_326,HOUSEHOLD_1,HOUSEHOLD,672,0.34621329211746277,0,76.09479649665121,464,4.862699069286452
HOUSEHOLD_2_431,HOUSEHOLD_2,HOUSEHOLD,672,0.34621329211746343,0,73.87944358578052,507,9.47
HOUSEHOLD_2_281,HOUSEHOLD_2,HOUSEHOLD,670,0.34518289541473357,0,72.17928902627511,540,5.033060278207114
FOODS_2_064,FOODS_2,FOODS,669,0.3446676970633695,0,74.54920144255539,494,2.310005151983514
FOODS_3_110,FOODS_3,FOODS,664,0.3420917053065509,0,77.53735188047398,436,10.363842264914046
HOUSEHOLD_2_054,HOUSEHOLD_2,HOUSEHOLD,664,0.34209170530654237,0,75.27047913446677,480,4.85990211231324
HOBBIES_1_163,HOBBIES_1,HOBBIES,660,0.3400309119010823,0,73.98248325605358,505,9.42
FOODS_2_366,FOODS_2,FOODS,659,0.3395157135497175,0,77.58887171561051,435,2.808590963139119
HOBBIES_1_161,HOBBIES_1,HOBBIES,659,0.33951571354972016,0,87.17156105100463,249,0.691702395964691
FOODS_3_430,FOODS_3,FOODS,658,0.3390005151983439,0,81.45285935085008,360,5.98
HOBBIES_1_022,HOBBIES_1,HOBBIES,657,0.33848531684698735,0,73.15816589386914,521,7.142060793405461
FOODS_2_389,FOODS_2,FOODS,656,0.33797011849562153,0,76.04327666151468,465,12.943116950025777
HOBBIES_1_293,HOBBIES_1,HOBBIES,656,0.3379701184956214,0,76.19783616692428,462,3.6199887196841516
HOUSEHOLD_2_289,HOUSEHOLD_2,HOUSEHOLD,656,0.33797011849561803,0,81.50437918598661,359,5.913814616755793
HOUSEHOLD_1_527,HOUSEHOLD_1,HOUSEHOLD,655,0.3374549201442579,0,78.3101494075219,421,5.22915737298637
HOBBIES_1_303,HOBBIES_1,HOBBIES,654,0.336939721792891,0,78.10407006697578,425,8.902318392581142
HOUSEHOLD_2_279,HOUSEHOLD_2,HOUSEHOLD,654,0.3369397217928907,0,74.96136012364761,486,4.427566607460036
HOBBIES_2_117,HOBBIES_2,HOBBIES,652,0.3359093250901592,0,78.72230808861411,413,2.768552153606641
HOUSEHOLD_2_013,HOUSEHOLD_2,HOUSEHOLD,652,0.33590932509016047,0,75.83719732096857,469,5.9138126721763085
FOODS_3_416,FOODS_3,FOODS,651,0.3353941267387919,0,76.4554353426069,457,2.6630493273542606
HOBBIES_2_088,HOBBIES_2,HOBBIES,651,0.3353941267387956,0,76.66151468315302,453,2.7540909090909094
FOODS_2_088,FOODS_2,FOODS,650,0.334878928387429,0,76.50695517774344,456,7.020571870170014
FOODS_2_102,FOODS_2,FOODS,650,0.3348789283874349,0,83.41061308603813,322,10.97
HOUSEHOLD_2_238,HOUSEHOLD_2,HOUSEHOLD,650,0.33487892838742866,0,74.1885625965997,501,10.323759048603923
FOODS_2_069,FOODS_2,FOODS,649,0.334363730036061,0,73.31272539927872,518,9.41866666666667
HOBBIES_1_094,HOBBIES_1,HOBBIES,649,0.3343637300360642,0,76.40391550747037,458,12.958813468733299
HOUSEHOLD_2_391,HOUSEHOLD_2,HOUSEHOLD,649,0.33436373003606334,0,72.64296754250387,531,11.463544564657399
HOUSEHOLD_1_320,HOUSEHOLD_1,HOUSEHOLD,648,0.3338485316846959,0,77.33127253992788,440,4.478582608695652
FOODS_3_157,FOODS_3,FOODS,647,0.3333333333333401,0,81.60741885625966,357,3.0441061452513973
HOUSEHOLD_1_195,HOUSEHOLD_1,HOUSEHOLD,647,0.3333333333333305,0,75.27047913446677,480,3.88
HOUSEHOLD_1_442,HOUSEHOLD_1,HOUSEHOLD,647,0.33333333333333803,0,79.44358578052551,399,8.97
FOODS_1_126,FOODS_1,FOODS,646,0.33281813498196794,0,83.3590932509016,323,2.3797276264591427
FOODS_3_815,FOODS_3,FOODS,646,0.33281813498196555,0,84.02885110767645,310,2.48
HOUSEHOLD_1_467,HOUSEHOLD_1,HOUSEHOLD,646,0.33281813498197127,0,78.516228748068,417,11.808955773955775
HOUSEHOLD_2_324,HOUSEHOLD_2,HOUSEHOLD,646,0.33281813498196805,0,72.84904688304998,527,14.262919868276619
HOUSEHOLD_2_495,HOUSEHOLD_2,HOUSEHOLD,646,0.33281813498196827,0,77.22823286965482,442,5.64150437918599
HOBBIES_1_120,HOBBIES_1,HOBBIES,645,0.3323029366305989,0,75.11591962905719,483,10.98
HOBBIES_2_085,HOBBIES_2,HOBBIES,644,0.3317877382792398,0,81.71045852653272,355,0.97
HOUSEHOLD_2_259,HOUSEHOLD_2,HOUSEHOLD,644,0.3317877382792376,0,73.72488408037094,510,7.791123132405975
HOBBIES_1_418,HOBBIES_1,HOBBIES,643,0.3312725399278769,0,78.87686759402371,410,3.906914153132251
FOODS_2_378,FOODS_2,FOODS,642,0.3307573415765078,0,76.35239567233386,459,3.4846573930963403
FOODS_2_213,FOODS_2,FOODS,641,0.33024214322513956,0,83.87429160226687,313,3.934767932489452
HOUSEHOLD_1_371,HOUSEHOLD_1,HOUSEHOLD,641,0.3302421432251502,0,83.46213292117464,321,4.94
HOUSEHOLD_2_321,HOUSEHOLD_2,HOUSEHOLD,641,0.3302421432251414,0,74.34312210200927,498,5.266723338485317
HOUSEHOLD_1_312,HOUSEHOLD_1,HOUSEHOLD,640,0.3297269448737763,0,74.13704276146316,502,2.3672653282691263
FOODS_2_210,FOODS_2,FOODS,638,0.3286965481710497,0,80.9376609994848,370,3.715827338129497
FOODS_3_713,FOODS_3,FOODS,638,0.328696548171045,0,84.13189077794951,308,3.600689655172414
HOUSEHOLD_2_009,HOUSEHOLD_2,HOUSEHOLD,638,0.32869654817104177,0,76.91911385883566,448,5.858017556693491
HOUSEHOLD_2_033,HOUSEHOLD_2,HOUSEHOLD,638,0.3286965481710455,0,74.7552807831015,490,6.97
FOODS_3_396,FOODS_3,FOODS,637,0.3281813498196802,0,76.76455435342608,451,10.558218867924529
FOODS_3_544,FOODS_3,FOODS,637,0.32818134981967784,0,79.54662545079856,397,2.973838630806846
HOUSEHOLD_1_367,HOUSEHOLD_1,HOUSEHOLD,637,0.32818134981967967,0,75.01287995878413,485,3.97
HOUSEHOLD_1_491,HOUSEHOLD_1,HOUSEHOLD,637,0.328181349819683,0,78.67078825347758,414,6.380616570327553
HOUSEHOLD_2_475,HOUSEHOLD_2,HOUSEHOLD,637,0.32818134981967995,0,77.84647089129315,430,4.967013316423589
FOODS_3_085,FOODS_3,FOODS,635,0.3271509531169536,0,80.47398248325605,379,2.98
HOBBIES_1_185,HOBBIES_1,HOBBIES,635,0.32715095311695086,0,75.01287995878413,485,3.15193199381762
FOODS_3_240,FOODS_3,FOODS,634,0.32663575476558093,0,81.55589902112314,358,1
HOBBIES_2_076,HOBBIES_2,HOBBIES,634,0.326635754765585,0,80.78310149407521,373,2.772355718782794
HOBBIES_1_001,HOBBIES_1,HOBBIES,633,0.32612055641422194,0,77.53735188047398,436,8.282736842105264
HOUSEHOLD_1_470,HOUSEHOLD_1,HOUSEHOLD,631,0.3250901597114872,0,81.34981968057701,362,2.98
HOUSEHOLD_2_328,HOUSEHOLD_2,HOUSEHOLD,631,0.32509015971148814,0,74.90984028851108,487,7.163456980937665
FOODS_2_148,FOODS_2,FOODS,630,0.32457496136012204,0,80.42246264811953,380,2.843891719745225
HOUSEHOLD_2_088,HOUSEHOLD_2,HOUSEHOLD,630,0.32457496136012315,0,74.13704276146316,502,6.97
HOUSEHOLD_1_144,HOUSEHOLD_1,HOUSEHOLD,628,0.32354456465739073,0,79.49510561566203,398,2.9355919661733627
HOUSEHOLD_1_269,HOUSEHOLD_1,HOUSEHOLD,627,0.32302936630602563,0,76.04327666151468,465,2.975445960125918
HOUSEHOLD_2_195,HOUSEHOLD_2,HOUSEHOLD,627,0.3230293663060262,0,74.44616177228232,496,14.81132368148914
FOODS_2_127,FOODS_2,FOODS,626,0.32251416795466087,0,75.47655847501288,476,7.161067653276959
HOUSEHOLD_1_340,HOUSEHOLD_1,HOUSEHOLD,626,0.32251416795466264,0,76.40391550747037,458,4.960092735703245
FOODS_2_280,FOODS_2,FOODS,624,0.3214837712519302,0,79.54662545079856,397,3.7291653786707863
HOUSEHOLD_2_198,HOUSEHOLD_2,HOUSEHOLD,624,0.32148377125193117,0,75.52807831014941,475,7.861988665636272
HOUSEHOLD_2_266,HOUSEHOLD_2,HOUSEHOLD,624,0.32148377125193284,0,81.96805770221536,350,2.97
FOODS_2_206,FOODS_2,FOODS,623,0.3209685729005654,0,81.91653786707882,351,10.884749012972366
FOODS_1_060,FOODS_1,FOODS,622,0.3204533745492098,0,80.7315816589387,374,1.68
HOBBIES_2_009,HOBBIES_2,HOBBIES,622,0.3204533745492006,0,76.2493560020608,461,5.291133436373002
HOUSEHOLD_1_464,HOUSEHOLD_1,HOUSEHOLD,621,0.31993817619783554,0,75.99175682637815,466,9.35531684698609
HOBBIES_1_342,HOBBIES_1,HOBBIES,619,0.3189077794951052,0,74.0340030911901,504,20.23360505973296
FOODS_2_122,FOODS_2,FOODS,618,0.31839258114374025,0,74.7552807831015,490,4.877325812873257
HOUSEHOLD_2_390,HOUSEHOLD_2,HOUSEHOLD,618,0.31839258114374025,0,74.80680061823803,489,5.899793920659453
FOODS_2_095,FOODS_2,FOODS,617,0.3178773827923684,0,82.58629572385368,338,4.42
HOBBIES_1_020,HOBBIES_1,HOBBIES,617,0.3178773827923752,0,74.65224111282845,492,12.146263622210684
FOODS_3_198,FOODS_3,FOODS,616,0.3173621844410096,0,79.6496651210716,395,5.911209386281584
HOUSEHOLD_2_179,HOUSEHOLD_2,HOUSEHOLD,616,0.31736218444101,0,76.4554353426069,457,5.97
FOODS_2_172,FOODS_2,FOODS,615,0.3168469860896352,0,82.9984544049459,330,2.4798561151079133
HOUSEHOLD_2_408,HOUSEHOLD_2,HOUSEHOLD,615,0.31684698608964523,0,75.83719732096857,469,7.246349534643227
HOBBIES_2_100,HOBBIES_2,HOBBIES,613,0.3158165893869152,0,77.69191138588356,433,0.8334177869700108
HOUSEHOLD_1_020,HOUSEHOLD_1,HOUSEHOLD,613,0.315816589386907,0,79.44358578052551,399,6.97
HOUSEHOLD_1_341,HOUSEHOLD_1,HOUSEHOLD,613,0.31581658938691537,0,78.36166924265842,420,4.8450799086758
FOODS_1_096,FOODS_1,FOODS,612,0.3153013910355501,0,76.35239567233386,459,5.9118083462132915
FOODS_3_143,FOODS_3,FOODS,612,0.31530139103554766,0,82.17413704276146,346,2.503971486761711
HOUSEHOLD_1_117,HOUSEHOLD_1,HOUSEHOLD,612,0.31530139103555027,0,76.40391550747037,458,8.314770736733633
FOODS_2_290,FOODS_2,FOODS,611,0.31478619268417773,0,84.80164863472437,295,2.688215767634855
HOUSEHOLD_2_079,HOUSEHOLD_2,HOUSEHOLD,611,0.31478619268418295,0,74.80680061823803,489,4.47
FOODS_1_147,FOODS_1,FOODS,610,0.3142709943328182,0,79.39206594538898,400,4.737784636488341
FOODS_2_160,FOODS_2,FOODS,608,0.31324059763008905,0,79.23750643997938,403,2.844368882019578
HOUSEHOLD_2_061,HOUSEHOLD_2,HOUSEHOLD,608,0.31324059763009016,0,81.50437918598661,359,2.97
FOODS_3_649,FOODS_3,FOODS,607,0.3127253992787247,0,77.84647089129315,430,5.766479057591628
HOBBIES_2_083,HOBBIES_2,HOBBIES,607,0.3127253992787249,0,82.79237506439979,334,2.769494791666665
HOUSEHOLD_1_504,HOUSEHOLD_1,HOUSEHOLD,607,0.3127253992787245,0,78.10407006697578,425,3.1130739299610877
HOUSEHOLD_2_326,HOUSEHOLD_2,HOUSEHOLD,607,0.31272539927872217,0,74.0340030911901,504,5.94
HOBBIES_1_227,HOBBIES_1,HOBBIES,606,0.3122102009273565,0,79.75270479134467,393,1.9691344667697064
HOUSEHOLD_2_078,HOUSEHOLD_2,HOUSEHOLD,606,0.3122102009273586,0,77.84647089129315,430,5.7504533745491955
FOODS_3_158,FOODS_3,FOODS,605,0.311695002575994,0,78.56774858320453,416,6.077916310845431
FOODS_2_243,FOODS_2,FOODS,603,0.31066460587326356,0,77.22823286965482,442,7.379536321483769
FOODS_2_284,FOODS_2,FOODS,601,0.30963420917053164,0,79.03142709943329,407,2.47
FOODS_3_047,FOODS_3,FOODS,601,0.3096342091705227,0,85.93508500772798,273,1
HOBBIES_1_049,HOBBIES_1,HOBBIES,601,0.3096342091705302,0,75.63111798042246,473,8.0554060324826
FOODS_2_185,FOODS_2,FOODS,600,0.3091190108191579,0,85.41988665636269,283,2
HOUSEHOLD_2_148,HOUSEHOLD_2,HOUSEHOLD,600,0.30911901081916704,0,79.39206594538898,400,5.94
HOBBIES_1_331,HOBBIES_1,HOBBIES,599,0.308603812467802,0,81.14374034003092,366,0.94
FOODS_3_360,FOODS_3,FOODS,598,0.30808861411643507,0,79.03142709943329,407,2.201670190274845
FOODS_2_178,FOODS_2,FOODS,597,0.3075734157650675,0,84.44100978876867,302,2.5
FOODS_2_363,FOODS_2,FOODS,597,0.3075734157650677,0,83.9258114374034,312,2.500706179066835
HOUSEHOLD_2_264,HOUSEHOLD_2,HOUSEHOLD,597,0.30757341576506547,0,79.80422462648119,392,3.48
FOODS_1_034,FOODS_1,FOODS,596,0.3070582174137048,0,77.125193199381755,444,5.518321753073223
HOBBIES_1_221,HOBBIES_1,HOBBIES,595,0.30654301906233916,0,75.63111798042246,473,2.945296239052036
FOODS_1_048,FOODS_1,FOODS,594,0.30602782071096973,0,79.28902627511592,402,5.98
HOUSEHOLD_2_305,HOUSEHOLD_2,HOUSEHOLD,593,0.305512622359609,0,75.52807831014941,475,5.343776403915507
HOUSEHOLD_1_052,HOUSEHOLD_1,HOUSEHOLD,592,0.30499742400824265,0,78.41318907779495,419,4.061078114912847
HOUSEHOLD_1_073,HOUSEHOLD_1,HOUSEHOLD,591,0.3044822256568782,0,74.54920144255539,494,8.415497166409066
HOUSEHOLD_1_382,HOUSEHOLD_1,HOUSEHOLD,591,0.30448222565687155,0,81.50437918598661,359,2.28
HOBBIES_1_041,HOBBIES_1,HOBBIES,590,0.3039670273055136,0,75.63111798042246,473,3.967585071350165
HOUSEHOLD_2_154,HOUSEHOLD_2,HOUSEHOLD,589,0.3034518289541483,0,75.52807831014941,475,1.8767181865018032
HOUSEHOLD_2_473,HOUSEHOLD_2,HOUSEHOLD,589,0.3034518289541476,0,77.74343122102009,432,7.823183925811438
HOUSEHOLD_1_018,HOUSEHOLD_1,HOUSEHOLD,588,0.30293663060277737,0,83.82277176713035,314,10.24869700103413
HOUSEHOLD_2_400,HOUSEHOLD_2,HOUSEHOLD,588,0.302936630602782,0,80.11334363730036,386,3.88
HOUSEHOLD_2_514,HOUSEHOLD_2,HOUSEHOLD,588,0.3029366306027824,0,74.29160226687274,499,18.819840288511077
HOBBIES_1_061,HOBBIES_1,HOBBIES,586,0.30190623390005183,0,76.71303451828955,452,2.8027357032457494
HOUSEHOLD_2_012,HOUSEHOLD_2,HOUSEHOLD,586,0.30190623390004956,0,77.58887171561051,435,4.669964912280701
HOUSEHOLD_2_152,HOUSEHOLD_2,HOUSEHOLD,586,0.30190623390005167,0,76.14631633178773,463,12.342117465224117
HOUSEHOLD_2_468,HOUSEHOLD_2,HOUSEHOLD,586,0.30190623390005167,0,75.01287995878413,485,9.206651210716128
HOBBIES_2_098,HOBBIES_2,HOBBIES,585,0.3013910355486851,0,82.22565687789799,345,0.8343791859866045
HOUSEHOLD_2_136,HOUSEHOLD_2,HOUSEHOLD,585,0.30139103554868696,0,76.35239567233386,459,4.85990211231324
HOUSEHOLD_2_471,HOUSEHOLD_2,HOUSEHOLD,584,0.30087583719732075,0,77.0221535291087,446,3.147952430196486
FOODS_3_340,FOODS_3,FOODS,583,0.30036063884595426,0,81.45285935085008,360,3.0634730538922152
FOODS_3_696,FOODS_3,FOODS,582,0.29984544049458767,0,83.9258114374034,312,4.506125574272588
HOUSEHOLD_2_315,HOUSEHOLD_2,HOUSEHOLD,582,0.29984544049459017,0,75.8887171561051,468,7.646919113858837
HOUSEHOLD_2_370,HOUSEHOLD_2,HOUSEHOLD,582,0.29984544049459166,0,78.72230808861411,413,6.105548686244203
FOODS_1_033,FOODS_1,FOODS,581,0.29933024214323184,0,82.48325605358063,340,5.380361864996522
FOODS_3_777,FOODS_3,FOODS,580,0.29881504379185897,0,85.72900566718187,277,2.98
HOUSEHOLD_2_072,HOUSEHOLD_2,HOUSEHOLD,580,0.2988150437918587,0,84.08037094281299,309,2.58
HOUSEHOLD_2_244,HOUSEHOLD_2,HOUSEHOLD,580,0.2988150437918602,0,77.89799072642968,429,3.972461220268873
FOODS_2_249,FOODS_2,FOODS,579,0.2982998454404923,0,85.67748583204533,278,3.2673093525179855
HOBBIES_1_156,HOBBIES_1,HOBBIES,579,0.2982998454404937,0,84.59556929417826,299,1.8656209150326795
HOUSEHOLD_1_252,HOUSEHOLD_1,HOUSEHOLD,579,0.2982998454404958,0,77.43431221020093,438,9.47
HOUSEHOLD_2_117,HOUSEHOLD_2,HOUSEHOLD,579,0.2982998454404934,0,76.09479649665121,464,2.2814116434827385
HOUSEHOLD_1_174,HOUSEHOLD_1,HOUSEHOLD,578,0.2977846470891283,0,80.78310149407521,373,5.797929824561403
HOBBIES_1_152,HOBBIES_1,HOBBIES,577,0.2972694487377715,0,79.44358578052551,399,5.06195032198712
FOODS_2_268,FOODS_2,FOODS,576,0.296754250386403,0,80.47398248325605,379,3.6307941403238244
HOBBIES_1_133,HOBBIES_1,HOBBIES,576,0.29675425038640035,0,76.30087583719732,460,12.810119465917078
HOBBIES_2_018,HOBBIES_2,HOBBIES,576,0.2967542503864025,0,79.13446676970634,405,3.37
HOUSEHOLD_2_377,HOUSEHOLD_2,HOUSEHOLD,576,0.2967542503863985,0,75.47655847501288,476,4.961023784901758
FOODS_3_061,FOODS_3,FOODS,575,0.29623905203503836,0,80.47398248325605,379,2.9760065199674
HOUSEHOLD_2_137,HOUSEHOLD_2,HOUSEHOLD,575,0.29623905203503315,0,78.61926841834106,415,2.94
FOODS_2_343,FOODS_2,FOODS,573,0.2952086553323031,0,79.90726429675425,390,3.7628490468830496
HOUSEHOLD_2_252,HOUSEHOLD_2,HOUSEHOLD,573,0.29520865533230306,0,77.64039155074704,434,6.938735498839906
HOUSEHOLD_2_031,HOUSEHOLD_2,HOUSEHOLD,571,0.29417825862956953,0,78.36166924265842,420,5.94
FOODS_2_031,FOODS_2,FOODS,570,0.29366306027819955,0,86.29572385368367,266,2.18
FOODS_3_602,FOODS_3,FOODS,570,0.2936630602781991,0,88.30499742400825,227,2.583417721518988
HOUSEHOLD_2_506,HOUSEHOLD_2,HOUSEHOLD,568,0.2926326635754717,0,78.82534775888718,411,6.815330677290834
FOODS_3_597,FOODS_3,FOODS,567,0.29211746522410786,0,81.34981968057701,362,2.8003208556149732
HOUSEHOLD_2_163,HOUSEHOLD_2,HOUSEHOLD,567,0.29211746522411225,0,78.82534775888718,411,7.992714063310846
FOODS_3_779,FOODS_3,FOODS,565,0.29108706852137844,0,82.68933539412674,336,2.48
FOODS_3_710,FOODS_3,FOODS,564,0.29057187017001257,0,81.19526017516743,365,2.98
FOODS_3_743,FOODS_3,FOODS,564,0.29057187017000796,0,86.5533230293663,261,2.98
HOBBIES_2_145,HOBBIES_2,HOBBIES,564,0.29057187017001646,0,81.40133951571354,361,2.7685104166666656
HOBBIES_1_246,HOBBIES_1,HOBBIES,563,0.29005667181864553,0,83.3590932509016,323,10.98
HOBBIES_2_131,HOBBIES_2,HOBBIES,563,0.29005667181865175,0,81.09222050489439,367,6.042488408037094
HOUSEHOLD_2_273,HOUSEHOLD_2,HOUSEHOLD,563,0.29005667181865,0,77.64039155074704,434,5.266723338485317
HOBBIES_1_410,HOBBIES_1,HOBBIES,561,0.2890262751159144,0,78.10407006697578,425,28.73300578034682
HOUSEHOLD_2_355,HOUSEHOLD_2,HOUSEHOLD,561,0.28902627511591844,0,77.17671303451829,443,11.240623390005153
FOODS_3_366,FOODS_3,FOODS,560,0.28851107676454785,0,88.51107676455435,223,1.74
FOODS_2_136,FOODS_2,FOODS,559,0.28799587841318736,0,81.34981968057701,362,2.9724447421299405
HOBBIES_1_116,HOBBIES_1,HOBBIES,559,0.2879958784131897,0,80.06182380216383,387,6.47
FOODS_2_215,FOODS_2,FOODS,558,0.2874806800618179,0,88.51107676455435,223,1.8925
FOODS_1_078,FOODS_1,FOODS,557,0.2869654817104564,0,82.68933539412674,336,3.337298657718121
FOODS_2_350,FOODS_2,FOODS,557,0.28696548171045494,0,81.45285935085008,360,5.002037037037038
HOBBIES_2_011,HOBBIES_2,HOBBIES,557,0.2869654817104582,0,80.7315816589387,374,0.97
FOODS_3_149,FOODS_3,FOODS,556,0.28645028335909284,0,80.11334363730036,386,2.5
FOODS_3_270,FOODS_3,FOODS,556,0.2864502833590907,0,84.38948995363215,303,2.98
HOUSEHOLD_1_266,HOUSEHOLD_1,HOUSEHOLD,556,0.28645028335908823,0,81.19526017516743,365,1.0178561736770693
HOUSEHOLD_2_268,HOUSEHOLD_2,HOUSEHOLD,556,0.2864502833590925,0,77.58887171561051,435,5.43393611540443
HOUSEHOLD_2_089,HOUSEHOLD_2,HOUSEHOLD,555,0.28593508500772724,0,76.86759402369913,449,3.147310664605877
HOUSEHOLD_2_206,HOUSEHOLD_2,HOUSEHOLD,555,0.28593508500772735,0,78.10407006697578,425,2.8764914992272024
FOODS_2_227,FOODS_2,FOODS,553,0.2849046883049938,0,83.5651725914477,319,4.404022887323943
FOODS_2_355,FOODS_2,FOODS,553,0.284904688304994,0,84.13189077794951,308,2.6910718635809987
HOUSEHOLD_2_098,HOUSEHOLD_2,HOUSEHOLD,553,0.28490468830499704,0,78.77382792375064,412,3.2990571870170005
FOODS_1_125,FOODS_1,FOODS,552,0.2843894899536295,0,82.84389489953632,333,5.163906633906635
HOUSEHOLD_1_267,HOUSEHOLD_1,HOUSEHOLD,552,0.2843894899536301,0,85.00772797527047,291,9.74
FOODS_2_277,FOODS_2,FOODS,551,0.283874291602261,0,86.65636269963937,259,1.28
HOUSEHOLD_2_501,HOUSEHOLD_2,HOUSEHOLD,551,0.2838742916022622,0,78.25862957238536,422,8.200608840700585
FOODS_2_317,FOODS_2,FOODS,550,0.28335909325090197,0,79.54662545079856,397,12.934605873261214
HOUSEHOLD_2_234,HOUSEHOLD_2,HOUSEHOLD,550,0.28335909325090086,0,79.44358578052551,399,5.8890417310664604
HOBBIES_1_361,HOBBIES_1,HOBBIES,549,0.28284389489953266,0,76.14631633178773,463,30.50555944055944
HOUSEHOLD_2_001,HOUSEHOLD_2,HOUSEHOLD,549,0.28284389489953676,0,76.35239567233386,459,6.587156105100464
FOODS_3_343,FOODS_3,FOODS,547,0.28181349819680573,0,79.23750643997938,403,3.747887686759403
FOODS_3_549,FOODS_3,FOODS,547,0.2818134981968026,0,86.29572385368367,266,2.615344418052257
HOUSEHOLD_1_483,HOUSEHOLD_1,HOUSEHOLD,547,0.2818134981968045,0,77.53735188047398,436,4.52613680781759
FOODS_2_207,FOODS_2,FOODS,543,0.2797527047913436,0,77.89799072642968,429,7.375064399793922
HOUSEHOLD_1_501,HOUSEHOLD_1,HOUSEHOLD,543,0.2797527047913453,0,77.74343122102009,432,3.966455435342607
HOUSEHOLD_2_171,HOUSEHOLD_2,HOUSEHOLD,542,0.2792375064399764,0,80.9376609994848,370,3.7964018691588777
HOBBIES_2_024,HOBBIES_2,HOBBIES,541,0.27872230808861154,0,83.04997424008243,329,4.77
HOUSEHOLD_2_229,HOUSEHOLD_2,HOUSEHOLD,541,0.2787223080886118,0,78.87686759402371,410,4.667426900584795
HOUSEHOLD_2_320,HOUSEHOLD_2,HOUSEHOLD,541,0.2787223080886138,0,78.82534775888718,411,8.527449494949495
FOODS_2_324,FOODS_2,FOODS,540,0.27820710973724594,0,86.29572385368367,266,2.528247162673392
HOBBIES_2_060,HOBBIES_2,HOBBIES,540,0.2782071097372489,0,83.15301391035548,327,0.97
HOBBIES_2_091,HOBBIES_2,HOBBIES,540,0.2782071097372459,0,84.23493044822257,306,0.97
HOUSEHOLD_1_002,HOUSEHOLD_1,HOUSEHOLD,540,0.27820710973724644,0,79.54662545079856,397,6.110108191653785
FOODS_2_323,FOODS_2,FOODS,539,0.2776919113858822,0,80.06182380216383,387,3.7544822256568815
HOBBIES_1_106,HOBBIES_1,HOBBIES,539,0.27769191138588134,0,80.88614116434827,371,2.57
HOBBIES_2_063,HOBBIES_2,HOBBIES,539,0.277691911385881,0,80.57702215352911,377,0.9644260119442599
HOUSEHOLD_1_199,HOUSEHOLD_1,HOUSEHOLD,539,0.27769191138588145,0,88.15043791859866,230,1.6871574178935447
HOUSEHOLD_2_127,HOUSEHOLD_2,HOUSEHOLD,539,0.2776919113858814,0,81.14374034003092,366,5.859092904169715
HOUSEHOLD_2_498,HOUSEHOLD_2,HOUSEHOLD,537,0.27666151468315087,0,85.62596599690882,279,2.9779898218829515
HOUSEHOLD_1_063,HOUSEHOLD_1,HOUSEHOLD,536,0.27614631633178605,0,85.36836682122618,284,10.697008456659617
FOODS_2_076,FOODS_2,FOODS,535,0.27563111798042234,0,78.87686759402371,410,10.172771767130339
HOBBIES_1_253,HOBBIES_1,HOBBIES,534,0.27511591962905585,0,81.76197836166924,354,12.79566153846154
HOUSEHOLD_2_055,HOUSEHOLD_2,HOUSEHOLD,534,0.2751159196290567,0,77.69191138588356,433,8.97
HOUSEHOLD_2_317,HOUSEHOLD_2,HOUSEHOLD,534,0.2751159196290561,0,77.69191138588356,433,4.44
HOUSEHOLD_2_082,HOUSEHOLD_2,HOUSEHOLD,533,0.274600721277691,0,78.3101494075219,421,4.746066196418875
FOODS_2_278,FOODS_2,FOODS,531,0.2735703245749609,0,85.11076764554353,289,2.4750712250712246
FOODS_3_262,FOODS_3,FOODS,531,0.2735703245749609,0,84.02885110767645,310,6.538906474820143
HOUSEHOLD_2_122,HOUSEHOLD_2,HOUSEHOLD,531,0.2735703245749609,0,78.61926841834106,415,6.969442708333333
HOUSEHOLD_2_466,HOUSEHOLD_2,HOUSEHOLD,530,0.2730551262235959,0,79.70118495620814,394,6.940942492012779
HOBBIES_1_346,HOBBIES_1,HOBBIES,527,0.271509531169501,0,85.26532715095311,286,3.97
HOBBIES_2_103,HOBBIES_2,HOBBIES,527,0.2715095311695009,0,79.70118495620814,394,2.7648892323544545
HOUSEHOLD_2_484,HOUSEHOLD_2,HOUSEHOLD,527,0.271509531169501,0,80.47398248325605,379,6.97
HOBBIES_1_289,HOBBIES_1,HOBBIES,526,0.2709943328181356,0,81.45285935085008,360,4.97
HOBBIES_1_203,HOBBIES_1,HOBBIES,525,0.27047913446677097,0,80.01030396702731,388,13.120000000000003
HOUSEHOLD_1_183,HOUSEHOLD_1,HOUSEHOLD,525,0.2704791344667708,0,81.71045852653272,355,4.23319365798415
HOUSEHOLD_2_090,HOUSEHOLD_2,HOUSEHOLD,525,0.27047913446677,0,79.03142709943329,407,5.97
FOODS_3_119,FOODS_3,FOODS,524,0.2699639361154061,0,85.72900566718187,277,4.28
HOUSEHOLD_2_496,HOUSEHOLD_2,HOUSEHOLD,524,0.26996393611540603,0,81.91653786707882,351,1.48
FOODS_2_296,FOODS_2,FOODS,523,0.26944873776404077,0,80.83462132921174,372,3.0989964788732407
HOBBIES_1_390,HOBBIES_1,HOBBIES,522,0.26893353941267556,0,78.10407006697578,425,11.651020092735706
HOUSEHOLD_2_455,HOUSEHOLD_2,HOUSEHOLD,522,0.2689335394126756,0,78.82534775888718,411,7.395229263266358
HOBBIES_1_344,HOBBIES_1,HOBBIES,521,0.268418341061311,0,83.97733127253993,311,11.837272727272728
HOUSEHOLD_2_014,HOUSEHOLD_2,HOUSEHOLD,521,0.26841834106130813,0,78.82534775888718,411,5.964698608964452
FOODS_2_214,FOODS_2,FOODS,520,0.2679031427099459,0,85.72900566718187,277,2.5
FOODS_2_298,FOODS_2,FOODS,520,0.26790314270994425,0,80.52550231839258,378,12.939330242143226
FOODS_3_072,FOODS_3,FOODS,520,0.267903142709946,0,83.87429160226687,313,2.4958083832335327
HOUSEHOLD_1_190,HOUSEHOLD_1,HOUSEHOLD,520,0.2679031427099459,0,82.84389489953632,333,4.946326767091541
FOODS_3_440,FOODS_3,FOODS,518,0.26687274600721544,0,85.16228748068006,288,4.668943488943491
HOUSEHOLD_2_109,HOUSEHOLD_2,HOUSEHOLD,518,0.2668727460072152,0,81.96805770221536,350,3.7964018691588777
HOUSEHOLD_2_491,HOUSEHOLD_2,HOUSEHOLD,518,0.26687274600721256,0,78.36166924265842,420,6.96946949602122
FOODS_2_377,FOODS_2,FOODS,517,0.26635754765585007,0,85.41988665636269,283,2.680373443983403
HOUSEHOLD_2_337,HOUSEHOLD_2,HOUSEHOLD,517,0.2663575476558474,0,78.25862957238536,422,6.587156105100464
HOUSEHOLD_2_236,HOUSEHOLD_2,HOUSEHOLD,516,0.26584234930448125,0,76.97063369397218,447,8.48
HOUSEHOLD_1_270,HOUSEHOLD_1,HOUSEHOLD,515,0.2653271509531168,0,77.79495105615662,431,9.959165378670788
HOUSEHOLD_1_076,HOUSEHOLD_1,HOUSEHOLD,514,0.26481195260175505,0,80.06182380216383,387,4.969816700610998
FOODS_1_131,FOODS_1,FOODS,513,0.2642967542503903,0,85.41988665636269,283,2.8752554744525547
FOODS_2_008,FOODS_2,FOODS,513,0.2642967542503904,0,85.00772797527047,291,2.5
FOODS_3_758,FOODS_3,FOODS,513,0.2642967542503884,0,82.27717671303452,344,2.5
HOUSEHOLD_2_028,HOUSEHOLD_2,HOUSEHOLD,513,0.2642967542503865,0,78.20710973724884,423,5.94
HOUSEHOLD_2_405,HOUSEHOLD_2,HOUSEHOLD,513,0.26429675425038657,0,82.48325605358063,340,5.629409594095941
HOUSEHOLD_2_207,HOUSEHOLD_2,HOUSEHOLD,512,0.26378155589902,0,77.9495105615662,428,6.8702833590932455
FOODS_2_253,FOODS_2,FOODS,511,0.26326635754766065,0,84.18341061308604,307,7.80319039451115
FOODS_3_278,FOODS_3,FOODS,511,0.2632663575476607,0,88.87171561051005,216,1
FOODS_2_186,FOODS_2,FOODS,510,0.2627511591962952,0,81.81349819680577,353,5.422416302765647
HOUSEHOLD_2_209,HOUSEHOLD_2,HOUSEHOLD,510,0.26275115919629394,0,79.03142709943329,407,8.33965481710458
FOODS_1_171,FOODS_1,FOODS,509,0.2622359608449304,0,86.60484286450283,260,4.704192634560907
FOODS_2_193,FOODS_2,FOODS,509,0.26223596084493034,0,82.17413704276146,346,5.432764127764129
FOODS_3_548,FOODS_3,FOODS,509,0.26223596084492734,0,79.0829469345698,406,2.5538536836682124
HOUSEHOLD_2_043,HOUSEHOLD_2,HOUSEHOLD,507,0.26120556414219487,0,77.84647089129315,430,4.814204018547139
HOUSEHOLD_2_095,HOUSEHOLD_2,HOUSEHOLD,507,0.26120556414219326,0,79.23750643997938,403,6.437867231638417
HOBBIES_1_013,HOBBIES_1,HOBBIES,506,0.26069036579082694,0,79.28902627511592,402,1.97
HOUSEHOLD_2_182,HOUSEHOLD_2,HOUSEHOLD,506,0.2606903657908286,0,79.28902627511592,402,6.990242143225142
FOODS_2_312,FOODS_2,FOODS,505,0.2601751674394652,0,83.04997424008243,329,5.0869868995633185
HOUSEHOLD_2_407,HOUSEHOLD_2,HOUSEHOLD,504,0.25965996908809896,0,78.61926841834106,415,4.94
HOBBIES_1_403,HOBBIES_1,HOBBIES,503,0.2591447707367342,0,78.20710973724884,423,13.309340546110255
HOBBIES_1_165,HOBBIES_1,HOBBIES,502,0.25862957238536965,0,80.16486347243689,385,4.97
FOODS_3_796,FOODS_3,FOODS,501,0.25811437403400883,0,89.90211231324061,196,2.9624628450106156
HOUSEHOLD_2_221,HOUSEHOLD_2,HOUSEHOLD,501,0.25811437403400755,0,85.88356517259145,274,2.77
FOODS_3_166,FOODS_3,FOODS,500,0.25759917568264323,0,88.15043791859866,230,1
HOBBIES_1_002,HOBBIES_1,HOBBIES,500,0.25759917568263896,0,78.97990726429676,408,3.97
HOUSEHOLD_1_221,HOUSEHOLD_1,HOUSEHOLD,500,0.2575991756826421,0,81.55589902112314,358,12.10958587088916
FOODS_3_417,FOODS_3,FOODS,499,0.2570839773312786,0,84.90468830499742,293,4.505532503457815
HOUSEHOLD_2_480,HOUSEHOLD_2,HOUSEHOLD,499,0.2570839773312733,0,79.39206594538898,400,5.26693972179289
HOUSEHOLD_2_451,HOUSEHOLD_2,HOUSEHOLD,498,0.2565687789799105,0,80.7315816589387,374,3.42
FOODS_2_077,FOODS_2,FOODS,497,0.2560535806285394,0,84.28645028335909,305,6.366175895765473
FOODS_3_527,FOODS_3,FOODS,497,0.2560535806285476,0,83.66821226172077,317,4.98
FOODS_3_806,FOODS_3,FOODS,497,0.2560535806285449,0,85.72900566718187,277,2.503971486761711
HOBBIES_1_265,HOBBIES_1,HOBBIES,497,0.256053580628542,0,80.26790314270994,383,3.97
HOUSEHOLD_2_385,HOUSEHOLD_2,HOUSEHOLD,497,0.2560535806285419,0,78.87686759402371,410,7.164157187176829
HOUSEHOLD_1_081,HOUSEHOLD_1,HOUSEHOLD,495,0.25502318392581586,0,81.2982998454405,363,8.195248573757132
FOODS_2_111,FOODS_2,FOODS,494,0.2545079855744452,0,81.2982998454405,363,6.0298816199376954
HOUSEHOLD_2_454,HOUSEHOLD_2,HOUSEHOLD,494,0.2545079855744493,0,83.25605358062855,325,7.97
FOODS_1_059,FOODS_1,FOODS,493,0.25399278722308677,0,86.50180319422978,262,4.70938613861386
HOUSEHOLD_1_023,HOUSEHOLD_1,HOUSEHOLD,493,0.25399278722308605,0,82.74085522926326,335,8.97
HOUSEHOLD_1_043,HOUSEHOLD_1,HOUSEHOLD,493,0.25399278722308744,0,84.33797011849562,304,2.8652623688155923
HOUSEHOLD_1_296,HOUSEHOLD_1,HOUSEHOLD,493,0.2539927872230867,0,81.96805770221536,350,4.927346437346437
HOUSEHOLD_1_384,HOUSEHOLD_1,HOUSEHOLD,493,0.25399278722308677,0,82.94693456980937,331,4.84
HOUSEHOLD_2_313,HOUSEHOLD_2,HOUSEHOLD,493,0.253992787223088,0,84.95620814013395,292,1.97
HOUSEHOLD_2_255,HOUSEHOLD_2,HOUSEHOLD,492,0.25347758887171584,0,78.72230808861411,413,9.97
HOUSEHOLD_2_394,HOUSEHOLD_2,HOUSEHOLD,492,0.2534775888717145,0,79.90726429675425,390,6.19642967542504
HOBBIES_2_096,HOBBIES_2,HOBBIES,491,0.25296239052035063,0,80.68006182380216,375,2.7159041731066447
HOUSEHOLD_2_223,HOUSEHOLD_2,HOUSEHOLD,491,0.2529623905203508,0,77.74343122102009,432,14.97
FOODS_1_056,FOODS_1,FOODS,489,0.2519319938176264,0,84.33797011849562,304,2.24
FOODS_3_209,FOODS_3,FOODS,489,0.25193199381762793,0,83.25605358062855,325,3.98
HOUSEHOLD_1_480,HOUSEHOLD_1,HOUSEHOLD,489,0.25193199381762293,0,83.77125193199382,315,2.743029702970297
HOUSEHOLD_2_382,HOUSEHOLD_2,HOUSEHOLD,489,0.25193199381762715,0,84.13189077794951,308,3.48
FOODS_3_626,FOODS_3,FOODS,488,0.2514167954662627,0,83.3590932509016,323,3.98
FOODS_1_057,FOODS_1,FOODS,486,0.2503863987635314,0,83.82277176713035,314,2.3487583892617447
HOUSEHOLD_1_489,HOUSEHOLD_1,HOUSEHOLD,486,0.2503863987635331,0,86.96548171045852,253,9.97
FOODS_3_457,FOODS_3,FOODS,485,0.24987120041215877,0,83.9258114374034,312,2.5
HOBBIES_1_077,HOBBIES_1,HOBBIES,484,0.2493560020607938,0,81.19526017516743,365,9.863507853403142
HOUSEHOLD_1_239,HOUSEHOLD_1,HOUSEHOLD,481,0.24781040700669452,0,82.17413704276146,346,3.97
FOODS_2_040,FOODS_2,FOODS,480,0.24729520865532864,0,86.29572385368367,266,2.5
HOUSEHOLD_2_435,HOUSEHOLD_2,HOUSEHOLD,480,0.24729520865533228,0,79.70118495620814,394,5.97
FOODS_3_619,FOODS_3,FOODS,479,0.24678001030396582,0,81.50437918598661,359,2.827039199332777
HOUSEHOLD_1_315,HOUSEHOLD_1,HOUSEHOLD,479,0.24678001030396515,0,80.62854198866563,376,9.48
HOUSEHOLD_2_482,HOUSEHOLD_2,HOUSEHOLD,479,0.24678001030396743,0,80.98918083462134,369,5.8814387211367665
HOBBIES_1_273,HOBBIES_1,HOBBIES,478,0.24626481195260186,0,78.56774858320453,416,12.152601751674405
HOUSEHOLD_2_039,HOUSEHOLD_2,HOUSEHOLD,478,0.24626481195260264,0,80.52550231839258,378,9.55773980815348
HOBBIES_2_089,HOBBIES_2,HOBBIES,476,0.24523441524987177,0,82.63781555899021,337,2.97
HOUSEHOLD_2_343,HOUSEHOLD_2,HOUSEHOLD,476,0.24523441524986822,0,81.24678001030397,364,2.78
FOODS_2_089,FOODS_2,FOODS,475,0.24471921689850457,0,84.38948995363215,303,3.944766977363515
FOODS_2_179,FOODS_2,FOODS,475,0.24471921689850062,0,81.91653786707882,351,4.99281665190434
FOODS_2_228,FOODS_2,FOODS,475,0.2447192168985073,0,80.7315816589387,374,4.876350364963504
FOODS_3_745,FOODS_3,FOODS,475,0.2447192168985071,0,80.98918083462134,369,2.05681755829904
HOUSEHOLD_1_500,HOUSEHOLD_1,HOUSEHOLD,475,0.24471921689850387,0,83.25605358062855,325,4.44
HOUSEHOLD_2_029,HOUSEHOLD_2,HOUSEHOLD,475,0.2447192168985058,0,80.98918083462134,369,10.416463288521195
FOODS_2_091,FOODS_2,FOODS,474,0.2442040185471376,0,85.9866048428645,272,2.6852941176470586
HOBBIES_1_024,HOBBIES_1,HOBBIES,472,0.24317362184441146,0,82.27717671303452,344,8.876615384615384
HOUSEHOLD_2_056,HOUSEHOLD_2,HOUSEHOLD,472,0.24317362184441035,0,82.94693456980937,331,5.88292682926829
FOODS_3_359,FOODS_3,FOODS,470,0.2421432251416762,0,85.67748583204533,278,2.772143658810325
HOBBIES_1_066,HOBBIES_1,HOBBIES,470,0.2421432251416744,0,89.79907264296754,198,1.25
HOUSEHOLD_1_115,HOUSEHOLD_1,HOUSEHOLD,470,0.24214322514168,0,83.41061308603813,322,4.958057324840764
HOBBIES_1_292,HOBBIES_1,HOBBIES,469,0.24162802679031323,0,83.04997424008243,329,6.58
HOBBIES_2_003,HOBBIES_2,HOBBIES,469,0.2416280267903147,0,80.83462132921174,372,1.97
HOUSEHOLD_2_367,HOUSEHOLD_2,HOUSEHOLD,469,0.2416280267903143,0,78.97990726429676,408,7.167395833333331
HOUSEHOLD_2_104,HOUSEHOLD_2,HOUSEHOLD,467,0.24059763008758403,0,80.83462132921174,372,4.964374034003091
FOODS_2_015,FOODS_2,FOODS,466,0.2400824317362173,0,86.29572385368367,266,2.6852941176470586
FOODS_2_281,FOODS_2,FOODS,466,0.24008243173621807,0,79.95878413189078,389,7.373621844410104
HOBBIES_1_290,HOBBIES_1,HOBBIES,466,0.24008243173621863,0,80.31942297784647,382,5.443225141679545
HOUSEHOLD_1_161,HOUSEHOLD_1,HOUSEHOLD,466,0.24008243173621638,0,80.78310149407521,373,12.560189530685923
FOODS_3_529,FOODS_3,FOODS,465,0.23956723338485747,0,85.11076764554353,289,3.98
HOUSEHOLD_1_131,HOUSEHOLD_1,HOUSEHOLD,465,0.23956723338485694,0,85.9866048428645,272,4.94
HOUSEHOLD_2_100,HOUSEHOLD_2,HOUSEHOLD,464,0.2390520350334877,0,82.07109737248841,348,8.369304482225658
HOUSEHOLD_2_291,HOUSEHOLD_2,HOUSEHOLD,463,0.23853683668212267,0,82.17413704276146,346,4.8827815256875935
HOBBIES_2_133,HOBBIES_2,HOBBIES,462,0.23802163833075488,0,85.059247810407,290,2.763648157758176
HOBBIES_1_259,HOBBIES_1,HOBBIES,460,0.23699124162802715,0,80.11334363730036,386,1.0356362699639348
HOBBIES_1_368,HOBBIES_1,HOBBIES,460,0.236991241628027,0,80.42246264811953,380,4.22
HOUSEHOLD_2_173,HOUSEHOLD_2,HOUSEHOLD,460,0.2369912416280273,0,80.31942297784647,382,6.94664536741214
HOUSEHOLD_2_249,HOUSEHOLD_2,HOUSEHOLD,460,0.2369912416280273,0,81.2982998454405,363,8.37074703760948
HOUSEHOLD_2_024,HOUSEHOLD_2,HOUSEHOLD,459,0.2364760432766579,0,84.69860896445131,297,2.22
HOUSEHOLD_2_461,HOUSEHOLD_2,HOUSEHOLD,459,0.2364760432766608,0,81.14374034003092,366,9.97
FOODS_2_154,FOODS_2,FOODS,458,0.23596084492529687,0,82.74085522926326,335,12.953719732096847
FOODS_3_552,FOODS_3,FOODS,458,0.23596084492529434,0,88.4080370942813,225,1.98
HOUSEHOLD_2_269,HOUSEHOLD_2,HOUSEHOLD,458,0.23596084492529684,0,80.16486347243689,385,10.374945904173114
HOUSEHOLD_2_283,HOUSEHOLD_2,HOUSEHOLD,458,0.2359608449252969,0,81.45285935085008,360,5.720592478104065
HOUSEHOLD_2_296,HOUSEHOLD_2,HOUSEHOLD,457,0.23544564657392994,0,80.78310149407521,373,4.669637426900586
FOODS_2_087,FOODS_2,FOODS,456,0.23493044822256598,0,82.32869654817104,343,10.175043791859874
HOUSEHOLD_1_405,HOUSEHOLD_1,HOUSEHOLD,455,0.23441524987119805,0,81.96805770221536,350,2.98
HOUSEHOLD_2_143,HOUSEHOLD_2,HOUSEHOLD,455,0.23441524987120047,0,80.42246264811953,380,6.463329886246122
HOUSEHOLD_2_260,HOUSEHOLD_2,HOUSEHOLD,455,0.2344152498712007,0,80.06182380216383,387,6.97
HOUSEHOLD_2_384,HOUSEHOLD_2,HOUSEHOLD,453,0.23338485316847013,0,81.96805770221536,350,5.675801133436376
FOODS_1_008,FOODS_1,FOODS,452,0.23286965481710195,0,85.2138073158166,287,3.37985731272295
FOODS_3_633,FOODS_3,FOODS,452,0.23286965481710767,0,88.45955692941783,224,2.88
HOUSEHOLD_2_038,HOUSEHOLD_2,HOUSEHOLD,451,0.2323544564657396,0,80.7315816589387,374,5.94
HOUSEHOLD_2_462,HOUSEHOLD_2,HOUSEHOLD,451,0.2323544564657373,0,80.83462132921174,372,8.319819680577027
HOBBIES_2_002,HOBBIES_2,HOBBIES,449,0.23132405976300865,0,83.41061308603813,322,1.8162132921174614
HOUSEHOLD_2_361,HOUSEHOLD_2,HOUSEHOLD,447,0.23029366306027704,0,82.32869654817104,343,7.061149328859062
HOUSEHOLD_2_406,HOUSEHOLD_2,HOUSEHOLD,447,0.23029366306027832,0,81.04070066975785,368,12.463678516228748
HOUSEHOLD_1_332,HOUSEHOLD_1,HOUSEHOLD,446,0.22977846470891147,0,85.88356517259145,274,9.74
HOUSEHOLD_1_432,HOUSEHOLD_1,HOUSEHOLD,446,0.22977846470891206,0,85.93508500772798,273,3.956189245087901
HOUSEHOLD_2_215,HOUSEHOLD_2,HOUSEHOLD,446,0.22977846470891208,0,82.32869654817104,343,1.8995105615662027
HOUSEHOLD_2_165,HOUSEHOLD_2,HOUSEHOLD,444,0.2287480680061816,0,81.04070066975785,368,5.84
HOUSEHOLD_2_425,HOUSEHOLD_2,HOUSEHOLD,444,0.2287480680061823,0,81.24678001030397,364,8.351859866048429
HOUSEHOLD_2_083,HOUSEHOLD_2,HOUSEHOLD,443,0.22823286965481668,0,82.89541473467284,332,9.951041666666667
HOBBIES_2_051,HOBBIES_2,HOBBIES,442,0.22771767130345158,0,82.94693456980937,331,1.8156465739309613
HOUSEHOLD_2_332,HOUSEHOLD_2,HOUSEHOLD,442,0.2277176713034516,0,80.57702215352911,377,6.574533745492014
HOUSEHOLD_2_422,HOUSEHOLD_2,HOUSEHOLD,442,0.2277176713034516,0,81.19526017516743,365,4.964788004136505
FOODS_2_200,FOODS_2,FOODS,441,0.2272024729520866,0,85.47140649149922,282,3.973089046493302
FOODS_3_735,FOODS_3,FOODS,441,0.22720247295208257,0,87.01700154559505,252,2
HOUSEHOLD_2_235,HOUSEHOLD_2,HOUSEHOLD,441,0.22720247295208662,0,81.81349819680577,353,7.15804739824832
FOODS_3_613,FOODS_3,FOODS,440,0.22668727460071553,0,86.75940236991242,257,2.88
HOUSEHOLD_1_302,HOUSEHOLD_1,HOUSEHOLD,439,0.2261720762493566,0,83.15301391035548,327,8.526136012364777
FOODS_2_140,FOODS_2,FOODS,438,0.22565687789799166,0,87.42916022668727,244,10.851595330739299
HOBBIES_1_092,HOBBIES_1,HOBBIES,438,0.22565687789799146,0,80.68006182380216,375,2.3414116434827412
HOUSEHOLD_1_233,HOUSEHOLD_1,HOUSEHOLD,438,0.22565687789799133,0,84.80164863472437,295,11.387352732434353
FOODS_2_195,FOODS_2,FOODS,436,0.22462648119526132,0,82.79237506439979,334,3.278320453374549
FOODS_3_790,FOODS_3,FOODS,436,0.22462648119526157,0,89.5414734672849,203,2.63278928136419
HOUSEHOLD_1_401,HOUSEHOLD_1,HOUSEHOLD,436,0.2246264811952606,0,81.81349819680577,353,9.363972179289027
HOUSEHOLD_1_355,HOUSEHOLD_1,HOUSEHOLD,435,0.22411128284389625,0,83.3590932509016,323,8.19680713128039
HOUSEHOLD_2_271,HOUSEHOLD_2,HOUSEHOLD,435,0.22411128284389603,0,82.01957753735188,349,4.662885313959522
HOBBIES_1_315,HOBBIES_1,HOBBIES,434,0.2235960844925307,0,82.58629572385368,338,4.323374549201445
HOBBIES_1_363,HOBBIES_1,HOBBIES,434,0.22359608449252963,0,81.65893869139619,356,2.8548810754912095
HOUSEHOLD_2_021,HOUSEHOLD_2,HOUSEHOLD,433,0.22308088614116456,0,81.76197836166924,354,4.439705274043433
HOBBIES_1_007,HOBBIES_1,HOBBIES,432,0.22256568778980088,0,81.34981968057701,362,7.885338983050848
HOUSEHOLD_2_362,HOUSEHOLD_2,HOUSEHOLD,432,0.2225656877897995,0,81.24678001030397,364,3.7224987120041213
FOODS_2_007,FOODS_2,FOODS,431,0.22205048943843658,0,89.28387429160227,208,2.790033670033669
HOUSEHOLD_2_386,HOUSEHOLD_2,HOUSEHOLD,430,0.22153529108707037,0,84.80164863472437,295,3.97
FOODS_2_094,FOODS_2,FOODS,429,0.2210200927357055,0,88.4080370942813,225,1.28
HOUSEHOLD_2_302,HOUSEHOLD_2,HOUSEHOLD,429,0.2210200927357036,0,84.54404945904173,300,3.128828828828829
HOBBIES_1_335,HOBBIES_1,HOBBIES,427,0.2199896960329749,0,87.99587841318908,233,12.789571328179901
HOBBIES_2_148,HOBBIES_2,HOBBIES,427,0.2199896960329728,0,85.47140649149922,282,0.8334177869700108
HOUSEHOLD_2_205,HOUSEHOLD_2,HOUSEHOLD,427,0.21998969603297286,0,81.19526017516743,365,5.84
HOUSEHOLD_2_233,HOUSEHOLD_2,HOUSEHOLD,427,0.21998969603297192,0,80.78310149407521,373,11.874188562596602
FOODS_1_029,FOODS_1,FOODS,426,0.2194744976816073,0,83.20453374549201,326,4.03122470713525
HOUSEHOLD_2_166,HOUSEHOLD_2,HOUSEHOLD,426,0.2194744976816068,0,81.2982998454405,363,9.47
HOUSEHOLD_2_292,HOUSEHOLD_2,HOUSEHOLD,426,0.21947449768160765,0,81.34981968057701,362,12.60266357547655
FOODS_2_261,FOODS_2,FOODS,424,0.21844410097887784,0,82.94693456980937,331,9.995527488855869
FOODS_3_691,FOODS_3,FOODS,424,0.21844410097887842,0,83.97733127253993,311,7.48
FOODS_2_039,FOODS_2,FOODS,423,0.21792890262751508,0,81.96805770221536,350,4.8242651296829955
HOUSEHOLD_2_019,HOUSEHOLD_2,HOUSEHOLD,423,0.2179289026275109,0,81.45285935085008,360,9.47
HOBBIES_2_116,HOBBIES_2,HOBBIES,421,0.21689850592478052,0,83.41061308603813,322,2.97
HOBBIES_1_128,HOBBIES_1,HOBBIES,418,0.21535291087068553,0,82.94693456980937,331,8.760496380558427
HOBBIES_2_026,HOBBIES_2,HOBBIES,418,0.21535291087068775,0,91.29314786192684,169,0.23
HOUSEHOLD_1_400,HOUSEHOLD_1,HOUSEHOLD,418,0.2153529108706808,0,81.91653786707882,351,6.97
HOUSEHOLD_2_378,HOUSEHOLD_2,HOUSEHOLD,417,0.21483771251932046,0,83.20453374549201,326,6.990136411332634
HOUSEHOLD_2_402,HOUSEHOLD_2,HOUSEHOLD,417,0.21483771251932246,0,84.647089129314793,298,8.97
HOUSEHOLD_2_433,HOUSEHOLD_2,HOUSEHOLD,417,0.214837712519318,0,82.07109737248841,348,6.197511591962904
HOBBIES_2_048,HOBBIES_2,HOBBIES,416,0.21432251416795517,0,85.88356517259145,274,2.7698962117280734
FOODS_1_179,FOODS_1,FOODS,414,0.21329211746522383,0,91.24162802679031,170,3.58
HOBBIES_1_114,HOBBIES_1,HOBBIES,411,0.21174652241112696,0,83.3590932509016,323,5.97
HOUSEHOLD_1_444,HOUSEHOLD_1,HOUSEHOLD,411,0.21174652241113184,0,86.5533230293663,261,4.88
HOUSEHOLD_2_303,HOUSEHOLD_2,HOUSEHOLD,411,0.21174652241113068,0,82.94693456980937,331,7.0235422343324245
FOODS_3_409,FOODS_3,FOODS,410,0.21123132405976822,0,87.32612055641422,246,2.78
HOUSEHOLD_1_148,HOUSEHOLD_1,HOUSEHOLD,409,0.21071612570840112,0,88.15043791859866,230,5.899878197320341
HOUSEHOLD_2_270,HOUSEHOLD_2,HOUSEHOLD,409,0.21071612570839932,0,83.20453374549201,326,5.721499482936915
HOBBIES_1_262,HOBBIES_1,HOBBIES,408,0.21020092735703733,0,84.13189077794951,308,8.98
HOUSEHOLD_1_206,HOUSEHOLD_1,HOUSEHOLD,408,0.21020092735703083,0,84.08037094281299,309,4.878742916022667
HOUSEHOLD_1_152,HOUSEHOLD_1,HOUSEHOLD,407,0.20968572900566976,0,85.41988665636269,283,9.98
HOUSEHOLD_2_445,HOUSEHOLD_2,HOUSEHOLD,407,0.20968572900566665,0,83.04997424008243,329,5.649536321483775
HOBBIES_1_279,HOBBIES_1,HOBBIES,405,0.20865533230293817,0,88.87171561051005,216,3.9135748792270526
HOUSEHOLD_2_357,HOUSEHOLD_2,HOUSEHOLD,405,0.2086553323029362,0,83.82277176713035,314,8.024528593508501
HOUSEHOLD_2_022,HOUSEHOLD_2,HOUSEHOLD,403,0.2076249356002064,0,84.85316846986089,294,5.650550507749866
HOUSEHOLD_2_081,HOUSEHOLD_2,HOUSEHOLD,403,0.2076249356002113,0,84.80164863472437,295,2.57
FOODS_2_147,FOODS_2,FOODS,401,0.20659453889747825,0,87.1200412158681,250,3.7278216123499144
FOODS_2_341,FOODS_2,FOODS,400,0.206079340546115,0,87.63523956723338,240,2.5021
HOBBIES_1_419,HOBBIES_1,HOBBIES,400,0.2060793405461095,0,83.51365275631119,320,5.98
HOUSEHOLD_2_251,HOUSEHOLD_2,HOUSEHOLD,400,0.2060793405461098,0,83.30757341576506,324,3.97
FOODS_1_095,FOODS_1,FOODS,399,0.20556414219474442,0,87.94435857805254,234,3.0237970118495623
FOODS_3_164,FOODS_3,FOODS,399,0.20556414219475147,0,91.08706852138073,173,2.8824887556221888
FOODS_3_254,FOODS_3,FOODS,399,0.20556414219474822,0,90.1081916537867,192,1.74
FOODS_3_701,FOODS_3,FOODS,399,0.2055641421947514,0,87.37764039155074,245,1.98
HOBBIES_1_347,HOBBIES_1,HOBBIES,398,0.2050489438433794,0,82.74085522926326,335,9.88
HOUSEHOLD_2_398,HOUSEHOLD_2,HOUSEHOLD,398,0.2050489438433794,0,83.20453374549201,326,7.8650540958268955
HOBBIES_1_306,HOBBIES_1,HOBBIES,397,0.204533745492011,0,84.75012879958784,296,13.98
HOBBIES_2_140,HOBBIES_2,HOBBIES,397,0.2045337454920125,0,86.03812467800103,271,2.5975528169014095
HOUSEHOLD_2_494,HOUSEHOLD_2,HOUSEHOLD,397,0.20453374549201442,0,82.48325605358063,340,5.94
FOODS_3_662,FOODS_3,FOODS,396,0.2040185471406442,0,86.50180319422978,262,2.4958083832335327
HOUSEHOLD_1_064,HOUSEHOLD_1,HOUSEHOLD,396,0.20401854714064466,0,85.52292632663575,281,5.78
HOUSEHOLD_2_004,HOUSEHOLD_2,HOUSEHOLD,396,0.20401854714064946,0,83.97733127253993,311,5.67
HOUSEHOLD_2_404,HOUSEHOLD_2,HOUSEHOLD,396,0.20401854714064352,0,85.67748583204533,278,2.97
HOBBIES_1_305,HOBBIES_1,HOBBIES,395,0.20350334878928414,0,83.66821226172077,317,2.87
HOUSEHOLD_1_049,HOUSEHOLD_1,HOUSEHOLD,395,0.20350334878927817,0,91.03554868624421,174,5.634619164619166
HOUSEHOLD_2_363,HOUSEHOLD_2,HOUSEHOLD,395,0.20350334878928442,0,85.93508500772798,273,5.98
HOBBIES_1_117,HOBBIES_1,HOBBIES,394,0.20298815043791843,0,82.01957753735188,349,12.152565687789812
HOUSEHOLD_2_319,HOUSEHOLD_2,HOUSEHOLD,394,0.2029881504379164,0,85.31684698608964,285,1.98
FOODS_3_773,FOODS_3,FOODS,393,0.20247295208654753,0,85.41988665636269,283,4.98
HOBBIES_1_199,HOBBIES_1,HOBBIES,393,0.2024729520865526,0,86.3472436888202,265,3.5263370786516837
HOBBIES_1_377,HOBBIES_1,HOBBIES,393,0.20247295208655375,0,81.81349819680577,353,9.730329726944872
HOBBIES_1_083,HOBBIES_1,HOBBIES,392,0.20195775373518704,0,83.10149407521897,328,17.126017830609214
HOUSEHOLD_2_108,HOUSEHOLD_2,HOUSEHOLD,392,0.2019577537351894,0,84.44100978876867,302,8.881695002575992
HOUSEHOLD_2_383,HOUSEHOLD_2,HOUSEHOLD,392,0.20195775373518884,0,82.84389489953632,333,3.937557959814529
FOODS_2_084,FOODS_2,FOODS,390,0.20092735703245182,0,87.53219989696032,242,2.97
HOUSEHOLD_2_399,HOUSEHOLD_2,HOUSEHOLD,390,0.2009273570324522,0,86.24420401854714,267,2.67
HOBBIES_1_171,HOBBIES_1,HOBBIES,389,0.20041215868108853,0,84.59556929417826,299,2.88
HOUSEHOLD_2_048,HOUSEHOLD_2,HOUSEHOLD,389,0.2004121586810929,0,83.20453374549201,326,3.723376894929429
HOUSEHOLD_2_316,HOUSEHOLD_2,HOUSEHOLD,389,0.20041215868109305,0,82.74085522926326,335,7.244906928645294
HOUSEHOLD_2_327,HOUSEHOLD_2,HOUSEHOLD,389,0.2004121586810936,0,84.75012879958784,296,2.990025759917568
HOUSEHOLD_2_351,HOUSEHOLD_2,HOUSEHOLD,389,0.20041215868109283,0,83.25605358062855,325,5.94
FOODS_2_387,FOODS_2,FOODS,388,0.19989696032972226,0,85.88356517259145,274,12.97
HOBBIES_1_333,HOBBIES_1,HOBBIES,388,0.1998969603297278,0,84.13189077794951,308,4.952085732565579
HOUSEHOLD_1_009,HOUSEHOLD_1,HOUSEHOLD,388,0.19989696032972354,0,85.31684698608964,285,17.97
HOBBIES_1_224,HOBBIES_1,HOBBIES,387,0.19938176197836416,0,84.33797011849562,304,3.97
FOODS_2_271,FOODS_2,FOODS,386,0.19886656362699207,0,87.37764039155074,245,10.976084745762712
HOBBIES_2_122,HOBBIES_2,HOBBIES,386,0.1988665636269982,0,87.42916022668727,244,0.8342140641158229
HOUSEHOLD_2_129,HOUSEHOLD_2,HOUSEHOLD,386,0.19886656362699412,0,88.0473982483256,232,5.816030534351145
FOODS_2_328,FOODS_2,FOODS,385,0.19835136527562763,0,87.89283874291603,235,4.42
HOUSEHOLD_2_133,HOUSEHOLD_2,HOUSEHOLD,385,0.19835136527563055,0,83.15301391035548,327,4.97
FOODS_1_089,FOODS_1,FOODS,384,0.19783616692426248,0,87.42916022668727,244,3.407764127764128
HOBBIES_1_027,HOBBIES_1,HOBBIES,383,0.197320968572897,0,85.9866048428645,272,20.02675120772947
HOBBIES_1_395,HOBBIES_1,HOBBIES,383,0.1973209685728966,0,86.14116434827409,269,7.48
HOUSEHOLD_2_153,HOUSEHOLD_2,HOUSEHOLD,383,0.19732096857289624,0,86.913961875322,254,9.421632088520056
HOUSEHOLD_2_272,HOUSEHOLD_2,HOUSEHOLD,381,0.19629057187016796,0,85.2138073158166,287,5.47
FOODS_2_300,FOODS_2,FOODS,380,0.1957753735188045,0,85.47140649149922,282,6.2772255095332
HOBBIES_2_105,HOBBIES_2,HOBBIES,380,0.19577537351880436,0,84.647089129314793,298,2.5652086553323032
HOBBIES_2_022,HOBBIES_2,HOBBIES,379,0.19526017516744165,0,83.3590932509016,323,4.97
HOUSEHOLD_2_107,HOUSEHOLD_2,HOUSEHOLD,379,0.19526017516743915,0,82.79237506439979,334,11.97
HOUSEHOLD_2_359,HOUSEHOLD_2,HOUSEHOLD,377,0.19422977846470654,0,86.60484286450283,260,9.417493150684932
FOODS_2_068,FOODS_2,FOODS,376,0.19371458011334333,0,83.97733127253993,311,7.365976300875832
HOBBIES_1_204,HOBBIES_1,HOBBIES,376,0.19371458011334072,0,87.32612055641422,246,9.915120147874308
FOODS_3_576,FOODS_3,FOODS,375,0.19319938176197288,0,88.15043791859866,230,2.5
HOBBIES_2_078,HOBBIES_2,HOBBIES,375,0.1931993817619774,0,84.75012879958784,296,6.37593508500773
HOBBIES_2_102,HOBBIES_2,HOBBIES,375,0.19319938176197837,0,85.57444616177227,280,5.966393611540443
HOBBIES_2_136,HOBBIES_2,HOBBIES,375,0.19319938176197837,0,88.25347758887172,228,2.7680072651790355
HOUSEHOLD_2_254,HOUSEHOLD_2,HOUSEHOLD,375,0.19319938176197837,0,83.71973209685729,316,4.402493560020608
FOODS_1_151,FOODS_1,FOODS,374,0.19268418341060872,0,85.67748583204533,278,11.405500848896436
FOODS_3_173,FOODS_3,FOODS,374,0.1926841834106087,0,85.2138073158166,287,11.29303958177745
FOODS_3_724,FOODS_3,FOODS,374,0.19268418341061078,0,83.46213292117464,321,6.5593405461102545
HOBBIES_1_175,HOBBIES_1,HOBBIES,374,0.1926841834106133,0,84.13189077794951,308,1.9705429162357808
FOODS_1_093,FOODS_1,FOODS,373,0.19216898505924718,0,87.78979907264298,237,5.49896532120523
FOODS_2_158,FOODS_2,FOODS,373,0.192168985059243,0,90.82946934569809,178,1.28
FOODS_3_009,FOODS_3,FOODS,371,0.1911385883565131,0,87.94435857805254,234,2.28
HOBBIES_1_093,HOBBIES_1,HOBBIES,371,0.19113858835651573,0,83.10149407521897,328,20.255544624033732
FOODS_3_003,FOODS_3,FOODS,370,0.1906233900051486,0,89.3353941267388,207,3.9261723446893786
FOODS_3_260,FOODS_3,FOODS,369,0.19010819165378276,0,89.69603297269448,200,1.97
HOBBIES_1_060,HOBBIES_1,HOBBIES,369,0.19010819165378304,0,84.54404945904173,300,30.51584745762712
HOBBIES_2_068,HOBBIES_2,HOBBIES,369,0.1901081916537874,0,86.14116434827409,269,1.8868423855165068
HOUSEHOLD_2_106,HOUSEHOLD_2,HOUSEHOLD,369,0.1901081916537875,0,84.647089129314793,298,8.353241985522235
HOBBIES_1_110,HOBBIES_1,HOBBIES,368,0.1895929933024214,0,84.18341061308604,307,3.67
FOODS_2_028,FOODS_2,FOODS,366,0.18856259659968821,0,86.3472436888202,265,3.864039603960396
HOUSEHOLD_1_108,HOUSEHOLD_1,HOUSEHOLD,366,0.18856259659969096,0,83.5651725914477,319,4.846676970633695
HOBBIES_1_340,HOBBIES_1,HOBBIES,365,0.18804739824832314,0,86.24420401854714,267,7.948190730837791
HOUSEHOLD_1_080,HOUSEHOLD_1,HOUSEHOLD,364,0.18753219989695852,0,84.13189077794951,308,10.060179414542024
FOODS_2_006,FOODS_2,FOODS,363,0.1870170015455927,0,85.31684698608964,285,10.292714001327147
HOBBIES_1_271,HOBBIES_1,HOBBIES,363,0.1870170015455928,0,84.4925296239052,301,5.77
HOBBIES_1_376,HOBBIES_1,HOBBIES,363,0.18701700154559248,0,85.31684698608964,285,16.085187057633973
FOODS_2_393,FOODS_2,FOODS,362,0.1865018031942273,0,85.67748583204533,278,3.9447579529737204
HOUSEHOLD_2_131,HOUSEHOLD_2,HOUSEHOLD,362,0.186501803194228,0,84.44100978876867,302,12.25448810754912
FOODS_2_165,FOODS_2,FOODS,359,0.184956208140133,0,88.61411643482741,221,3.946596136154554
HOBBIES_1_405,HOBBIES_1,HOBBIES,358,0.18444100978876846,0,84.647089129314793,298,12.164462895692784
FOODS_3_799,FOODS_3,FOODS,357,0.1839258114374023,0,84.4925296239052,301,2.1010200927357032
HOBBIES_1_168,HOBBIES_1,HOBBIES,357,0.18392581143740222,0,86.14116434827409,269,4.83
FOODS_1_191,FOODS_1,FOODS,356,0.18341061308603776,0,86.39876352395672,264,5.499482660602616
HOBBIES_1_046,HOBBIES_1,HOBBIES,356,0.18341061308603723,0,86.75940236991242,257,18.909
HOBBIES_1_393,HOBBIES_1,HOBBIES,356,0.18341061308603732,0,84.75012879958784,296,28.73300578034682
FOODS_2_155,FOODS_2,FOODS,355,0.18289541473467225,0,88.0473982483256,232,2.500706179066835
FOODS_1_212,FOODS_1,FOODS,354,0.18238021638330723,0,85.88356517259145,274,6.128254071661236
FOODS_3_370,FOODS_3,FOODS,352,0.18134981968057728,0,93.30242143225142,130,6.98
HOUSEHOLD_1_044,HOUSEHOLD_1,HOUSEHOLD,352,0.1813498196805773,0,86.81092220504894,256,17.97
HOUSEHOLD_1_484,HOUSEHOLD_1,HOUSEHOLD,352,0.18134981968057728,0,88.15043791859866,230,9.97
HOUSEHOLD_2_167,HOUSEHOLD_2,HOUSEHOLD,352,0.1813498196805773,0,88.768675940237,218,2.88
HOUSEHOLD_2_497,HOUSEHOLD_2,HOUSEHOLD,351,0.18083462132921205,0,85.31684698608964,285,5.780252447192169
FOODS_3_180,FOODS_3,FOODS,350,0.18031942297784728,0,85.47140649149922,282,2.952912423625255
HOBBIES_1_263,HOBBIES_1,HOBBIES,350,0.18031942297784687,0,85.88356517259145,274,4.97
HOUSEHOLD_2_441,HOUSEHOLD_2,HOUSEHOLD,350,0.18031942297784637,0,84.90468830499742,293,4.94
HOUSEHOLD_1_276,HOUSEHOLD_1,HOUSEHOLD,349,0.17980422462648127,0,83.3590932509016,323,17.15416243654823
HOUSEHOLD_1_463,HOUSEHOLD_1,HOUSEHOLD,348,0.1792890262751172,0,85.059247810407,290,2.98
HOUSEHOLD_2_338,HOUSEHOLD_2,HOUSEHOLD,348,0.17928902627511736,0,85.9866048428645,272,4.92
HOBBIES_1_186,HOBBIES_1,HOBBIES,347,0.17877382792375227,0,88.51107676455435,223,16.78590308370044
HOBBIES_1_063,HOBBIES_1,HOBBIES,346,0.17825862957238678,0,84.28645028335909,305,5.371725914477074
FOODS_2_023,FOODS_2,FOODS,345,0.17774343122102226,0,91.19010819165379,171,1.28
FOODS_3_122,FOODS_3,FOODS,345,0.1777434312210222,0,87.6867594023699,239,2.5
HOBBIES_2_113,HOBBIES_2,HOBBIES,345,0.1777434312210218,0,85.7805255023184,276,5.659089968976212
HOUSEHOLD_2_300,HOUSEHOLD_2,HOUSEHOLD,345,0.17774343122102196,0,85.57444616177227,280,7.897139552814185
HOUSEHOLD_2_046,HOUSEHOLD_2,HOUSEHOLD,343,0.17671303451829198,0,85.62596599690882,279,7.06654995730145
HOBBIES_1_176,HOBBIES_1,HOBBIES,341,0.17568263781555798,0,85.83204533745491,275,5.732594026548671
HOBBIES_1_207,HOBBIES_1,HOBBIES,341,0.17568263781555815,0,84.38948995363215,303,2.7084492529623914
HOUSEHOLD_2_125,HOUSEHOLD_2,HOUSEHOLD,340,0.17516743946419394,0,85.93508500772798,273,8.87692060085837
HOUSEHOLD_2_150,HOUSEHOLD_2,HOUSEHOLD,340,0.17516743946419394,0,86.03812467800103,271,6.97
FOODS_1_107,FOODS_1,FOODS,339,0.1746522411128281,0,89.38691396187532,206,5.436390243902441
FOODS_3_033,FOODS_3,FOODS,337,0.17362184441010078,0,88.0473982483256,232,2.5
HOBBIES_1_210,HOBBIES_1,HOBBIES,336,0.17310664605873408,0,88.35651725914477,226,5.797146529562983
FOODS_1_111,FOODS_1,FOODS,335,0.17259144770737134,0,87.58371973209685,241,5.98
FOODS_2_123,FOODS_2,FOODS,335,0.17259144770737148,0,88.30499742400825,227,2.903105802047782
HOBBIES_1_250,HOBBIES_1,HOBBIES,335,0.1725914477073674,0,86.08964451313756,270,4.88
HOUSEHOLD_2_168,HOUSEHOLD_2,HOUSEHOLD,335,0.17259144770736676,0,85.47140649149922,282,6.94
HOUSEHOLD_2_334,HOUSEHOLD_2,HOUSEHOLD,335,0.17259144770736748,0,87.73827923750645,238,2.990242143225142
FOODS_3_353,FOODS_3,FOODS,333,0.17156105100464109,0,91.70530654301906,161,8.98
FOODS_2_372,FOODS_2,FOODS,332,0.17104585265327646,0,87.06852138073158,251,8.956211936662607
HOUSEHOLD_2_032,HOUSEHOLD_2,HOUSEHOLD,332,0.17104585265327368,0,85.67748583204533,278,8.265636083269076
HOUSEHOLD_2_116,HOUSEHOLD_2,HOUSEHOLD,332,0.17104585265327124,0,86.08964451313756,270,5.651672902191341
HOUSEHOLD_2_340,HOUSEHOLD_2,HOUSEHOLD,332,0.17104585265327157,0,88.61411643482741,221,4.984184782608696
FOODS_3_006,FOODS_3,FOODS,331,0.1705306543019113,0,86.70788253477589,258,7.88
HOBBIES_1_184,HOBBIES_1,HOBBIES,331,0.17053065430190728,0,85.31684698608964,285,12.576697118763175
HOBBIES_1_218,HOBBIES_1,HOBBIES,331,0.1705306543019098,0,86.81092220504894,256,10.606146010186757
HOUSEHOLD_1_201,HOUSEHOLD_1,HOUSEHOLD,331,0.17053065430191158,0,89.02627511591963,213,4.84
FOODS_1_148,FOODS_1,FOODS,330,0.17001545595053963,0,89.18083462132921,210,4.734951989026063
FOODS_2_395,FOODS_2,FOODS,330,0.1700154559505409,0,89.5414734672849,203,3.9410000000000003
HOUSEHOLD_1_466,HOUSEHOLD_1,HOUSEHOLD,330,0.17001545595053952,0,86.86244204018547,255,3.9634162679425837
HOBBIES_2_006,HOBBIES_2,HOBBIES,329,0.16950025759917545,0,86.75940236991242,257,3.914100978876869
FOODS_3_507,FOODS_3,FOODS,328,0.1689850592478126,0,87.99587841318908,233,1.98
HOBBIES_1_033,HOBBIES_1,HOBBIES,328,0.16898505924781046,0,86.5533230293663,261,16.086008146639514
HOBBIES_1_257,HOBBIES_1,HOBBIES,328,0.16898505924781063,0,85.11076764554353,289,16.827140583554378
HOBBIES_1_406,HOBBIES_1,HOBBIES,328,0.1689850592478109,0,86.75940236991242,257,3.88
HOBBIES_2_137,HOBBIES_2,HOBBIES,327,0.16846986089644161,0,86.96548171045852,253,2.97
HOUSEHOLD_2_293,HOUSEHOLD_2,HOUSEHOLD,327,0.16846986089644506,0,84.69860896445131,297,7.163456980937665
HOUSEHOLD_2_099,HOUSEHOLD_2,HOUSEHOLD,326,0.16795466254507999,0,85.16228748068006,288,5.94
HOUSEHOLD_2_323,HOUSEHOLD_2,HOUSEHOLD,326,0.16795466254507835,0,86.75940236991242,257,3.97
HOUSEHOLD_2_146,HOUSEHOLD_2,HOUSEHOLD,325,0.16743946419371677,0,88.15043791859866,230,6.428242343541944
FOODS_1_010,FOODS_1,FOODS,324,0.1669242658423497,0,88.09891808346212,231,5.368786008230454
HOUSEHOLD_2_105,HOUSEHOLD_2,HOUSEHOLD,324,0.1669242658423501,0,85.41988665636269,283,4.967586423632936
FOODS_3_510,FOODS_3,FOODS,323,0.16640906749098566,0,91.34466769706336,168,2.139608938547486
HOBBIES_1_360,HOBBIES_1,HOBBIES,323,0.16640906749098466,0,85.67748583204533,278,14.839381761978359
FOODS_2_310,FOODS_2,FOODS,322,0.1658938691396193,0,88.9747552807831,214,3.9339532293986634
HOBBIES_1_170,HOBBIES_1,HOBBIES,321,0.16537867078825352,0,85.83204533745491,275,17.97
HOBBIES_2_130,HOBBIES_2,HOBBIES,321,0.16537867078825305,0,86.70788253477589,258,6.97
HOUSEHOLD_2_474,HOUSEHOLD_2,HOUSEHOLD,321,0.16537867078825316,0,85.83204533745491,275,7.216782563570319
HOUSEHOLD_2_516,HOUSEHOLD_2,HOUSEHOLD,321,0.16537867078825416,0,85.2138073158166,287,5.94
HOUSEHOLD_2_063,HOUSEHOLD_2,HOUSEHOLD,320,0.16486347243688998,0,86.19268418341062,268,4.67420401854714
FOODS_3_038,FOODS_3,FOODS,319,0.1643482740855266,0,88.82019577537352,217,4.98
HOBBIES_2_121,HOBBIES_2,HOBBIES,319,0.1643482740855253,0,88.92323544564658,215,0.97
HOUSEHOLD_2_069,HOUSEHOLD_2,HOUSEHOLD,319,0.1643482740855209,0,85.7805255023184,276,10.078534704370176
FOODS_2_187,FOODS_2,FOODS,318,0.16383307573416145,0,88.0473982483256,232,5.119620253164558
HOBBIES_1_251,HOBBIES_1,HOBBIES,318,0.1638330757341605,0,87.22308088614116,248,15.83
HOUSEHOLD_2_123,HOUSEHOLD_2,HOUSEHOLD,318,0.1638330757341616,0,88.61411643482741,221,1.98
HOUSEHOLD_2_169,HOUSEHOLD_2,HOUSEHOLD,318,0.1638330757341554,0,87.4806800618238,243,5.84
HOBBIES_2_057,HOBBIES_2,HOBBIES,317,0.16331787738279196,0,91.03554868624421,174,1.97
HOUSEHOLD_1_015,HOUSEHOLD_1,HOUSEHOLD,317,0.16331787738279235,0,87.89283874291603,235,5.289598145285934
HOUSEHOLD_2_053,HOUSEHOLD_2,HOUSEHOLD,317,0.16331787738279066,0,88.30499742400825,227,1.9590488110137672
HOUSEHOLD_2_189,HOUSEHOLD_2,HOUSEHOLD,317,0.16331787738279185,0,85.7805255023184,276,14.48
HOBBIES_2_004,HOBBIES_2,HOBBIES,316,0.1628026790314277,0,87.17156105100463,249,2.47
HOUSEHOLD_2_464,HOUSEHOLD_2,HOUSEHOLD,316,0.1628026790314267,0,85.57444616177227,280,2.88
HOBBIES_2_126,HOBBIES_2,HOBBIES,315,0.16228748068006493,0,89.74755280783101,199,0.5
HOUSEHOLD_2_224,HOUSEHOLD_2,HOUSEHOLD,315,0.1622874806800619,0,85.93508500772798,273,3.97
HOUSEHOLD_2_218,HOUSEHOLD_2,HOUSEHOLD,314,0.1617722823286952,0,86.08964451313756,270,11.287362184441006
FOODS_1_211,FOODS_1,FOODS,313,0.1612570839773303,0,89.48995363214837,204,5.494110289937464
HOBBIES_2_093,HOBBIES_2,HOBBIES,313,0.1612570839773302,0,88.45955692941783,224,1.97
HOBBIES_2_143,HOBBIES_2,HOBBIES,312,0.16074188562596545,0,91.65378670788253,162,1.0324802527646144
HOUSEHOLD_1_085,HOUSEHOLD_1,HOUSEHOLD,312,0.1607418856259658,0,85.57444616177227,280,16.571236525047556
HOBBIES_1_003,HOBBIES_1,HOBBIES,309,0.15919629057187654,0,88.20195775373519,229,2.97
HOBBIES_1_318,HOBBIES_1,HOBBIES,309,0.15919629057187423,0,89.02627511591963,213,4.194451450189155
HOBBIES_2_069,HOBBIES_2,HOBBIES,309,0.15919629057187012,0,88.20195775373519,229,2.97
HOBBIES_2_017,HOBBIES_2,HOBBIES,308,0.15868109222050508,0,87.01700154559505,252,0.5372866666666669
HOBBIES_2_061,HOBBIES_2,HOBBIES,308,0.15868109222050508,0,88.25347758887172,228,1.97
HOUSEHOLD_1_253,HOUSEHOLD_1,HOUSEHOLD,307,0.1581658938691343,0,89.79907264296754,198,3.535016949152542
HOUSEHOLD_2_177,HOUSEHOLD_2,HOUSEHOLD,307,0.15816589386913626,0,89.38691396187532,206,2.98
HOBBIES_1_118,HOBBIES_1,HOBBIES,306,0.1576506955177748,0,85.62596599690882,279,11.08854177477945
HOBBIES_2_041,HOBBIES_2,HOBBIES,306,0.1576506955177711,0,90.52035033487893,184,1.97
FOODS_2_365,FOODS_2,FOODS,305,0.1571354971664054,0,89.5414734672849,203,10.809370860927151
HOBBIES_1_366,HOBBIES_1,HOBBIES,305,0.15713549716641012,0,87.37764039155074,245,3.97
HOUSEHOLD_2_126,HOUSEHOLD_2,HOUSEHOLD,305,0.15713549716641018,0,87.78979907264298,237,6.97
HOUSEHOLD_2_286,HOUSEHOLD_2,HOUSEHOLD,305,0.15713549716640493,0,90.26275115919628,189,2.14
HOUSEHOLD_1_189,HOUSEHOLD_1,HOUSEHOLD,302,0.15558990211231366,0,88.9747552807831,214,5.4306951026856245
HOUSEHOLD_1_263,HOUSEHOLD_1,HOUSEHOLD,302,0.15558990211231383,0,88.0473982483256,232,7.5696416022487725
HOUSEHOLD_2_208,HOUSEHOLD_2,HOUSEHOLD,302,0.1555899021123132,0,86.5533230293663,261,12.97
FOODS_3_017,FOODS_3,FOODS,301,0.1550747037609481,0,85.7805255023184,276,2.0229160226687277
FOODS_3_337,FOODS_3,FOODS,301,0.15507470376094448,0,88.25347758887172,228,3.98
HOBBIES_1_197,HOBBIES_1,HOBBIES,301,0.15507470376094765,0,86.19268418341062,268,12.787000538502962
HOUSEHOLD_1_057,HOUSEHOLD_1,HOUSEHOLD,301,0.15507470376094792,0,89.07779495105615,212,1.687591973244148
FOODS_2_191,FOODS_2,FOODS,299,0.154044307058215,0,90.52035033487893,184,8.913186490455214
FOODS_3_256,FOODS_3,FOODS,298,0.15352910870685207,0,86.75940236991242,257,2.5545749613601236
FOODS_3_364,FOODS_3,FOODS,297,0.15301391035548567,0,90.82946934569809,178,2.78
HOUSEHOLD_2_010,HOUSEHOLD_2,HOUSEHOLD,296,0.15249871200412193,0,86.08964451313756,270,6.962859350850077
FOODS_3_693,FOODS_3,FOODS,295,0.15198351365275542,0,90.05667181865019,193,3.48
HOBBIES_2_149,HOBBIES_2,HOBBIES,295,0.151983513652755,0,90.00515198351366,194,1.5595721925133648
HOUSEHOLD_2_144,HOUSEHOLD_2,HOUSEHOLD,294,0.15146831530139093,0,86.913961875322,254,4.404529472595658
FOODS_1_077,FOODS_1,FOODS,291,0.1499227202472948,0,89.43843379701185,205,3.0604669260700397
HOUSEHOLD_2_280,HOUSEHOLD_2,HOUSEHOLD,291,0.14992272024729483,0,88.45955692941783,224,5.97
HOBBIES_2_107,HOBBIES_2,HOBBIES,290,0.14940752189593284,0,88.56259659969088,222,0.5376244193762445
FOODS_2_313,FOODS_2,FOODS,288,0.14837712519319912,0,86.96548171045852,253,9.156774941995353
FOODS_3_575,FOODS_3,FOODS,288,0.1483771251931978,0,90.00515198351366,194,6.54031339031339
FOODS_3_517,FOODS_3,FOODS,287,0.14786192684183297,0,89.48995363214837,204,2.8894989979959917
FOODS_3_722,FOODS_3,FOODS,287,0.14786192684183477,0,90.00515198351366,194,2.5068201438848923
HOBBIES_1_243,HOBBIES_1,HOBBIES,287,0.14786192684183777,0,87.42916022668727,244,13.88
HOBBIES_2_147,HOBBIES_2,HOBBIES,287,0.14786192684183777,0,89.85059247810408,197,0.97
HOUSEHOLD_2_508,HOUSEHOLD_2,HOUSEHOLD,286,0.14734672849046906,0,87.17156105100463,249,15.096596289187461
FOODS_2_114,FOODS_2,FOODS,284,0.14631633178773534,0,90.6749098402885,181,2.697263751763047
FOODS_3_563,FOODS_3,FOODS,284,0.1463163317877342,0,92.3235445646574,149,3.78
HOBBIES_2_141,HOBBIES_2,HOBBIES,284,0.14631633178773532,0,88.25347758887172,228,0.5377637690776372
HOUSEHOLD_2_314,HOUSEHOLD_2,HOUSEHOLD,284,0.1463163317877365,0,90.00515198351366,194,1.97
HOUSEHOLD_1_271,HOUSEHOLD_1,HOUSEHOLD,283,0.14580113343637024,0,88.45955692941783,224,2.98
HOUSEHOLD_2_304,HOUSEHOLD_2,HOUSEHOLD,283,0.14580113343637294,0,87.73827923750645,238,6.027735263702169
HOUSEHOLD_1_264,HOUSEHOLD_1,HOUSEHOLD,282,0.1452859350850047,0,88.87171561051005,216,7.252128514056224
FOODS_2_097,FOODS_2,FOODS,280,0.14425553838227445,0,91.08706852138073,173,7.552751423149906
HOBBIES_2_046,HOBBIES_2,HOBBIES,280,0.14425553838227692,0,87.99587841318908,233,2.7835987590486013
FOODS_2_287,FOODS_2,FOODS,278,0.1432251416795442,0,90.72642967542504,180,2.4818158890290034
HOBBIES_1_180,HOBBIES_1,HOBBIES,278,0.1432251416795442,0,87.6867594023699,239,19.98
HOUSEHOLD_1_534,HOUSEHOLD_1,HOUSEHOLD,278,0.14322514167954387,0,90.31427099433283,188,9.97
HOUSEHOLD_2_156,HOUSEHOLD_2,HOUSEHOLD,276,0.14219474497681678,0,88.45955692941783,224,7.053225419664271
HOUSEHOLD_2_187,HOUSEHOLD_2,HOUSEHOLD,276,0.14219474497681583,0,89.5414734672849,203,3.33
FOODS_2_032,FOODS_2,FOODS,275,0.14167954662544824,0,91.19010819165379,171,2.18
FOODS_3_088,FOODS_3,FOODS,275,0.14167954662544796,0,90.77794951056156,179,2.78
HOUSEHOLD_1_433,HOUSEHOLD_1,HOUSEHOLD,275,0.14167954662544802,0,89.07779495105615,212,8.97
HOUSEHOLD_2_489,HOUSEHOLD_2,HOUSEHOLD,275,0.14167954662544907,0,88.61411643482741,221,14.47
HOBBIES_1_391,HOBBIES_1,HOBBIES,273,0.14064914992271924,0,88.9747552807831,214,3.88
FOODS_1_157,FOODS_1,FOODS,272,0.14013395157135314,0,88.92323544564658,215,4.697053824362606
HOUSEHOLD_2_339,HOUSEHOLD_2,HOUSEHOLD,272,0.14013395157135505,0,88.35651725914477,226,6.922557029177719
FOODS_2_369,FOODS_2,FOODS,270,0.13910355486862283,0,90.57187017001546,183,4.87
HOBBIES_1_082,HOBBIES_1,HOBBIES,270,0.1391035548686242,0,88.51107676455435,223,3.78
HOUSEHOLD_1_388,HOUSEHOLD_1,HOUSEHOLD,270,0.13910355486862294,0,89.85059247810408,197,3.5447457627118646
HOUSEHOLD_2_008,HOUSEHOLD_2,HOUSEHOLD,270,0.1391035548686238,0,88.0473982483256,232,2.4791649048625795
HOUSEHOLD_2_092,HOUSEHOLD_2,HOUSEHOLD,270,0.13910355486862389,0,88.0473982483256,232,5.94
HOUSEHOLD_2_242,HOUSEHOLD_2,HOUSEHOLD,270,0.1391035548686234,0,88.09891808346212,231,13.11887171561051
FOODS_2_292,FOODS_2,FOODS,269,0.13858835651725804,0,90.31427099433283,188,3.1026821192052982
HOBBIES_1_035,HOBBIES_1,HOBBIES,269,0.13858835651725912,0,88.15043791859866,230,2.0217179630665947
HOBBIES_1_051,HOBBIES_1,HOBBIES,269,0.138588356517258,0,87.94435857805254,234,5.98
HOUSEHOLD_2_478,HOUSEHOLD_2,HOUSEHOLD,269,0.13858835651725832,0,87.99587841318908,233,4.94
FOODS_3_371,FOODS_3,FOODS,267,0.1375579598145279,0,90.46883049974241,185,2.5
HOBBIES_1_095,HOBBIES_1,HOBBIES,267,0.13755795981452806,0,88.4080370942813,225,7.68
HOBBIES_1_299,HOBBIES_1,HOBBIES,267,0.13755795981452792,0,90.98402885110768,175,1.27
HOBBIES_2_112,HOBBIES_2,HOBBIES,266,0.137042761463163,0,88.9747552807831,214,2.3329572385368404
FOODS_3_436,FOODS_3,FOODS,265,0.13652756311179795,0,91.29314786192684,169,2.477702909647779
HOUSEHOLD_1_150,HOUSEHOLD_1,HOUSEHOLD,265,0.13652756311179795,0,87.89283874291603,235,12.206173800259403
FOODS_3_165,FOODS_3,FOODS,264,0.13601236476043296,0,89.18083462132921,210,3.748572900566718
HOBBIES_1_162,HOBBIES_1,HOBBIES,264,0.13601236476043296,0,89.64451313755795,201,3.98
HOUSEHOLD_2_121,HOUSEHOLD_2,HOUSEHOLD,264,0.136012364760433,0,88.56259659969088,222,1.9583917396745931
HOUSEHOLD_2_188,HOUSEHOLD_2,HOUSEHOLD,264,0.13601236476043296,0,88.87171561051005,216,7.245031446540881
HOBBIES_2_058,HOBBIES_2,HOBBIES,263,0.135497166409068,0,90.36579082946935,187,0.5
HOUSEHOLD_2_393,HOUSEHOLD_2,HOUSEHOLD,263,0.13549716640906775,0,89.12931478619268,211,5.3318557239937325
FOODS_2_048,FOODS_2,FOODS,262,0.13498196805770304,0,89.48995363214837,204,7.970348258706467
FOODS_2_259,FOODS_2,FOODS,262,0.13498196805770293,0,89.18083462132921,210,3.662450980392157
HOBBIES_2_144,HOBBIES_2,HOBBIES,262,0.13498196805770304,0,90.1081916537867,192,0.5302521739130436
HOUSEHOLD_2_058,HOUSEHOLD_2,HOUSEHOLD,262,0.13498196805770293,0,88.4080370942813,225,9.97
HOUSEHOLD_2_243,HOUSEHOLD_2,HOUSEHOLD,262,0.1349819680577025,0,87.63523956723338,240,2.5826017516743947
HOBBIES_1_125,HOBBIES_1,HOBBIES,261,0.13446676970633803,0,91.13858835651726,172,11.750467836257311
HOBBIES_1_322,HOBBIES_1,HOBBIES,261,0.13446676970633786,0,87.89283874291603,235,3.97
FOODS_2_017,FOODS_2,FOODS,260,0.13395157135497301,0,90.98402885110768,175,3.7279166666666663
HOBBIES_2_072,HOBBIES_2,HOBBIES,260,0.13395157135497265,0,89.07779495105615,212,7.225978742249779
HOUSEHOLD_1_250,HOUSEHOLD_1,HOUSEHOLD,260,0.13395157135497293,0,88.9747552807831,214,2.68
HOUSEHOLD_1_476,HOUSEHOLD_1,HOUSEHOLD,260,0.13395157135497301,0,90.57187017001546,183,4.84
HOUSEHOLD_1_139,HOUSEHOLD_1,HOUSEHOLD,259,0.13343637300360753,0,89.23235445646573,209,4.98
HOUSEHOLD_2_103,HOUSEHOLD_2,HOUSEHOLD,259,0.1334363730036074,0,89.59299330242143,202,1.9719461883408071
FOODS_2_226,FOODS_2,FOODS,258,0.13292117465224262,0,88.92323544564658,215,7.526610429447857
HOBBIES_1_307,HOBBIES_1,HOBBIES,258,0.1329211746522421,0,87.73827923750645,238,3.97
HOUSEHOLD_2_253,HOUSEHOLD_2,HOUSEHOLD,258,0.13292117465224118,0,87.99587841318908,233,5.86421327757449
HOBBIES_2_019,HOBBIES_2,HOBBIES,256,0.13189077794951232,0,89.5414734672849,203,3.37
FOODS_2_345,FOODS_2,FOODS,255,0.13137557959814766,0,90.00515198351366,194,7.974255765199161
FOODS_3_690,FOODS_3,FOODS,255,0.13137557959814786,0,90.41731066460588,186,9.98
HOUSEHOLD_2_227,HOUSEHOLD_2,HOUSEHOLD,255,0.13137557959814494,0,89.64451313755795,201,3.9608655332302947
HOBBIES_1_045,HOBBIES_1,HOBBIES,253,0.13034518289541644,0,91.03554868624421,174,10.58
HOUSEHOLD_2_436,HOUSEHOLD_2,HOUSEHOLD,253,0.1303451828954133,0,89.69603297269448,200,1.9593939393939392
HOUSEHOLD_1_335,HOUSEHOLD_1,HOUSEHOLD,252,0.12982998454404865,0,89.48995363214837,204,8.990412744388124
HOUSEHOLD_1_022,HOUSEHOLD_1,HOUSEHOLD,251,0.12931478619268674,0,91.75682637815558,160,4.84
HOUSEHOLD_2_333,HOUSEHOLD_2,HOUSEHOLD,251,0.12931478619268308,0,89.5414734672849,203,4.98392
HOBBIES_2_074,HOBBIES_2,HOBBIES,250,0.1287995878413192,0,89.85059247810408,197,3.97
HOBBIES_2_092,HOBBIES_2,HOBBIES,250,0.12879958784131815,0,89.95363214837712,195,4.97
HOUSEHOLD_2_190,HOUSEHOLD_2,HOUSEHOLD,250,0.12879958784131906,0,92.3235445646574,149,0.8952168949771692
FOODS_2_168,FOODS_2,FOODS,249,0.12828438948995646,0,90.05667181865019,193,3.946438356164384
HOBBIES_1_422,HOBBIES_1,HOBBIES,249,0.1282843894899538,0,89.74755280783101,199,3.4009119010819138
HOBBIES_2_039,HOBBIES_2,HOBBIES,249,0.12828438948995385,0,89.12931478619268,211,4.962787223080886
HOBBIES_1_365,HOBBIES_1,HOBBIES,248,0.1277691911385884,0,88.61411643482741,221,3.97
HOBBIES_1_304,HOBBIES_1,HOBBIES,247,0.1272539927872229,0,89.02627511591963,213,3.969613601236476
HOBBIES_2_045,HOBBIES_2,HOBBIES,247,0.1272539927872259,0,89.90211231324061,196,2.747072442120988
FOODS_1_160,FOODS_1,FOODS,246,0.12673879443586158,0,90.98402885110768,175,2.24
HOBBIES_1_401,HOBBIES_1,HOBBIES,245,0.12622359608449607,0,90.26275115919628,189,1.97
HOUSEHOLD_2_274,HOUSEHOLD_2,HOUSEHOLD,245,0.1262235960844926,0,89.69603297269448,200,5.98
HOUSEHOLD_2_387,HOUSEHOLD_2,HOUSEHOLD,245,0.12622359608449307,0,90.05667181865019,193,5.829241034195162
FOODS_3_111,FOODS_3,FOODS,244,0.12570839773313014,0,91.65378670788253,162,4.98
FOODS_2_246,FOODS_2,FOODS,243,0.12519319938176648,0,92.68418341061309,142,2.18
HOBBIES_2_062,HOBBIES_2,HOBBIES,243,0.12519319938176188,0,88.82019577537352,217,5.6998603929679454
HOUSEHOLD_2_158,HOUSEHOLD_2,HOUSEHOLD,243,0.12519319938176188,0,89.07779495105615,212,11.44922158796056
HOUSEHOLD_2_164,HOUSEHOLD_2,HOUSEHOLD,243,0.12519319938176493,0,90.36579082946935,187,8.47
HOUSEHOLD_2_459,HOUSEHOLD_2,HOUSEHOLD,243,0.125193199381766,0,89.95363214837712,195,18.788056537102477
HOBBIES_1_284,HOBBIES_1,HOBBIES,242,0.1246780010303969,0,88.61411643482741,221,4.88
HOUSEHOLD_2_360,HOUSEHOLD_2,HOUSEHOLD,242,0.12467800103039467,0,90.77794951056156,179,7.97
HOUSEHOLD_2_413,HOUSEHOLD_2,HOUSEHOLD,242,0.12467800103039518,0,90.1081916537867,192,3.68
HOUSEHOLD_2_091,HOUSEHOLD_2,HOUSEHOLD,240,0.12364760432766676,0,88.9747552807831,214,8.736501064584816
FOODS_2_159,FOODS_2,FOODS,239,0.12313240597629965,0,90.21123132405975,190,3.958612862547289
HOBBIES_1_314,HOBBIES_1,HOBBIES,239,0.12313240597630146,0,89.3353941267388,207,3.97
HOUSEHOLD_1_423,HOUSEHOLD_1,HOUSEHOLD,239,0.12313240597630008,0,92.63266357547656,143,2.961812949640288
HOBBIES_1_311,HOBBIES_1,HOBBIES,238,0.12261720762493418,0,90.1081916537867,192,16.369011553273424
HOUSEHOLD_1_210,HOUSEHOLD_1,HOUSEHOLD,237,0.12210200927356984,0,90.77794951056156,179,4.661624999999999
HOBBIES_2_123,HOBBIES_2,HOBBIES,236,0.12158681092220629,0,89.74755280783101,199,0.5379495686794954
HOUSEHOLD_2_138,HOUSEHOLD_2,HOUSEHOLD,236,0.12158681092220484,0,90.05667181865019,193,5.881540847983452
HOUSEHOLD_2_258,HOUSEHOLD_2,HOUSEHOLD,236,0.12158681092220402,0,89.48995363214837,204,3.9793411175979982
HOBBIES_1_214,HOBBIES_1,HOBBIES,235,0.12107161257083975,0,89.5414734672849,203,9.829216398546965
HOBBIES_1_325,HOBBIES_1,HOBBIES,235,0.12107161257083947,0,89.64451313755795,201,6.44
HOBBIES_2_020,HOBBIES_2,HOBBIES,235,0.12107161257084044,0,89.28387429160227,208,3.76790589451913
HOBBIES_2_101,HOBBIES_2,HOBBIES,235,0.12107161257083784,0,90.62339000515198,182,0.5279066666666667
HOUSEHOLD_2_493,HOUSEHOLD_2,HOUSEHOLD,235,0.12107161257084026,0,90.21123132405975,190,1.94
HOBBIES_2_110,HOBBIES_2,HOBBIES,234,0.12055641421947468,0,92.27202472952087,150,5.97
HOUSEHOLD_2_481,HOUSEHOLD_2,HOUSEHOLD,234,0.12055641421947459,0,89.79907264296754,198,7.97
FOODS_2_129,FOODS_2,FOODS,233,0.12004121586811088,0,89.5414734672849,203,9.54
HOUSEHOLD_1_092,HOUSEHOLD_1,HOUSEHOLD,233,0.12004121586810919,0,91.85986604842864,158,1.6868382764409624
HOUSEHOLD_2_180,HOUSEHOLD_2,HOUSEHOLD,233,0.12004121586810841,0,92.06594538897475,154,2.84
HOUSEHOLD_1_435,HOUSEHOLD_1,HOUSEHOLD,232,0.1195260175167429,0,90.21123132405975,190,7.943228941684665
HOBBIES_1_230,HOBBIES_1,HOBBIES,231,0.1190108191653776,0,88.9747552807831,214,4.48
FOODS_2_057,FOODS_2,FOODS,229,0.1179804224626473,0,90.46883049974241,185,3.945752688172043
HOUSEHOLD_1_187,HOUSEHOLD_1,HOUSEHOLD,229,0.1179804224626495,0,90.62339000515198,182,6.502417153996102
HOBBIES_1_188,HOBBIES_1,HOBBIES,228,0.11746522411128119,0,90.05667181865019,193,12.88
HOUSEHOLD_2_085,HOUSEHOLD_2,HOUSEHOLD,228,0.11746522411128214,0,89.90211231324061,196,7.94
HOUSEHOLD_2_418,HOUSEHOLD_2,HOUSEHOLD,228,0.1174652241112842,0,92.3235445646574,149,2.78
HOBBIES_1_102,HOBBIES_1,HOBBIES,227,0.116950025759917,0,89.48995363214837,204,4.98
HOBBIES_2_128,HOBBIES_2,HOBBIES,227,0.11695002575991734,0,90.88098918083463,177,4.497563111798036
HOBBIES_2_146,HOBBIES_2,HOBBIES,227,0.11695002575991809,0,90.26275115919628,189,1.97
FOODS_1_159,FOODS_1,FOODS,226,0.11643482740855078,0,90.88098918083463,177,4.717280453257789
HOBBIES_2_008,HOBBIES_2,HOBBIES,226,0.11643482740855189,0,89.43843379701185,205,3.7851553449183797
HOUSEHOLD_2_174,HOUSEHOLD_2,HOUSEHOLD,226,0.11643482740855153,0,89.38691396187532,206,3.97
HOUSEHOLD_2_290,HOUSEHOLD_2,HOUSEHOLD,226,0.11643482740855093,0,89.28387429160227,208,6.24
FOODS_3_171,FOODS_3,FOODS,225,0.11591962905718667,0,90.52035033487893,184,2.48
HOUSEHOLD_2_460,HOUSEHOLD_2,HOUSEHOLD,225,0.11591962905718671,0,89.79907264296754,198,5.947368421052632
HOBBIES_1_294,HOBBIES_1,HOBBIES,223,0.11488923235445579,0,90.36579082946935,187,3.88
HOBBIES_2_005,HOBBIES_2,HOBBIES,222,0.11437403400309079,0,89.79907264296754,198,4.47
FOODS_3_471,FOODS_3,FOODS,221,0.11385883565172579,0,91.44770736733643,166,2.5
HOBBIES_2_125,HOBBIES_2,HOBBIES,220,0.1133436373003608,0,89.95363214837712,195,0.9622428666224287
HOUSEHOLD_2_094,HOUSEHOLD_2,HOUSEHOLD,220,0.11334363730036079,0,89.74755280783101,199,5.94
HOBBIES_1_229,HOBBIES_1,HOBBIES,219,0.11282843894899572,0,91.91138588356517,157,6.47
HOBBIES_1_389,HOBBIES_1,HOBBIES,219,0.11282843894899583,0,90.31427099433283,188,11.868719806763284
HOBBIES_2_054,HOBBIES_2,HOBBIES,219,0.11282843894899582,0,90.31427099433283,188,4.441213463241808
HOUSEHOLD_1_209,HOUSEHOLD_1,HOUSEHOLD,219,0.11282843894899387,0,92.52962390520351,145,3.5447457627118646
FOODS_2_090,FOODS_2,FOODS,218,0.11231324059763087,0,92.01442555383824,155,8.96
HOBBIES_1_138,HOBBIES_1,HOBBIES,218,0.11231324059763043,0,90.6749098402885,181,5.88
HOBBIES_1_283,HOBBIES_1,HOBBIES,218,0.11231324059762711,0,91.49922720247295,165,10.98
HOUSEHOLD_1_163,HOUSEHOLD_1,HOUSEHOLD,216,0.11128284389490072,0,91.3961875321999,167,9.98
HOUSEHOLD_2_112,HOUSEHOLD_2,HOUSEHOLD,216,0.11128284389489998,0,90.21123132405975,190,3.97
HOUSEHOLD_2_364,HOUSEHOLD_2,HOUSEHOLD,216,0.1112828438949008,0,91.13858835651726,172,5.68
HOUSEHOLD_2_432,HOUSEHOLD_2,HOUSEHOLD,216,0.1112828438949003,0,91.13858835651726,172,5.46866844207723
HOBBIES_2_104,HOBBIES_2,HOBBIES,215,0.11076764554353542,0,90.62339000515198,182,2.97
HOUSEHOLD_2_210,HOUSEHOLD_2,HOUSEHOLD,215,0.1107676455435342,0,90.62339000515198,182,8.94790522347873
FOODS_3_737,FOODS_3,FOODS,214,0.11025244719217023,0,91.60226687274601,163,3.48
HOBBIES_2_087,HOBBIES_2,HOBBIES,214,0.1102524471921703,0,91.44770736733643,166,0.97
HOUSEHOLD_2_020,HOUSEHOLD_2,HOUSEHOLD,214,0.1102524471921703,0,91.19010819165379,171,8.47
HOBBIES_2_049,HOBBIES_2,HOBBIES,213,0.10973724884080377,0,90.72642967542504,180,2.7659565667011377
HOBBIES_2_044,HOBBIES_2,HOBBIES,212,0.10922205048943964,0,89.74755280783101,199,4.47
HOUSEHOLD_2_017,HOUSEHOLD_2,HOUSEHOLD,212,0.10922205048943856,0,92.22050489438433,151,3.72
HOUSEHOLD_2_204,HOUSEHOLD_2,HOUSEHOLD,212,0.10922205048943814,0,90.15971148892324,191,12.97
FOODS_3_466,FOODS_3,FOODS,210,0.10819165378670703,0,93.14786192684184,133,3.78
HOBBIES_1_396,HOBBIES_1,HOBBIES,210,0.10819165378670817,0,91.19010819165379,171,1.88
HOUSEHOLD_2_211,HOUSEHOLD_2,HOUSEHOLD,210,0.10819165378670777,0,90.21123132405975,190,19.99269448737764
FOODS_2_046,FOODS_2,FOODS,209,0.10767645543534264,0,91.60226687274601,163,3.8830860534124625
HOUSEHOLD_2_277,HOUSEHOLD_2,HOUSEHOLD,209,0.10767645543534161,0,91.03554868624421,174,3.33
HOBBIES_1_217,HOBBIES_1,HOBBIES,208,0.1071612570839764,0,90.21123132405975,190,3.47
HOUSEHOLD_2_414,HOUSEHOLD_2,HOUSEHOLD,208,0.1071612570839774,0,91.75682637815558,160,5.916122994652406
HOBBIES_1_362,HOBBIES_1,HOBBIES,207,0.10664605873261253,0,91.60226687274601,163,9.86881698685541
HOBBIES_1_385,HOBBIES_1,HOBBIES,206,0.1061308603812476,0,92.27202472952087,150,9.97
HOUSEHOLD_2_080,HOUSEHOLD_2,HOUSEHOLD,206,0.10613086038124803,0,92.01442555383824,155,8.98
HOUSEHOLD_2_114,HOUSEHOLD_2,HOUSEHOLD,206,0.10613086038124825,0,91.91138588356517,157,5.94
HOUSEHOLD_1_274,HOUSEHOLD_1,HOUSEHOLD,204,0.10510046367851571,0,92.47810407006698,146,4.94
HOUSEHOLD_2_276,HOUSEHOLD_2,HOUSEHOLD,204,0.10510046367851482,0,90.82946934569809,178,5.47
FOODS_3_443,FOODS_3,FOODS,203,0.10458526532715186,0,92.47810407006698,146,2.5
HOBBIES_1_104,HOBBIES_1,HOBBIES,203,0.10458526532715294,0,90.6749098402885,181,23.98
HOBBIES_1_112,HOBBIES_1,HOBBIES,203,0.10458526532715086,0,91.24162802679031,170,2.676979166666666
HOBBIES_1_135,HOBBIES_1,HOBBIES,203,0.1045852653271529,0,90.93250901597115,176,20.38
HOUSEHOLD_1_054,HOUSEHOLD_1,HOUSEHOLD,203,0.10458526532715201,0,91.19010819165379,171,3.92
FOODS_3_284,FOODS_3,FOODS,202,0.10407006697578826,0,91.65378670788253,162,1.98
HOBBIES_2_109,HOBBIES_2,HOBBIES,202,0.10407006697578684,0,91.55074703760948,164,0.97
HOUSEHOLD_1_098,HOUSEHOLD_1,HOUSEHOLD,202,0.10407006697578687,0,91.9629057187017,156,7.98
HOUSEHOLD_1_237,HOUSEHOLD_1,HOUSEHOLD,202,0.10407006697578848,0,92.42658423493046,147,5.88
HOBBIES_1_054,HOBBIES_1,HOBBIES,201,0.10355486862442319,0,90.98402885110768,175,2.97
HOUSEHOLD_2_162,HOUSEHOLD_2,HOUSEHOLD,201,0.10355486862442034,0,93.04482225656878,135,3.97
HOUSEHOLD_2_420,HOUSEHOLD_2,HOUSEHOLD,200,0.10303967027305488,0,91.75682637815558,160,5.650623003194888
FOODS_1_164,FOODS_1,FOODS,199,0.1025244719216897,0,93.56002060793406,125,5.361784975878704
HOUSEHOLD_2_067,HOUSEHOLD_2,HOUSEHOLD,199,0.10252447192169042,0,94.12673879443587,114,0.97
FOODS_3_512,FOODS_3,FOODS,198,0.10200927357032144,0,92.22050489438433,151,1.98
HOBBIES_1_039,HOBBIES_1,HOBBIES,198,0.10200927357032473,0,91.19010819165379,171,5.88
HOBBIES_1_205,HOBBIES_1,HOBBIES,198,0.10200927357032473,0,90.72642967542504,180,5.88
HOBBIES_1_245,HOBBIES_1,HOBBIES,197,0.10149407521895903,0,90.93250901597115,176,4.97
HOUSEHOLD_2_429,HOUSEHOLD_2,HOUSEHOLD,197,0.10149407521895945,0,91.13858835651726,172,6.029582689335395
HOBBIES_2_118,HOBBIES_2,HOBBIES,196,0.10097887686759417,0,91.9629057187017,156,3.97
FOODS_2_252,FOODS_2,FOODS,194,0.099948480164861,0,94.43585780525503,108,3.913838951310862
HOUSEHOLD_1_526,HOUSEHOLD_1,HOUSEHOLD,194,0.09994848016486046,0,92.83874291602267,139,4.94
HOUSEHOLD_2_006,HOUSEHOLD_2,HOUSEHOLD,194,0.09994848016486339,0,91.03554868624421,174,3.662927597061909
HOBBIES_1_267,HOBBIES_1,HOBBIES,193,0.09943328181349893,0,91.60226687274601,163,2.88
HOBBIES_2_132,HOBBIES_2,HOBBIES,193,0.09943328181349548,0,95.62081401339516,85,2.88
HOUSEHOLD_2_415,HOUSEHOLD_2,HOUSEHOLD,193,0.09943328181349825,0,91.44770736733643,166,2.4799045092838194
HOBBIES_1_219,HOBBIES_1,HOBBIES,192,0.09891808346213185,0,92.01442555383824,155,1.74
HOBBIES_2_016,HOBBIES_2,HOBBIES,192,0.09891808346213227,0,91.29314786192684,169,4.97
HOBBIES_2_139,HOBBIES_2,HOBBIES,192,0.098918083462133,0,91.03554868624421,174,4.97
HOUSEHOLD_1_286,HOUSEHOLD_1,HOUSEHOLD,192,0.09891808346213037,0,92.78722308088614,140,4.93
HOUSEHOLD_1_512,HOUSEHOLD_1,HOUSEHOLD,192,0.09891808346213023,0,93.04482225656878,135,1.87
FOODS_2_073,FOODS_2,FOODS,191,0.09840288511076564,0,92.06594538897475,154,5.98
HOBBIES_1_113,HOBBIES_1,HOBBIES,191,0.09840288511076645,0,92.27202472952087,150,1.47
HOBBIES_2_038,HOBBIES_2,HOBBIES,191,0.09840288511076603,0,92.52962390520351,145,0.97
HOUSEHOLD_1_308,HOUSEHOLD_1,HOUSEHOLD,190,0.09788768675940021,0,92.47810407006698,146,6.94
HOUSEHOLD_2_066,HOUSEHOLD_2,HOUSEHOLD,190,0.09788768675940061,0,92.22050489438433,151,6.94
HOUSEHOLD_2_147,HOUSEHOLD_2,HOUSEHOLD,190,0.0978876867594022,0,90.98402885110768,175,3.97
HOUSEHOLD_2_134,HOUSEHOLD_2,HOUSEHOLD,189,0.09737248840803689,0,91.03554868624421,174,5.94
HOBBIES_2_034,HOBBIES_2,HOBBIES,188,0.09685729005667272,0,92.06594538897475,154,2.7648892323544545
HOBBIES_2_080,HOBBIES_2,HOBBIES,188,0.09685729005667175,0,91.08706852138073,173,3.9817269906928647
HOBBIES_2_056,HOBBIES_2,HOBBIES,187,0.096342091705306665,0,91.91138588356517,157,3.353632148377127
FOODS_2_337,FOODS_2,FOODS,186,0.09582689335394066,0,91.9629057187017,156,6.372429378531073
FOODS_3_022,FOODS_3,FOODS,186,0.09582689335393899,0,91.70530654301906,161,1.98
HOUSEHOLD_2_419,HOUSEHOLD_2,HOUSEHOLD,186,0.09582689335393901,0,91.75682637815558,160,5.464742990654205
HOBBIES_2_001,HOBBIES_2,HOBBIES,183,0.0942812982998455,0,91.34466769706336,168,5.653925811437402
HOBBIES_2_066,HOBBIES_2,HOBBIES,183,0.09428129829984525,0,92.16898505924782,152,4.962572944297082
HOBBIES_2_067,HOBBIES_2,HOBBIES,183,0.09428129829984389,0,92.78722308088614,140,2.97
HOUSEHOLD_1_242,HOUSEHOLD_1,HOUSEHOLD,183,0.09428129829984393,0,92.89026275115918,138,4.88
HOUSEHOLD_1_297,HOUSEHOLD_1,HOUSEHOLD,183,0.0942812982998449,0,93.19938176197836,132,7.9990233315246915
HOBBIES_2_071,HOBBIES_2,HOBBIES,182,0.09376609994847919,0,92.73570324574962,141,0.97
HOUSEHOLD_1_323,HOUSEHOLD_1,HOUSEHOLD,180,0.09273570324574977,0,92.16898505924782,152,5.07314374353671
HOUSEHOLD_2_428,HOUSEHOLD_2,HOUSEHOLD,179,0.09222050489438395,0,91.3961875321999,167,7.94
HOUSEHOLD_2_458,HOUSEHOLD_2,HOUSEHOLD,179,0.0922205048943837,0,92.37506439979391,148,3.9792772585669782
FOODS_2_239,FOODS_2,FOODS,178,0.09170530654301863,0,92.37506439979391,148,13.456512000000004
HOUSEHOLD_1_060,HOUSEHOLD_1,HOUSEHOLD,178,0.09170530654301866,0,91.85986604842864,158,29.92148514851485
HOUSEHOLD_2_503,HOUSEHOLD_2,HOUSEHOLD,178,0.09170530654301895,0,91.34466769706336,168,6.83902112313241
FOODS_2_354,FOODS_2,FOODS,177,0.09119010819165363,0,92.94178258629573,137,4.999043151969982
HOBBIES_2_050,HOBBIES_2,HOBBIES,177,0.09119010819165363,0,92.37506439979391,148,1.97
HOUSEHOLD_2_456,HOUSEHOLD_2,HOUSEHOLD,177,0.09119010819165366,0,91.75682637815558,160,8.76594538897476
FOODS_2_254,FOODS_2,FOODS,176,0.09067490984028866,0,92.63266357547656,143,6.3670879478827365
HOBBIES_2_095,HOBBIES_2,HOBBIES,176,0.09067490984028866,0,93.56002060793406,125,0.88
HOUSEHOLD_2_065,HOUSEHOLD_2,HOUSEHOLD,176,0.09067490984028866,0,91.91138588356517,157,5.47
HOUSEHOLD_2_077,HOUSEHOLD_2,HOUSEHOLD,176,0.09067490984028866,0,92.52962390520351,145,4.302881072026805
HOBBIES_2_070,HOBBIES_2,HOBBIES,175,0.09015971148892363,0,93.30242143225142,130,9.97
HOBBIES_2_114,HOBBIES_2,HOBBIES,175,0.09015971148892367,0,93.40546110252447,128,2.0542245989304813
HOUSEHOLD_1_116,HOUSEHOLD_1,HOUSEHOLD,175,0.09015971148892366,0,93.50850077279753,126,2.9503561253561257
HOUSEHOLD_2_034,HOUSEHOLD_2,HOUSEHOLD,173,0.0891293147861926,0,92.37506439979391,148,11.32691911385884
FOODS_3_601,FOODS_3,FOODS,171,0.08809891808346361,0,92.89026275115918,138,1.98
HOBBIES_1_359,HOBBIES_1,HOBBIES,171,0.08809891808346346,0,92.42658423493046,147,1.466780128794848
HOBBIES_1_070,HOBBIES_1,HOBBIES,170,0.08758371973209701,0,92.27202472952087,150,5.88
FOODS_2_256,FOODS_2,FOODS,168,0.08655332302936677,0,94.28129829984545,111,5.69608979000724
HOBBIES_1_065,HOBBIES_1,HOBBIES,167,0.08603812467800108,0,92.06594538897475,154,4.88
HOBBIES_2_135,HOBBIES_2,HOBBIES,166,0.08552292632663583,0,93.14786192684184,133,0.5376600000000004
FOODS_3_338,FOODS_3,FOODS,165,0.08500772797527047,0,93.456980937661,127,3.68
HOBBIES_1_053,HOBBIES_1,HOBBIES,165,0.08500772797526955,0,94.79649665121072,101,3.97
HOBBIES_1_269,HOBBIES_1,HOBBIES,165,0.08500772797527123,0,94.22977846470891,112,11.750750988142293
HOUSEHOLD_1_502,HOUSEHOLD_1,HOUSEHOLD,165,0.08500772797527062,0,93.25090159711489,131,4.146700000000001
HOUSEHOLD_2_504,HOUSEHOLD_2,HOUSEHOLD,165,0.08500772797527056,0,92.73570324574962,141,1.9542302878598248
HOBBIES_2_073,HOBBIES_2,HOBBIES,164,0.08449252962390531,0,92.78722308088614,140,0.53706702057067
HOUSEHOLD_1_402,HOUSEHOLD_1,HOUSEHOLD,163,0.08397733127254173,0,93.86913961875322,119,6.97
HOUSEHOLD_2_463,HOUSEHOLD_2,HOUSEHOLD,162,0.0834621329211764,0,93.25090159711489,131,5.47
HOBBIES_2_030,HOBBIES_2,HOBBIES,161,0.08294693456980978,0,93.09634209170531,134,0.9550904219691896
HOUSEHOLD_2_073,HOUSEHOLD_2,HOUSEHOLD,159,0.08191653786707782,0,92.3235445646574,149,20.46732565579015
HOUSEHOLD_1_216,HOUSEHOLD_1,HOUSEHOLD,158,0.08140133951571549,0,93.04482225656878,135,11.97
HOUSEHOLD_2_026,HOUSEHOLD_2,HOUSEHOLD,158,0.08140133951571271,0,92.47810407006698,146,3.9333763945977682
FOODS_3_472,FOODS_3,FOODS,157,0.08088614116435065,0,95.00257599175683,97,1.97
HOUSEHOLD_2_430,HOUSEHOLD_2,HOUSEHOLD,157,0.08088614116434786,0,92.68418341061309,142,3.97
HOUSEHOLD_2_157,HOUSEHOLD_2,HOUSEHOLD,156,0.08037094281298422,0,92.78722308088614,140,5.47
FOODS_2_071,FOODS_2,FOODS,155,0.07985574446162132,0,94.3843379701185,109,4.48
HOBBIES_2_013,HOBBIES_2,HOBBIES,155,0.07985574446161754,0,92.83874291602267,139,7.123632148377124
HOBBIES_1_272,HOBBIES_1,HOBBIES,154,0.07934054611025257,0,92.78722308088614,140,8.44
HOBBIES_2_065,HOBBIES_2,HOBBIES,154,0.07934054611025053,0,93.456980937661,127,0.5
HOUSEHOLD_2_097,HOUSEHOLD_2,HOUSEHOLD,154,0.07934054611025257,0,92.94178258629573,137,5.48
HOUSEHOLD_2_101,HOUSEHOLD_2,HOUSEHOLD,154,0.0793405461102504,0,93.66306027820711,123,4.49
HOUSEHOLD_2_141,HOUSEHOLD_2,HOUSEHOLD,154,0.07934054611025257,0,92.63266357547656,143,4.91577981651376
HOUSEHOLD_2_307,HOUSEHOLD_2,HOUSEHOLD,154,0.07934054611025103,0,93.81761978361669,120,5.98
HOUSEHOLD_2_448,HOUSEHOLD_2,HOUSEHOLD,154,0.07934054611025014,0,93.61154044307058,124,4.9303133903133896
HOUSEHOLD_2_502,HOUSEHOLD_2,HOUSEHOLD,153,0.07882534775888743,0,92.89026275115918,138,8.765548686244205
HOBBIES_2_064,HOBBIES_2,HOBBIES,152,0.07831014940752261,0,93.61154044307058,124,0.97
HOBBIES_2_127,HOBBIES_2,HOBBIES,152,0.07831014940752215,0,93.25090159711489,131,3.97
HOBBIES_2_134,HOBBIES_2,HOBBIES,152,0.07831014940752243,0,92.68418341061309,142,6.332162162162158
HOUSEHOLD_1_104,HOUSEHOLD_1,HOUSEHOLD,151,0.07779495105615668,0,93.04482225656878,135,2.97
FOODS_2_248,FOODS_2,FOODS,150,0.07727975270478944,0,95.00257599175683,97,5.98
FOODS_3_264,FOODS_3,FOODS,150,0.0772797527047891,0,95.26017516743947,92,3.98
HOBBIES_2_037,HOBBIES_2,HOBBIES,149,0.07676455435342731,0,93.40546110252447,128,0.9644260119442599
HOBBIES_1_192,HOBBIES_1,HOBBIES,148,0.07624935600206079,0,93.19938176197836,132,3.4800629590766006
HOUSEHOLD_1_159,HOUSEHOLD_1,HOUSEHOLD,148,0.07624935600205895,0,94.64193714580114,104,7.93
HOUSEHOLD_2_149,HOUSEHOLD_2,HOUSEHOLD,148,0.07624935600205973,0,93.14786192684184,133,3.9790868738110334
HOBBIES_1_107,HOBBIES_1,HOBBIES,146,0.07521895929933076,0,93.30242143225142,130,3.9799244966442955
HOBBIES_2_052,HOBBIES_2,HOBBIES,146,0.07521895929933045,0,93.19938176197836,132,2.47
HOBBIES_2_097,HOBBIES_2,HOBBIES,146,0.0752189592993297,0,95.56929417825863,86,1.9609466666666666
FOODS_3_255,FOODS_3,FOODS,145,0.0747037609479642,0,94.3843379701185,109,3.98
HOUSEHOLD_1_260,HOUSEHOLD_1,HOUSEHOLD,145,0.07470376094796605,0,93.14786192684184,133,2.97
HOUSEHOLD_2_194,HOUSEHOLD_2,HOUSEHOLD,145,0.07470376094796481,0,93.66306027820711,123,6.27
HOBBIES_1_190,HOBBIES_1,HOBBIES,144,0.07418856259660037,0,93.92065945388974,118,9.97
HOBBIES_1_011,HOBBIES_1,HOBBIES,143,0.07367336424523427,0,93.30242143225142,130,3.48
FOODS_3_798,FOODS_3,FOODS,142,0.07315816589386823,0,93.61154044307058,124,1.98
HOBBIES_2_081,HOBBIES_2,HOBBIES,141,0.07264296754250267,0,94.07521895929933,115,2.0593485915492953
HOBBIES_1_174,HOBBIES_1,HOBBIES,140,0.07212776919113871,0,93.50850077279753,126,4.88
HOUSEHOLD_2_132,HOUSEHOLD_2,HOUSEHOLD,140,0.07212776919113731,0,94.48737764039154,107,1.97
HOUSEHOLD_2_023,HOUSEHOLD_2,HOUSEHOLD,139,0.07161257083977206,0,94.64193714580114,104,3.97
HOUSEHOLD_2_330,HOUSEHOLD_2,HOUSEHOLD,139,0.07161257083977199,0,94.0236991241628,116,3.72
HOBBIES_1_402,HOBBIES_1,HOBBIES,138,0.0710973724884077,0,93.456980937661,127,9.784649933949797
HOUSEHOLD_2_372,HOUSEHOLD_2,HOUSEHOLD,138,0.07109737248840747,0,94.9510561566203,98,8.80468134414832
HOUSEHOLD_2_487,HOUSEHOLD_2,HOUSEHOLD,136,0.07006697578567665,0,94.28129829984545,111,9.870325476992145
HOBBIES_1_274,HOBBIES_1,HOBBIES,135,0.06955177743431185,0,93.92065945388974,118,9.88
HOUSEHOLD_2_397,HOUSEHOLD_2,HOUSEHOLD,135,0.06955177743431158,0,94.0236991241628,116,6.98334756618275
HOBBIES_2_055,HOBBIES_2,HOBBIES,134,0.06903657908294689,0,94.43585780525503,108,2.7727611168562567
HOUSEHOLD_2_018,HOUSEHOLD_2,HOUSEHOLD,133,0.06852138073158154,0,93.76609994848016,121,7.94
HOBBIES_2_077,HOBBIES_2,HOBBIES,132,0.06800618238021648,0,93.97217928902627,117,9.97
HOBBIES_1_285,HOBBIES_1,HOBBIES,131,0.06749098402885141,0,94.12673879443587,114,10.88
HOBBIES_2_025,HOBBIES_2,HOBBIES,130,0.0669757856774865,0,94.33281813498196,110,0.5
HOUSEHOLD_2_469,HOUSEHOLD_2,HOUSEHOLD,130,0.0669757856774865,0,93.97217928902627,117,2.959154929577465
HOBBIES_2_047,HOBBIES_2,HOBBIES,129,0.06646058732612133,0,94.64193714580114,104,0.5310563380281691
HOUSEHOLD_2_130,HOUSEHOLD_2,HOUSEHOLD,129,0.06646058732612137,0,94.5904173106646,105,7.97
FOODS_1_022,FOODS_1,FOODS,128,0.06594538897475606,0,94.33281813498196,110,4.598271954674221
HOBBIES_1_052,HOBBIES_1,HOBBIES,127,0.06543019062339119,0,94.07521895929933,115,5.88
HOBBIES_1_136,HOBBIES_1,HOBBIES,127,0.06543019062339069,0,93.81761978361669,120,4.88
FOODS_1_098,FOODS_1,FOODS,126,0.06491499227202592,0,95.26017516743947,92,4.562967914438502
FOODS_3_595,FOODS_3,FOODS,126,0.06491499227202605,0,96.75425038639877,63,1.98
HOUSEHOLD_2_446,HOUSEHOLD_2,HOUSEHOLD,126,0.06491499227202492,0,93.92065945388974,118,25.060145303580693
HOBBIES_1_181,HOBBIES_1,HOBBIES,125,0.0643997939206606,0,94.22977846470891,112,1.97
HOBBIES_1_191,HOBBIES_1,HOBBIES,125,0.06439979392066056,0,94.69345698093767,103,8.899287531806618
HOBBIES_1_212,HOBBIES_1,HOBBIES,125,0.06439979392065943,0,94.0236991241628,116,7.4526458333333325
HOUSEHOLD_2_412,HOUSEHOLD_2,HOUSEHOLD,125,0.06439979392065934,0,94.17825862957238,113,6.029582689335395
HOUSEHOLD_1_258,HOUSEHOLD_1,HOUSEHOLD,124,0.0638845955692953,0,94.0236991241628,116,2.97
FOODS_3_220,FOODS_3,FOODS,123,0.06336939721793042,0,94.79649665121072,101,3.2257705677867907
HOBBIES_2_012,HOBBIES_2,HOBBIES,123,0.06336939721793042,0,94.84801648634725,100,1.97
HOBBIES_2_014,HOBBIES_2,HOBBIES,123,0.06336939721793053,0,95.36321483771252,90,0.97
HOBBIES_1_062,HOBBIES_1,HOBBIES,121,0.06233900051519666,0,95.41473467284905,89,0.97
HOBBIES_1_336,HOBBIES_1,HOBBIES,121,0.06233900051519845,0,94.53889747552809,106,1.88
HOBBIES_2_079,HOBBIES_2,HOBBIES,121,0.062339000515198445,0,94.43585780525503,108,2.3531772575250858
HOBBIES_2_094,HOBBIES_2,HOBBIES,121,0.06233900051519645,0,94.79649665121072,101,2.054753363228699
HOUSEHOLD_1_137,HOUSEHOLD_1,HOUSEHOLD,121,0.0623390005151983,0,94.74497681607419,102,12.98
HOUSEHOLD_2_151,HOUSEHOLD_2,HOUSEHOLD,121,0.06233900051519801,0,95.15713549716641,94,4.44
HOUSEHOLD_2_358,HOUSEHOLD_2,HOUSEHOLD,121,0.06233900051519672,0,94.64193714580114,104,4.97
FOODS_2_117,FOODS_2,FOODS,120,0.06182380216383399,0,96.08449252962392,76,5.97
HOUSEHOLD_2_161,HOUSEHOLD_2,HOUSEHOLD,120,0.061823802163832785,0,94.22977846470891,112,10.97
HOUSEHOLD_2_381,HOUSEHOLD_2,HOUSEHOLD,120,0.0618238021638315,0,94.5904173106646,105,5.9246491228070175
HOUSEHOLD_2_192,HOUSEHOLD_2,HOUSEHOLD,119,0.06130860381246805,0,94.43585780525503,108,1.9588785046728971
HOUSEHOLD_2_515,HOUSEHOLD_2,HOUSEHOLD,119,0.06130860381246716,0,94.79649665121072,101,1.97
HOBBIES_2_031,HOBBIES_2,HOBBIES,118,0.060793405461102304,0,95.92993302421432,79,6.97
HOUSEHOLD_2_202,HOUSEHOLD_2,HOUSEHOLD,118,0.06079340546110259,0,94.43585780525503,108,8.755930548019535
HOBBIES_2_082,HOBBIES_2,HOBBIES,117,0.06027820710973719,0,95.56929417825863,86,0.88
HOUSEHOLD_1_036,HOUSEHOLD_1,HOUSEHOLD,117,0.060278207109737726,0,95.10561566202989,95,2.98
HOUSEHOLD_2_476,HOUSEHOLD_2,HOUSEHOLD,117,0.06027820710973634,0,95.00257599175683,97,3.963079615048119
HOUSEHOLD_2_040,HOUSEHOLD_2,HOUSEHOLD,115,0.05924781040700618,0,94.69345698093767,103,3.97
HOUSEHOLD_2_263,HOUSEHOLD_2,HOUSEHOLD,113,0.058217413704275356,0,95.36321483771252,90,5.47
HOBBIES_2_027,HOBBIES_2,HOBBIES,112,0.05770221535291043,0,95.5177743431221,87,2.0516143497757846
HOUSEHOLD_2_042,HOUSEHOLD_2,HOUSEHOLD,111,0.05718701700154545,0,94.5904173106646,105,4.28
HOBBIES_1_375,HOBBIES_1,HOBBIES,110,0.0566718186501804,0,94.89953632148377,99,9.86192382182053
HOBBIES_2_090,HOBBIES_2,HOBBIES,110,0.05667181865017979,0,95.5177743431221,87,1.57
HOUSEHOLD_2_057,HOUSEHOLD_2,HOUSEHOLD,110,0.056671818650178514,0,95.6723338485317,84,4.97
HOUSEHOLD_2_392,HOUSEHOLD_2,HOUSEHOLD,109,0.056156620298815435,0,94.79649665121072,101,4.97
FOODS_1_084,FOODS_1,FOODS,108,0.0556414219474503,0,95.5177743431221,87,5.4216950025759925
HOBBIES_2_086,HOBBIES_2,HOBBIES,108,0.05564142194745032,0,95.20865533230294,93,0.97
HOBBIES_2_084,HOBBIES_2,HOBBIES,107,0.055126223596085135,0,95.98145285935085,78,6.323070175438599
HOUSEHOLD_1_523,HOUSEHOLD_1,HOUSEHOLD,107,0.05512622359608429,0,95.56929417825863,86,20.48814070351759
HOUSEHOLD_2_086,HOUSEHOLD_2,HOUSEHOLD,107,0.05512622359608448,0,94.89953632148377,99,3.97
HOUSEHOLD_2_175,HOUSEHOLD_2,HOUSEHOLD,107,0.0551262235960851,0,95.5177743431221,87,5.97
FOODS_3_500,FOODS_3,FOODS,106,0.054611025244719044,0,96.39361154044308,70,2.5
HOUSEHOLD_1_496,HOUSEHOLD_1,HOUSEHOLD,105,0.05409582689335372,0,95.77537351880474,82,7.93
HOUSEHOLD_2_278,HOUSEHOLD_2,HOUSEHOLD,105,0.054095826893353884,0,95.26017516743947,92,10.992812823164426
FOODS_2_096,FOODS_2,FOODS,104,0.05358062854198922,0,95.15713549716641,94,7.962562874251497
HOBBIES_2_108,HOBBIES_2,HOBBIES,104,0.05358062854198914,0,95.36321483771252,90,2.97
HOUSEHOLD_2_005,HOUSEHOLD_2,HOUSEHOLD,104,0.0535806285419889,0,95.15713549716641,94,5.47
HOUSEHOLD_2_186,HOUSEHOLD_2,HOUSEHOLD,104,0.05358062854198819,0,95.62081401339516,85,9.98
HOUSEHOLD_2_306,HOUSEHOLD_2,HOUSEHOLD,103,0.053065430190623174,0,95.15713549716641,94,5.013281249999998
HOBBIES_2_099,HOBBIES_2,HOBBIES,100,0.051519835136529024,0,95.72385368366821,83,0.97
HOBBIES_2_035,HOBBIES_2,HOBBIES,98,0.05048943843379551,0,95.5177743431221,87,4.47
HOBBIES_2_106,HOBBIES_2,HOBBIES,98,0.05048943843379665,0,95.82689335394127,81,0.97
HOUSEHOLD_2_120,HOUSEHOLD_2,HOUSEHOLD,98,0.050489438433795594,0,95.77537351880474,82,7.94
HOBBIES_2_111,HOBBIES_2,HOBBIES,96,0.04945904173106544,0,95.87841318907779,80,3.97
FOODS_2_362,FOODS_2,FOODS,95,0.04894384337970049,0,95.87841318907779,80,7.5301282051282055
FOODS_3_350,FOODS_3,FOODS,94,0.048428645028335014,0,97.68160741885626,45,3.4270967741935485
HOUSEHOLD_2_216,HOUSEHOLD_2,HOUSEHOLD,94,0.048428645028335264,0,96.44513137557959,69,6.94
FOODS_2_209,FOODS_2,FOODS,92,0.04739824832560442,0,96.96032972694488,59,5.97
HOBBIES_2_040,HOBBIES_2,HOBBIES,92,0.04739824832560453,0,96.13601236476043,75,0.88
HOBBIES_1_018,HOBBIES_1,HOBBIES,91,0.04688304997424001,0,95.77537351880474,82,11.88
HOBBIES_2_138,HOBBIES_2,HOBBIES,89,0.045852653271509336,0,95.87841318907779,80,0.9681399468556244
HOUSEHOLD_2_060,HOUSEHOLD_2,HOUSEHOLD,88,0.04533745492014433,0,96.03297269448737,77,7.9785870889159565
HOUSEHOLD_2_396,HOUSEHOLD_2,HOUSEHOLD,88,0.04533745492014433,0,96.08449252962392,76,8.758353808353808
HOBBIES_2_021,HOBBIES_2,HOBBIES,86,0.04430705821741419,0,95.98145285935085,78,0.97
HOUSEHOLD_2_331,HOUSEHOLD_2,HOUSEHOLD,85,0.04379185986604855,0,95.77537351880474,82,3.97
HOUSEHOLD_2_027,HOUSEHOLD_2,HOUSEHOLD,84,0.04327666151468346,0,96.18753219989696,74,4.97
HOUSEHOLD_2_318,HOUSEHOLD_2,HOUSEHOLD,83,0.042761463163319045,0,95.98145285935085,78,3.97
HOUSEHOLD_2_365,HOUSEHOLD_2,HOUSEHOLD,83,0.04276146316331916,0,96.54817104585265,67,4.87
FOODS_1_079,FOODS_1,FOODS,82,0.042246264811952636,0,96.96032972694488,59,5.426687344913149
FOODS_2_379,FOODS_2,FOODS,82,0.042246264811953385,0,96.54817104585265,67,6.98
HOBBIES_2_023,HOBBIES_2,HOBBIES,81,0.041731066460588065,0,96.96032972694488,59,0.97
HOBBIES_1_302,HOBBIES_1,HOBBIES,80,0.041215868109222245,0,96.03297269448737,77,2.88
FOODS_2_390,FOODS_2,FOODS,79,0.04070066975785806,0,96.54817104585265,67,6.897394789579157
HOUSEHOLD_1_314,HOUSEHOLD_1,HOUSEHOLD,79,0.040700669757857993,0,96.54817104585265,67,7.98
HOUSEHOLD_2_087,HOUSEHOLD_2,HOUSEHOLD,76,0.03915507470376126,0,96.44513137557959,69,7.94
FOODS_3_296,FOODS_3,FOODS,70,0.03606388459556857,0,97.3724884080371,51,2
HOBBIES_2_010,HOBBIES_2,HOBBIES,70,0.036063884595568606,0,96.59969088098919,66,0.97
HOUSEHOLD_2_309,HOUSEHOLD_2,HOUSEHOLD,67,0.03451828954147334,0,96.75425038639877,63,2.4798489932885905
HOUSEHOLD_2_245,HOUSEHOLD_2,HOUSEHOLD,59,0.03039670273055113,0,97.3724884080371,51,1.97
HOBBIES_2_119,HOBBIES_2,HOBBIES,58,0.029881504379186068,0,97.06336939721793,57,3.1818470651588555
HOUSEHOLD_1_300,HOUSEHOLD_1,HOUSEHOLD,58,0.029881504379186383,0,97.47552807831015,49,4.88
HOBBIES_2_015,HOBBIES_2,HOBBIES,57,0.029366306027820307,0,97.42400824317362,50,2.6974368231046895
HOUSEHOLD_2_230,HOUSEHOLD_2,HOUSEHOLD,55,0.0283359093250902,0,97.42400824317362,50,2.4798415492957746
HOBBIES_1_026,HOBBIES_1,HOBBIES,26,0.013395157135497115,0,98.76352395672335,24,17.929357476635513
HOUSEHOLD_1_378,HOUSEHOLD_1,HOUSEHOLD,23,0.011849562081401104,0,98.8665636269964,22,22.852580645161293
